[2025-05-22T12:51:30.365+0000] {manager.py:470} INFO - Processing files using up to 2 processes at a time 
[2025-05-22T12:51:30.367+0000] {manager.py:471} INFO - Process each file at most once every 30 seconds
[2025-05-22T12:51:30.371+0000] {manager.py:472} INFO - Checking for new files in /opt/airflow/dags every 300 seconds
[2025-05-22T12:51:30.373+0000] {manager.py:737} INFO - Searching for files in /opt/airflow/dags
[2025-05-22T12:51:30.419+0000] {manager.py:740} INFO - There are 1 files in /opt/airflow/dags
[2025-05-22T12:51:31.634+0000] {manager.py:878} INFO - 
================================================================================
DAG File Processing Stats

File Path                                       PID  Runtime      # DAGs    # Errors  Last Runtime    Last Run
--------------------------------------------  -----  ---------  --------  ----------  --------------  ----------
/opt/airflow/dags/who_health_pipeline_dag.py    173  0.59s             0           0
================================================================================
[2025-05-22T12:52:02.060+0000] {manager.py:878} INFO - 
================================================================================
DAG File Processing Stats

File Path                                       PID  Runtime      # DAGs    # Errors  Last Runtime    Last Run
--------------------------------------------  -----  ---------  --------  ----------  --------------  -------------------
/opt/airflow/dags/who_health_pipeline_dag.py    180  0.05s             0           1  0.79s           2025-05-22T12:51:31
================================================================================
[2025-05-22T12:52:32.651+0000] {manager.py:878} INFO - 
================================================================================
DAG File Processing Stats

File Path                                     PID    Runtime      # DAGs    # Errors  Last Runtime    Last Run
--------------------------------------------  -----  ---------  --------  ----------  --------------  -------------------
/opt/airflow/dags/who_health_pipeline_dag.py                           0           1  0.71s           2025-05-22T12:52:02
================================================================================
[2025-05-22T12:53:03.092+0000] {manager.py:878} INFO - 
================================================================================
DAG File Processing Stats

File Path                                     PID    Runtime      # DAGs    # Errors  Last Runtime    Last Run
--------------------------------------------  -----  ---------  --------  ----------  --------------  -------------------
/opt/airflow/dags/who_health_pipeline_dag.py                           0           1  0.73s           2025-05-22T12:52:33
================================================================================
[2025-05-22T12:53:33.741+0000] {manager.py:878} INFO - 
================================================================================
DAG File Processing Stats

File Path                                     PID    Runtime      # DAGs    # Errors  Last Runtime    Last Run
--------------------------------------------  -----  ---------  --------  ----------  --------------  -------------------
/opt/airflow/dags/who_health_pipeline_dag.py                           0           1  1.15s           2025-05-22T12:53:05
================================================================================
[2025-05-22T12:54:37.038+0000] {manager.py:470} INFO - Processing files using up to 2 processes at a time 
[2025-05-22T12:54:37.066+0000] {manager.py:471} INFO - Process each file at most once every 30 seconds
[2025-05-22T12:54:37.078+0000] {manager.py:472} INFO - Checking for new files in /opt/airflow/dags every 300 seconds
[2025-05-22T12:54:37.090+0000] {manager.py:737} INFO - Searching for files in /opt/airflow/dags
[2025-05-22T12:54:37.173+0000] {manager.py:740} INFO - There are 1 files in /opt/airflow/dags
[2025-05-22T12:54:37.481+0000] {manager.py:878} INFO - 
================================================================================
DAG File Processing Stats

File Path                                       PID  Runtime      # DAGs    # Errors  Last Runtime    Last Run
--------------------------------------------  -----  ---------  --------  ----------  --------------  ----------
/opt/airflow/dags/who_health_pipeline_dag.py    175  0.16s             0           0
================================================================================
[2025-05-22T12:55:07.970+0000] {manager.py:878} INFO - 
================================================================================
DAG File Processing Stats

File Path                                       PID  Runtime      # DAGs    # Errors  Last Runtime    Last Run
--------------------------------------------  -----  ---------  --------  ----------  --------------  -------------------
/opt/airflow/dags/who_health_pipeline_dag.py    190  0.01s             0           1  0.32s           2025-05-22T12:54:37
================================================================================
[2025-05-22T12:55:38.552+0000] {manager.py:878} INFO - 
================================================================================
DAG File Processing Stats

File Path                                       PID  Runtime      # DAGs    # Errors  Last Runtime    Last Run
--------------------------------------------  -----  ---------  --------  ----------  --------------  -------------------
/opt/airflow/dags/who_health_pipeline_dag.py    195  0.01s             0           1  0.20s           2025-05-22T12:55:08
================================================================================
[2025-05-22T12:56:09.057+0000] {manager.py:878} INFO - 
================================================================================
DAG File Processing Stats

File Path                                       PID  Runtime      # DAGs    # Errors  Last Runtime    Last Run
--------------------------------------------  -----  ---------  --------  ----------  --------------  -------------------
/opt/airflow/dags/who_health_pipeline_dag.py    209  0.01s             0           1  0.20s           2025-05-22T12:55:38
================================================================================
[2025-05-22T12:56:39.603+0000] {manager.py:878} INFO - 
================================================================================
DAG File Processing Stats

File Path                                       PID  Runtime      # DAGs    # Errors  Last Runtime    Last Run
--------------------------------------------  -----  ---------  --------  ----------  --------------  -------------------
/opt/airflow/dags/who_health_pipeline_dag.py    214  0.01s             0           1  0.14s           2025-05-22T12:56:09
================================================================================
[2025-05-22T12:57:10.281+0000] {manager.py:878} INFO - 
================================================================================
DAG File Processing Stats

File Path                                       PID  Runtime      # DAGs    # Errors  Last Runtime    Last Run
--------------------------------------------  -----  ---------  --------  ----------  --------------  -------------------
/opt/airflow/dags/who_health_pipeline_dag.py    219  0.01s             0           1  0.15s           2025-05-22T12:56:39
================================================================================
[2025-05-22T12:57:40.627+0000] {manager.py:878} INFO - 
================================================================================
DAG File Processing Stats

File Path                                       PID  Runtime      # DAGs    # Errors  Last Runtime    Last Run
--------------------------------------------  -----  ---------  --------  ----------  --------------  -------------------
/opt/airflow/dags/who_health_pipeline_dag.py    224  0.01s             0           1  0.23s           2025-05-22T12:57:10
================================================================================
[2025-05-22T12:58:11.100+0000] {manager.py:878} INFO - 
================================================================================
DAG File Processing Stats

File Path                                       PID  Runtime      # DAGs    # Errors  Last Runtime    Last Run
--------------------------------------------  -----  ---------  --------  ----------  --------------  -------------------
/opt/airflow/dags/who_health_pipeline_dag.py    229  0.01s             0           1  0.14s           2025-05-22T12:57:40
================================================================================
[2025-05-22T12:58:41.630+0000] {manager.py:878} INFO - 
================================================================================
DAG File Processing Stats

File Path                                       PID  Runtime      # DAGs    # Errors  Last Runtime    Last Run
--------------------------------------------  -----  ---------  --------  ----------  --------------  -------------------
/opt/airflow/dags/who_health_pipeline_dag.py    234  0.00s             0           1  0.13s           2025-05-22T12:58:11
================================================================================
[2025-05-22T12:59:12.118+0000] {manager.py:878} INFO - 
================================================================================
DAG File Processing Stats

File Path                                       PID  Runtime      # DAGs    # Errors  Last Runtime    Last Run
--------------------------------------------  -----  ---------  --------  ----------  --------------  -------------------
/opt/airflow/dags/who_health_pipeline_dag.py    239  0.00s             0           1  0.14s           2025-05-22T12:58:41
================================================================================
[2025-05-22T12:59:37.458+0000] {manager.py:737} INFO - Searching for files in /opt/airflow/dags
[2025-05-22T12:59:37.494+0000] {manager.py:740} INFO - There are 1 files in /opt/airflow/dags
[2025-05-22T12:59:42.576+0000] {manager.py:878} INFO - 
================================================================================
DAG File Processing Stats

File Path                                       PID  Runtime      # DAGs    # Errors  Last Runtime    Last Run
--------------------------------------------  -----  ---------  --------  ----------  --------------  -------------------
/opt/airflow/dags/who_health_pipeline_dag.py    244  0.01s             0           1  0.13s           2025-05-22T12:59:12
================================================================================
[2025-05-22T13:00:13.072+0000] {manager.py:878} INFO - 
================================================================================
DAG File Processing Stats

File Path                                       PID  Runtime      # DAGs    # Errors  Last Runtime    Last Run
--------------------------------------------  -----  ---------  --------  ----------  --------------  -------------------
/opt/airflow/dags/who_health_pipeline_dag.py    249  0.01s             0           1  0.16s           2025-05-22T12:59:42
================================================================================
[2025-05-22T13:00:43.809+0000] {manager.py:878} INFO - 
================================================================================
DAG File Processing Stats

File Path                                       PID  Runtime      # DAGs    # Errors  Last Runtime    Last Run
--------------------------------------------  -----  ---------  --------  ----------  --------------  -------------------
/opt/airflow/dags/who_health_pipeline_dag.py    254  0.01s             0           1  0.36s           2025-05-22T13:00:13
================================================================================
[2025-05-22T13:01:14.239+0000] {manager.py:878} INFO - 
================================================================================
DAG File Processing Stats

File Path                                       PID  Runtime      # DAGs    # Errors  Last Runtime    Last Run
--------------------------------------------  -----  ---------  --------  ----------  --------------  -------------------
/opt/airflow/dags/who_health_pipeline_dag.py    259  0.01s             0           1  0.33s           2025-05-22T13:00:44
================================================================================
[2025-05-22T13:01:44.746+0000] {manager.py:878} INFO - 
================================================================================
DAG File Processing Stats

File Path                                       PID  Runtime      # DAGs    # Errors  Last Runtime    Last Run
--------------------------------------------  -----  ---------  --------  ----------  --------------  -------------------
/opt/airflow/dags/who_health_pipeline_dag.py    264  0.01s             0           1  0.16s           2025-05-22T13:01:14
================================================================================
[2025-05-22T13:02:15.202+0000] {manager.py:878} INFO - 
================================================================================
DAG File Processing Stats

File Path                                       PID  Runtime      # DAGs    # Errors  Last Runtime    Last Run
--------------------------------------------  -----  ---------  --------  ----------  --------------  -------------------
/opt/airflow/dags/who_health_pipeline_dag.py    269  0.01s             0           1  0.15s           2025-05-22T13:01:44
================================================================================
[2025-05-22T13:02:45.771+0000] {manager.py:878} INFO - 
================================================================================
DAG File Processing Stats

File Path                                       PID  Runtime      # DAGs    # Errors  Last Runtime    Last Run
--------------------------------------------  -----  ---------  --------  ----------  --------------  -------------------
/opt/airflow/dags/who_health_pipeline_dag.py    274  0.01s             0           1  0.15s           2025-05-22T13:02:15
================================================================================
[2025-05-22T13:03:16.256+0000] {manager.py:878} INFO - 
================================================================================
DAG File Processing Stats

File Path                                       PID  Runtime      # DAGs    # Errors  Last Runtime    Last Run
--------------------------------------------  -----  ---------  --------  ----------  --------------  -------------------
/opt/airflow/dags/who_health_pipeline_dag.py    279  0.01s             0           1  0.13s           2025-05-22T13:02:45
================================================================================
[2025-05-22T13:03:46.906+0000] {manager.py:878} INFO - 
================================================================================
DAG File Processing Stats

File Path                                       PID  Runtime      # DAGs    # Errors  Last Runtime    Last Run
--------------------------------------------  -----  ---------  --------  ----------  --------------  -------------------
/opt/airflow/dags/who_health_pipeline_dag.py    284  0.01s             0           1  0.14s           2025-05-22T13:03:16
================================================================================
[2025-05-22T13:04:17.616+0000] {manager.py:878} INFO - 
================================================================================
DAG File Processing Stats

File Path                                       PID  Runtime      # DAGs    # Errors  Last Runtime    Last Run
--------------------------------------------  -----  ---------  --------  ----------  --------------  -------------------
/opt/airflow/dags/who_health_pipeline_dag.py    289  0.01s             0           1  0.14s           2025-05-22T13:03:47
================================================================================
[2025-05-22T13:04:38.118+0000] {manager.py:737} INFO - Searching for files in /opt/airflow/dags
[2025-05-22T13:04:38.162+0000] {manager.py:740} INFO - There are 1 files in /opt/airflow/dags
[2025-05-22T13:04:48.305+0000] {manager.py:878} INFO - 
================================================================================
DAG File Processing Stats

File Path                                       PID  Runtime      # DAGs    # Errors  Last Runtime    Last Run
--------------------------------------------  -----  ---------  --------  ----------  --------------  -------------------
/opt/airflow/dags/who_health_pipeline_dag.py    294  0.01s             0           1  0.18s           2025-05-22T13:04:17
================================================================================
[2025-05-22T13:05:18.707+0000] {manager.py:878} INFO - 
================================================================================
DAG File Processing Stats

File Path                                       PID  Runtime      # DAGs    # Errors  Last Runtime    Last Run
--------------------------------------------  -----  ---------  --------  ----------  --------------  -------------------
/opt/airflow/dags/who_health_pipeline_dag.py    299  0.01s             0           1  0.20s           2025-05-22T13:04:48
================================================================================
[2025-05-22T13:05:49.227+0000] {manager.py:878} INFO - 
================================================================================
DAG File Processing Stats

File Path                                       PID  Runtime      # DAGs    # Errors  Last Runtime    Last Run
--------------------------------------------  -----  ---------  --------  ----------  --------------  -------------------
/opt/airflow/dags/who_health_pipeline_dag.py    304  0.01s             0           1  0.14s           2025-05-22T13:05:18
================================================================================
[2025-05-22T13:06:20.005+0000] {manager.py:878} INFO - 
================================================================================
DAG File Processing Stats

File Path                                       PID  Runtime      # DAGs    # Errors  Last Runtime    Last Run
--------------------------------------------  -----  ---------  --------  ----------  --------------  -------------------
/opt/airflow/dags/who_health_pipeline_dag.py    309  0.01s             0           1  0.13s           2025-05-22T13:05:49
================================================================================
[2025-05-22T13:06:50.085+0000] {manager.py:878} INFO - 
================================================================================
DAG File Processing Stats

File Path                                     PID    Runtime      # DAGs    # Errors  Last Runtime    Last Run
--------------------------------------------  -----  ---------  --------  ----------  --------------  -------------------
/opt/airflow/dags/who_health_pipeline_dag.py                           0           1  3.56s           2025-05-22T13:06:25
================================================================================
[2025-05-22T13:07:20.342+0000] {manager.py:878} INFO - 
================================================================================
DAG File Processing Stats

File Path                                     PID    Runtime      # DAGs    # Errors  Last Runtime    Last Run
--------------------------------------------  -----  ---------  --------  ----------  --------------  -------------------
/opt/airflow/dags/who_health_pipeline_dag.py                           0           1  1.90s           2025-05-22T13:06:58
================================================================================
[2025-05-22T13:07:50.766+0000] {manager.py:878} INFO - 
================================================================================
DAG File Processing Stats

File Path                                     PID    Runtime      # DAGs    # Errors  Last Runtime    Last Run
--------------------------------------------  -----  ---------  --------  ----------  --------------  -------------------
/opt/airflow/dags/who_health_pipeline_dag.py                           0           1  2.05s           2025-05-22T13:07:30
================================================================================
[2025-05-22T13:08:21.178+0000] {manager.py:878} INFO - 
================================================================================
DAG File Processing Stats

File Path                                     PID    Runtime      # DAGs    # Errors  Last Runtime    Last Run
--------------------------------------------  -----  ---------  --------  ----------  --------------  -------------------
/opt/airflow/dags/who_health_pipeline_dag.py                           0           1  2.27s           2025-05-22T13:08:03
================================================================================
[2025-05-22T13:08:51.275+0000] {manager.py:878} INFO - 
================================================================================
DAG File Processing Stats

File Path                                     PID    Runtime      # DAGs    # Errors  Last Runtime    Last Run
--------------------------------------------  -----  ---------  --------  ----------  --------------  -------------------
/opt/airflow/dags/who_health_pipeline_dag.py                           0           1  1.57s           2025-05-22T13:08:34
================================================================================
[2025-05-22T13:11:40.412+0000] {manager.py:470} INFO - Processing files using up to 2 processes at a time 
[2025-05-22T13:11:40.417+0000] {manager.py:471} INFO - Process each file at most once every 30 seconds
[2025-05-22T13:11:40.420+0000] {manager.py:472} INFO - Checking for new files in /opt/airflow/dags every 300 seconds
[2025-05-22T13:11:40.425+0000] {manager.py:737} INFO - Searching for files in /opt/airflow/dags
[2025-05-22T13:11:40.495+0000] {manager.py:740} INFO - There are 1 files in /opt/airflow/dags
[2025-05-22T13:11:41.536+0000] {manager.py:878} INFO - 
================================================================================
DAG File Processing Stats

File Path                                       PID  Runtime      # DAGs    # Errors  Last Runtime    Last Run
--------------------------------------------  -----  ---------  --------  ----------  --------------  ----------
/opt/airflow/dags/who_health_pipeline_dag.py    177  0.55s             0           0
================================================================================
[2025-05-22T13:12:12.114+0000] {manager.py:878} INFO - 
================================================================================
DAG File Processing Stats

File Path                                     PID    Runtime      # DAGs    # Errors  Last Runtime    Last Run
--------------------------------------------  -----  ---------  --------  ----------  --------------  -------------------
/opt/airflow/dags/who_health_pipeline_dag.py                           0           1  7.16s           2025-05-22T13:11:48
================================================================================
[2025-05-22T13:12:42.397+0000] {manager.py:878} INFO - 
================================================================================
DAG File Processing Stats

File Path                                     PID    Runtime      # DAGs    # Errors  Last Runtime    Last Run
--------------------------------------------  -----  ---------  --------  ----------  --------------  -------------------
/opt/airflow/dags/who_health_pipeline_dag.py                           0           1  10.35s          2025-05-22T13:12:28
================================================================================
[2025-05-22T13:13:12.447+0000] {manager.py:878} INFO - 
================================================================================
DAG File Processing Stats

File Path                                     PID    Runtime      # DAGs    # Errors  Last Runtime    Last Run
--------------------------------------------  -----  ---------  --------  ----------  --------------  -------------------
/opt/airflow/dags/who_health_pipeline_dag.py                           0           1  1.27s           2025-05-22T13:13:00
================================================================================
[2025-05-22T13:13:42.872+0000] {manager.py:878} INFO - 
================================================================================
DAG File Processing Stats

File Path                                     PID    Runtime      # DAGs    # Errors  Last Runtime    Last Run
--------------------------------------------  -----  ---------  --------  ----------  --------------  -------------------
/opt/airflow/dags/who_health_pipeline_dag.py                           0           1  1.14s           2025-05-22T13:13:31
================================================================================
[2025-05-22T13:14:13.331+0000] {manager.py:878} INFO - 
================================================================================
DAG File Processing Stats

File Path                                     PID    Runtime      # DAGs    # Errors  Last Runtime    Last Run
--------------------------------------------  -----  ---------  --------  ----------  --------------  -------------------
/opt/airflow/dags/who_health_pipeline_dag.py                           0           1  0.97s           2025-05-22T13:14:03
================================================================================
[2025-05-22T13:14:43.698+0000] {manager.py:878} INFO - 
================================================================================
DAG File Processing Stats

File Path                                     PID    Runtime      # DAGs    # Errors  Last Runtime    Last Run
--------------------------------------------  -----  ---------  --------  ----------  --------------  -------------------
/opt/airflow/dags/who_health_pipeline_dag.py                           0           1  0.96s           2025-05-22T13:14:34
================================================================================
[2025-05-22T13:15:14.261+0000] {manager.py:878} INFO - 
================================================================================
DAG File Processing Stats

File Path                                     PID    Runtime      # DAGs    # Errors  Last Runtime    Last Run
--------------------------------------------  -----  ---------  --------  ----------  --------------  -------------------
/opt/airflow/dags/who_health_pipeline_dag.py                           0           1  1.48s           2025-05-22T13:15:06
================================================================================
[2025-05-22T13:15:44.948+0000] {manager.py:878} INFO - 
================================================================================
DAG File Processing Stats

File Path                                     PID    Runtime      # DAGs    # Errors  Last Runtime    Last Run
--------------------------------------------  -----  ---------  --------  ----------  --------------  -------------------
/opt/airflow/dags/who_health_pipeline_dag.py                           0           1  1.19s           2025-05-22T13:15:38
================================================================================
[2025-05-22T13:16:15.277+0000] {manager.py:878} INFO - 
================================================================================
DAG File Processing Stats

File Path                                     PID    Runtime      # DAGs    # Errors  Last Runtime    Last Run
--------------------------------------------  -----  ---------  --------  ----------  --------------  -------------------
/opt/airflow/dags/who_health_pipeline_dag.py                           0           1  2.09s           2025-05-22T13:16:10
================================================================================
[2025-05-22T13:16:40.635+0000] {manager.py:737} INFO - Searching for files in /opt/airflow/dags
[2025-05-22T13:16:40.712+0000] {manager.py:740} INFO - There are 1 files in /opt/airflow/dags
[2025-05-22T13:16:45.825+0000] {manager.py:878} INFO - 
================================================================================
DAG File Processing Stats

File Path                                     PID    Runtime      # DAGs    # Errors  Last Runtime    Last Run
--------------------------------------------  -----  ---------  --------  ----------  --------------  -------------------
/opt/airflow/dags/who_health_pipeline_dag.py                           0           1  1.13s           2025-05-22T13:16:41
================================================================================
[2025-05-22T13:17:16.091+0000] {manager.py:878} INFO - 
================================================================================
DAG File Processing Stats

File Path                                     PID    Runtime      # DAGs    # Errors  Last Runtime    Last Run
--------------------------------------------  -----  ---------  --------  ----------  --------------  -------------------
/opt/airflow/dags/who_health_pipeline_dag.py                           0           1  1.84s           2025-05-22T13:17:14
================================================================================
[2025-05-22T13:17:46.727+0000] {manager.py:878} INFO - 
================================================================================
DAG File Processing Stats

File Path                                     PID    Runtime      # DAGs    # Errors  Last Runtime    Last Run
--------------------------------------------  -----  ---------  --------  ----------  --------------  -------------------
/opt/airflow/dags/who_health_pipeline_dag.py                           0           1  1.33s           2025-05-22T13:17:45
================================================================================
[2025-05-22T13:18:17.301+0000] {manager.py:878} INFO - 
================================================================================
DAG File Processing Stats

File Path                                       PID  Runtime      # DAGs    # Errors  Last Runtime    Last Run
--------------------------------------------  -----  ---------  --------  ----------  --------------  -------------------
/opt/airflow/dags/who_health_pipeline_dag.py    260  1.02s             0           1  1.33s           2025-05-22T13:17:45
================================================================================
[2025-05-22T13:18:47.800+0000] {manager.py:878} INFO - 
================================================================================
DAG File Processing Stats

File Path                                       PID  Runtime      # DAGs    # Errors  Last Runtime    Last Run
--------------------------------------------  -----  ---------  --------  ----------  --------------  -------------------
/opt/airflow/dags/who_health_pipeline_dag.py    266  0.01s             0           1  1.29s           2025-05-22T13:18:17
================================================================================
[2025-05-22T13:19:18.296+0000] {manager.py:878} INFO - 
================================================================================
DAG File Processing Stats

File Path                                     PID    Runtime      # DAGs    # Errors  Last Runtime    Last Run
--------------------------------------------  -----  ---------  --------  ----------  --------------  -------------------
/opt/airflow/dags/who_health_pipeline_dag.py                           0           1  1.25s           2025-05-22T13:18:49
================================================================================
[2025-05-22T13:19:48.913+0000] {manager.py:878} INFO - 
================================================================================
DAG File Processing Stats

File Path                                     PID    Runtime      # DAGs    # Errors  Last Runtime    Last Run
--------------------------------------------  -----  ---------  --------  ----------  --------------  -------------------
/opt/airflow/dags/who_health_pipeline_dag.py                           0           1  1.26s           2025-05-22T13:19:20
================================================================================
[2025-05-22T13:20:19.278+0000] {manager.py:878} INFO - 
================================================================================
DAG File Processing Stats

File Path                                     PID    Runtime      # DAGs    # Errors  Last Runtime    Last Run
--------------------------------------------  -----  ---------  --------  ----------  --------------  -------------------
/opt/airflow/dags/who_health_pipeline_dag.py                           0           1  1.52s           2025-05-22T13:19:52
================================================================================
[2025-05-22T13:21:03.761+0000] {manager.py:470} INFO - Processing files using up to 2 processes at a time 
[2025-05-22T13:21:03.764+0000] {manager.py:471} INFO - Process each file at most once every 30 seconds
[2025-05-22T13:21:03.766+0000] {manager.py:472} INFO - Checking for new files in /opt/airflow/dags every 300 seconds
[2025-05-22T13:21:03.769+0000] {manager.py:737} INFO - Searching for files in /opt/airflow/dags
[2025-05-22T13:21:03.803+0000] {manager.py:740} INFO - There are 1 files in /opt/airflow/dags
[2025-05-22T13:21:04.010+0000] {manager.py:878} INFO - 
================================================================================
DAG File Processing Stats

File Path                                       PID  Runtime      # DAGs    # Errors  Last Runtime    Last Run
--------------------------------------------  -----  ---------  --------  ----------  --------------  ----------
/opt/airflow/dags/who_health_pipeline_dag.py    179  0.10s             0           0
================================================================================
[2025-05-22T13:21:54.385+0000] {manager.py:470} INFO - Processing files using up to 2 processes at a time 
[2025-05-22T13:21:54.390+0000] {manager.py:471} INFO - Process each file at most once every 30 seconds
[2025-05-22T13:21:54.394+0000] {manager.py:472} INFO - Checking for new files in /opt/airflow/dags every 300 seconds
[2025-05-22T13:21:54.397+0000] {manager.py:737} INFO - Searching for files in /opt/airflow/dags
[2025-05-22T13:21:54.440+0000] {manager.py:740} INFO - There are 1 files in /opt/airflow/dags
[2025-05-22T13:21:54.593+0000] {manager.py:878} INFO - 
================================================================================
DAG File Processing Stats

File Path                                       PID  Runtime      # DAGs    # Errors  Last Runtime    Last Run
--------------------------------------------  -----  ---------  --------  ----------  --------------  ----------
/opt/airflow/dags/who_health_pipeline_dag.py    184  0.07s             0           0
================================================================================
[2025-05-22T14:13:24.441+0000] {manager.py:470} INFO - Processing files using up to 2 processes at a time 
[2025-05-22T14:13:24.445+0000] {manager.py:471} INFO - Process each file at most once every 30 seconds
[2025-05-22T14:13:24.452+0000] {manager.py:472} INFO - Checking for new files in /opt/airflow/dags every 300 seconds
[2025-05-22T14:13:24.455+0000] {manager.py:737} INFO - Searching for files in /opt/airflow/dags
[2025-05-22T14:13:24.765+0000] {manager.py:740} INFO - There are 1 files in /opt/airflow/dags
[2025-05-22T14:13:25.203+0000] {manager.py:878} INFO - 
================================================================================
DAG File Processing Stats

File Path                                       PID  Runtime      # DAGs    # Errors  Last Runtime    Last Run
--------------------------------------------  -----  ---------  --------  ----------  --------------  ----------
/opt/airflow/dags/who_health_pipeline_dag.py    160  0.21s             0           0
================================================================================
[2025-05-22T14:13:55.454+0000] {manager.py:878} INFO - 
================================================================================
DAG File Processing Stats

File Path                                     PID    Runtime      # DAGs    # Errors  Last Runtime    Last Run
--------------------------------------------  -----  ---------  --------  ----------  --------------  -------------------
/opt/airflow/dags/who_health_pipeline_dag.py                           0           1  5.64s           2025-05-22T14:13:30
================================================================================
[2025-05-22T14:14:26.313+0000] {manager.py:878} INFO - 
================================================================================
DAG File Processing Stats

File Path                                     PID    Runtime      # DAGs    # Errors  Last Runtime    Last Run
--------------------------------------------  -----  ---------  --------  ----------  --------------  -------------------
/opt/airflow/dags/who_health_pipeline_dag.py                           0           1  7.15s           2025-05-22T14:14:08
================================================================================
[2025-05-22T14:14:56.885+0000] {manager.py:878} INFO - 
================================================================================
DAG File Processing Stats

File Path                                     PID    Runtime      # DAGs    # Errors  Last Runtime    Last Run
--------------------------------------------  -----  ---------  --------  ----------  --------------  -------------------
/opt/airflow/dags/who_health_pipeline_dag.py                           0           1  2.32s           2025-05-22T14:14:40
================================================================================
[2025-05-22T14:15:27.387+0000] {manager.py:878} INFO - 
================================================================================
DAG File Processing Stats

File Path                                     PID    Runtime      # DAGs    # Errors  Last Runtime    Last Run
--------------------------------------------  -----  ---------  --------  ----------  --------------  -------------------
/opt/airflow/dags/who_health_pipeline_dag.py                           0           1  1.31s           2025-05-22T14:15:12
================================================================================
[2025-05-22T14:15:57.940+0000] {manager.py:878} INFO - 
================================================================================
DAG File Processing Stats

File Path                                     PID    Runtime      # DAGs    # Errors  Last Runtime    Last Run
--------------------------------------------  -----  ---------  --------  ----------  --------------  -------------------
/opt/airflow/dags/who_health_pipeline_dag.py                           0           1  1.37s           2025-05-22T14:15:43
================================================================================
[2025-05-22T14:16:27.955+0000] {manager.py:878} INFO - 
================================================================================
DAG File Processing Stats

File Path                                     PID    Runtime      # DAGs    # Errors  Last Runtime    Last Run
--------------------------------------------  -----  ---------  --------  ----------  --------------  -------------------
/opt/airflow/dags/who_health_pipeline_dag.py                           0           1  1.60s           2025-05-22T14:16:15
================================================================================
[2025-05-22T14:16:58.391+0000] {manager.py:878} INFO - 
================================================================================
DAG File Processing Stats

File Path                                     PID    Runtime      # DAGs    # Errors  Last Runtime    Last Run
--------------------------------------------  -----  ---------  --------  ----------  --------------  -------------------
/opt/airflow/dags/who_health_pipeline_dag.py                           0           1  1.48s           2025-05-22T14:16:47
================================================================================
[2025-05-22T14:17:28.721+0000] {manager.py:878} INFO - 
================================================================================
DAG File Processing Stats

File Path                                     PID    Runtime      # DAGs    # Errors  Last Runtime    Last Run
--------------------------------------------  -----  ---------  --------  ----------  --------------  -------------------
/opt/airflow/dags/who_health_pipeline_dag.py                           0           1  1.42s           2025-05-22T14:17:19
================================================================================
[2025-05-22T14:17:59.157+0000] {manager.py:878} INFO - 
================================================================================
DAG File Processing Stats

File Path                                     PID    Runtime      # DAGs    # Errors  Last Runtime    Last Run
--------------------------------------------  -----  ---------  --------  ----------  --------------  -------------------
/opt/airflow/dags/who_health_pipeline_dag.py                           0           1  1.84s           2025-05-22T14:17:51
================================================================================
[2025-05-22T14:18:24.800+0000] {manager.py:737} INFO - Searching for files in /opt/airflow/dags
[2025-05-22T14:18:24.851+0000] {manager.py:740} INFO - There are 1 files in /opt/airflow/dags
[2025-05-22T14:18:29.966+0000] {manager.py:878} INFO - 
================================================================================
DAG File Processing Stats

File Path                                     PID    Runtime      # DAGs    # Errors  Last Runtime    Last Run
--------------------------------------------  -----  ---------  --------  ----------  --------------  -------------------
/opt/airflow/dags/who_health_pipeline_dag.py                           0           1  1.43s           2025-05-22T14:18:22
================================================================================
[2025-05-22T14:19:00.413+0000] {manager.py:878} INFO - 
================================================================================
DAG File Processing Stats

File Path                                     PID    Runtime      # DAGs    # Errors  Last Runtime    Last Run
--------------------------------------------  -----  ---------  --------  ----------  --------------  -------------------
/opt/airflow/dags/who_health_pipeline_dag.py                           0           1  1.36s           2025-05-22T14:18:54
================================================================================
[2025-05-22T14:19:31.103+0000] {manager.py:878} INFO - 
================================================================================
DAG File Processing Stats

File Path                                     PID    Runtime      # DAGs    # Errors  Last Runtime    Last Run
--------------------------------------------  -----  ---------  --------  ----------  --------------  -------------------
/opt/airflow/dags/who_health_pipeline_dag.py                           0           1  1.54s           2025-05-22T14:19:26
================================================================================
[2025-05-22T14:20:01.713+0000] {manager.py:878} INFO - 
================================================================================
DAG File Processing Stats

File Path                                     PID    Runtime      # DAGs    # Errors  Last Runtime    Last Run
--------------------------------------------  -----  ---------  --------  ----------  --------------  -------------------
/opt/airflow/dags/who_health_pipeline_dag.py                           0           1  1.26s           2025-05-22T14:19:57
================================================================================
[2025-05-22T14:20:32.073+0000] {manager.py:878} INFO - 
================================================================================
DAG File Processing Stats

File Path                                     PID    Runtime      # DAGs    # Errors  Last Runtime    Last Run
--------------------------------------------  -----  ---------  --------  ----------  --------------  -------------------
/opt/airflow/dags/who_health_pipeline_dag.py                           0           1  1.12s           2025-05-22T14:20:29
================================================================================
[2025-05-22T14:21:02.525+0000] {manager.py:878} INFO - 
================================================================================
DAG File Processing Stats

File Path                                     PID    Runtime      # DAGs    # Errors  Last Runtime    Last Run
--------------------------------------------  -----  ---------  --------  ----------  --------------  -------------------
/opt/airflow/dags/who_health_pipeline_dag.py                           0           1  2.13s           2025-05-22T14:21:01
================================================================================
[2025-05-22T14:21:32.952+0000] {manager.py:878} INFO - 
================================================================================
DAG File Processing Stats

File Path                                       PID  Runtime      # DAGs    # Errors  Last Runtime    Last Run
--------------------------------------------  -----  ---------  --------  ----------  --------------  -------------------
/opt/airflow/dags/who_health_pipeline_dag.py    250  1.01s             0           1  2.13s           2025-05-22T14:21:01
================================================================================
[2025-05-22T14:22:03.281+0000] {manager.py:878} INFO - 
================================================================================
DAG File Processing Stats

File Path                                     PID    Runtime      # DAGs    # Errors  Last Runtime    Last Run
--------------------------------------------  -----  ---------  --------  ----------  --------------  -------------------
/opt/airflow/dags/who_health_pipeline_dag.py                           0           1  2.15s           2025-05-22T14:21:34
================================================================================
[2025-05-22T14:22:33.891+0000] {manager.py:878} INFO - 
================================================================================
DAG File Processing Stats

File Path                                     PID    Runtime      # DAGs    # Errors  Last Runtime    Last Run
--------------------------------------------  -----  ---------  --------  ----------  --------------  -------------------
/opt/airflow/dags/who_health_pipeline_dag.py                           0           1  1.58s           2025-05-22T14:22:05
================================================================================
[2025-05-22T14:23:04.075+0000] {manager.py:878} INFO - 
================================================================================
DAG File Processing Stats

File Path                                     PID    Runtime      # DAGs    # Errors  Last Runtime    Last Run
--------------------------------------------  -----  ---------  --------  ----------  --------------  -------------------
/opt/airflow/dags/who_health_pipeline_dag.py                           0           1  1.77s           2025-05-22T14:22:37
================================================================================
[2025-05-22T14:23:25.252+0000] {manager.py:737} INFO - Searching for files in /opt/airflow/dags
[2025-05-22T14:23:25.298+0000] {manager.py:740} INFO - There are 1 files in /opt/airflow/dags
[2025-05-22T14:23:34.408+0000] {manager.py:878} INFO - 
================================================================================
DAG File Processing Stats

File Path                                     PID    Runtime      # DAGs    # Errors  Last Runtime    Last Run
--------------------------------------------  -----  ---------  --------  ----------  --------------  -------------------
/opt/airflow/dags/who_health_pipeline_dag.py                           0           1  1.38s           2025-05-22T14:23:09
================================================================================
[2025-05-22T14:24:05.118+0000] {manager.py:878} INFO - 
================================================================================
DAG File Processing Stats

File Path                                     PID    Runtime      # DAGs    # Errors  Last Runtime    Last Run
--------------------------------------------  -----  ---------  --------  ----------  --------------  -------------------
/opt/airflow/dags/who_health_pipeline_dag.py                           0           1  2.35s           2025-05-22T14:23:42
================================================================================
[2025-05-22T14:24:35.717+0000] {manager.py:878} INFO - 
================================================================================
DAG File Processing Stats

File Path                                     PID    Runtime      # DAGs    # Errors  Last Runtime    Last Run
--------------------------------------------  -----  ---------  --------  ----------  --------------  -------------------
/opt/airflow/dags/who_health_pipeline_dag.py                           0           1  1.46s           2025-05-22T14:24:13
================================================================================
[2025-05-22T14:25:06.214+0000] {manager.py:878} INFO - 
================================================================================
DAG File Processing Stats

File Path                                     PID    Runtime      # DAGs    # Errors  Last Runtime    Last Run
--------------------------------------------  -----  ---------  --------  ----------  --------------  -------------------
/opt/airflow/dags/who_health_pipeline_dag.py                           0           1  1.25s           2025-05-22T14:24:45
================================================================================
[2025-05-22T14:25:36.799+0000] {manager.py:878} INFO - 
================================================================================
DAG File Processing Stats

File Path                                     PID    Runtime      # DAGs    # Errors  Last Runtime    Last Run
--------------------------------------------  -----  ---------  --------  ----------  --------------  -------------------
/opt/airflow/dags/who_health_pipeline_dag.py                           0           1  1.27s           2025-05-22T14:25:16
================================================================================
[2025-05-22T14:26:07.384+0000] {manager.py:878} INFO - 
================================================================================
DAG File Processing Stats

File Path                                     PID    Runtime      # DAGs    # Errors  Last Runtime    Last Run
--------------------------------------------  -----  ---------  --------  ----------  --------------  -------------------
/opt/airflow/dags/who_health_pipeline_dag.py                           0           1  1.39s           2025-05-22T14:25:48
================================================================================
[2025-05-22T14:26:38.130+0000] {manager.py:878} INFO - 
================================================================================
DAG File Processing Stats

File Path                                     PID    Runtime      # DAGs    # Errors  Last Runtime    Last Run
--------------------------------------------  -----  ---------  --------  ----------  --------------  -------------------
/opt/airflow/dags/who_health_pipeline_dag.py                           0           1  1.90s           2025-05-22T14:26:20
================================================================================
[2025-05-22T14:27:08.603+0000] {manager.py:878} INFO - 
================================================================================
DAG File Processing Stats

File Path                                     PID    Runtime      # DAGs    # Errors  Last Runtime    Last Run
--------------------------------------------  -----  ---------  --------  ----------  --------------  -------------------
/opt/airflow/dags/who_health_pipeline_dag.py                           0           1  1.04s           2025-05-22T14:26:52
================================================================================
[2025-05-22T14:27:39.117+0000] {manager.py:878} INFO - 
================================================================================
DAG File Processing Stats

File Path                                     PID    Runtime      # DAGs    # Errors  Last Runtime    Last Run
--------------------------------------------  -----  ---------  --------  ----------  --------------  -------------------
/opt/airflow/dags/who_health_pipeline_dag.py                           0           1  1.34s           2025-05-22T14:27:24
================================================================================
[2025-05-22T14:28:09.582+0000] {manager.py:878} INFO - 
================================================================================
DAG File Processing Stats

File Path                                     PID    Runtime      # DAGs    # Errors  Last Runtime    Last Run
--------------------------------------------  -----  ---------  --------  ----------  --------------  -------------------
/opt/airflow/dags/who_health_pipeline_dag.py                           0           1  1.22s           2025-05-22T14:27:55
================================================================================
[2025-05-22T14:28:25.868+0000] {manager.py:737} INFO - Searching for files in /opt/airflow/dags
[2025-05-22T14:28:25.908+0000] {manager.py:740} INFO - There are 1 files in /opt/airflow/dags
[2025-05-22T14:28:40.158+0000] {manager.py:878} INFO - 
================================================================================
DAG File Processing Stats

File Path                                     PID    Runtime      # DAGs    # Errors  Last Runtime    Last Run
--------------------------------------------  -----  ---------  --------  ----------  --------------  -------------------
/opt/airflow/dags/who_health_pipeline_dag.py                           0           1  2.11s           2025-05-22T14:28:28
================================================================================
[2025-05-22T14:29:10.657+0000] {manager.py:878} INFO - 
================================================================================
DAG File Processing Stats

File Path                                     PID    Runtime      # DAGs    # Errors  Last Runtime    Last Run
--------------------------------------------  -----  ---------  --------  ----------  --------------  -------------------
/opt/airflow/dags/who_health_pipeline_dag.py                           0           1  1.35s           2025-05-22T14:28:59
================================================================================
[2025-05-22T14:29:41.376+0000] {manager.py:878} INFO - 
================================================================================
DAG File Processing Stats

File Path                                     PID    Runtime      # DAGs    # Errors  Last Runtime    Last Run
--------------------------------------------  -----  ---------  --------  ----------  --------------  -------------------
/opt/airflow/dags/who_health_pipeline_dag.py                           0           1  1.35s           2025-05-22T14:29:31
================================================================================
[2025-05-22T14:30:11.959+0000] {manager.py:878} INFO - 
================================================================================
DAG File Processing Stats

File Path                                     PID    Runtime      # DAGs    # Errors  Last Runtime    Last Run
--------------------------------------------  -----  ---------  --------  ----------  --------------  -------------------
/opt/airflow/dags/who_health_pipeline_dag.py                           0           1  1.22s           2025-05-22T14:30:03
================================================================================
[2025-05-22T14:30:42.391+0000] {manager.py:878} INFO - 
================================================================================
DAG File Processing Stats

File Path                                     PID    Runtime      # DAGs    # Errors  Last Runtime    Last Run
--------------------------------------------  -----  ---------  --------  ----------  --------------  -------------------
/opt/airflow/dags/who_health_pipeline_dag.py                           0           1  1.19s           2025-05-22T14:30:34
================================================================================
[2025-05-22T14:31:13.033+0000] {manager.py:878} INFO - 
================================================================================
DAG File Processing Stats

File Path                                     PID    Runtime      # DAGs    # Errors  Last Runtime    Last Run
--------------------------------------------  -----  ---------  --------  ----------  --------------  -------------------
/opt/airflow/dags/who_health_pipeline_dag.py                           0           1  1.27s           2025-05-22T14:31:06
================================================================================
[2025-05-22T14:31:43.631+0000] {manager.py:878} INFO - 
================================================================================
DAG File Processing Stats

File Path                                     PID    Runtime      # DAGs    # Errors  Last Runtime    Last Run
--------------------------------------------  -----  ---------  --------  ----------  --------------  -------------------
/opt/airflow/dags/who_health_pipeline_dag.py                           0           1  1.34s           2025-05-22T14:31:37
================================================================================
[2025-05-22T14:32:14.319+0000] {manager.py:878} INFO - 
================================================================================
DAG File Processing Stats

File Path                                     PID    Runtime      # DAGs    # Errors  Last Runtime    Last Run
--------------------------------------------  -----  ---------  --------  ----------  --------------  -------------------
/opt/airflow/dags/who_health_pipeline_dag.py                           0           1  1.14s           2025-05-22T14:32:09
================================================================================
[2025-05-22T14:32:44.833+0000] {manager.py:878} INFO - 
================================================================================
DAG File Processing Stats

File Path                                     PID    Runtime      # DAGs    # Errors  Last Runtime    Last Run
--------------------------------------------  -----  ---------  --------  ----------  --------------  -------------------
/opt/airflow/dags/who_health_pipeline_dag.py                           0           1  1.29s           2025-05-22T14:32:41
================================================================================
[2025-05-22T14:33:15.457+0000] {manager.py:878} INFO - 
================================================================================
DAG File Processing Stats

File Path                                     PID    Runtime      # DAGs    # Errors  Last Runtime    Last Run
--------------------------------------------  -----  ---------  --------  ----------  --------------  -------------------
/opt/airflow/dags/who_health_pipeline_dag.py                           0           1  2.34s           2025-05-22T14:33:13
================================================================================
[2025-05-22T14:33:26.551+0000] {manager.py:737} INFO - Searching for files in /opt/airflow/dags
[2025-05-22T14:33:26.592+0000] {manager.py:740} INFO - There are 1 files in /opt/airflow/dags
[2025-05-22T14:33:45.681+0000] {manager.py:878} INFO - 
================================================================================
DAG File Processing Stats

File Path                                     PID    Runtime      # DAGs    # Errors  Last Runtime    Last Run
--------------------------------------------  -----  ---------  --------  ----------  --------------  -------------------
/opt/airflow/dags/who_health_pipeline_dag.py                           0           1  1.77s           2025-05-22T14:33:45
================================================================================
[2025-05-22T14:34:16.058+0000] {manager.py:878} INFO - 
================================================================================
DAG File Processing Stats

File Path                                       PID  Runtime      # DAGs    # Errors  Last Runtime    Last Run
--------------------------------------------  -----  ---------  --------  ----------  --------------  -------------------
/opt/airflow/dags/who_health_pipeline_dag.py    394  0.01s             0           1  1.77s           2025-05-22T14:33:45
================================================================================
[2025-05-22T14:34:46.679+0000] {manager.py:878} INFO - 
================================================================================
DAG File Processing Stats

File Path                                     PID    Runtime      # DAGs    # Errors  Last Runtime    Last Run
--------------------------------------------  -----  ---------  --------  ----------  --------------  -------------------
/opt/airflow/dags/who_health_pipeline_dag.py                           0           1  1.51s           2025-05-22T14:34:17
================================================================================
[2025-05-22T14:35:17.391+0000] {manager.py:878} INFO - 
================================================================================
DAG File Processing Stats

File Path                                     PID    Runtime      # DAGs    # Errors  Last Runtime    Last Run
--------------------------------------------  -----  ---------  --------  ----------  --------------  -------------------
/opt/airflow/dags/who_health_pipeline_dag.py                           0           1  1.42s           2025-05-22T14:34:49
================================================================================
[2025-05-22T14:35:47.900+0000] {manager.py:878} INFO - 
================================================================================
DAG File Processing Stats

File Path                                     PID    Runtime      # DAGs    # Errors  Last Runtime    Last Run
--------------------------------------------  -----  ---------  --------  ----------  --------------  -------------------
/opt/airflow/dags/who_health_pipeline_dag.py                           0           1  5.21s           2025-05-22T14:35:24
================================================================================
[2025-05-22T14:36:17.904+0000] {manager.py:878} INFO - 
================================================================================
DAG File Processing Stats

File Path                                     PID    Runtime      # DAGs    # Errors  Last Runtime    Last Run
--------------------------------------------  -----  ---------  --------  ----------  --------------  -------------------
/opt/airflow/dags/who_health_pipeline_dag.py                           0           1  2.31s           2025-05-22T14:35:57
================================================================================
[2025-05-22T14:36:48.282+0000] {manager.py:878} INFO - 
================================================================================
DAG File Processing Stats

File Path                                     PID    Runtime      # DAGs    # Errors  Last Runtime    Last Run
--------------------------------------------  -----  ---------  --------  ----------  --------------  -------------------
/opt/airflow/dags/who_health_pipeline_dag.py                           0           1  2.41s           2025-05-22T14:36:30
================================================================================
[2025-05-22T14:37:18.346+0000] {manager.py:878} INFO - 
================================================================================
DAG File Processing Stats

File Path                                     PID    Runtime      # DAGs    # Errors  Last Runtime    Last Run
--------------------------------------------  -----  ---------  --------  ----------  --------------  -------------------
/opt/airflow/dags/who_health_pipeline_dag.py                           0           1  2.51s           2025-05-22T14:37:02
================================================================================
[2025-05-22T14:37:49.152+0000] {manager.py:878} INFO - 
================================================================================
DAG File Processing Stats

File Path                                     PID    Runtime      # DAGs    # Errors  Last Runtime    Last Run
--------------------------------------------  -----  ---------  --------  ----------  --------------  -------------------
/opt/airflow/dags/who_health_pipeline_dag.py                           0           1  1.67s           2025-05-22T14:37:34
================================================================================
[2025-05-22T14:38:19.620+0000] {manager.py:878} INFO - 
================================================================================
DAG File Processing Stats

File Path                                     PID    Runtime      # DAGs    # Errors  Last Runtime    Last Run
--------------------------------------------  -----  ---------  --------  ----------  --------------  -------------------
/opt/airflow/dags/who_health_pipeline_dag.py                           0           1  1.07s           2025-05-22T14:38:06
================================================================================
[2025-05-22T14:38:26.707+0000] {manager.py:737} INFO - Searching for files in /opt/airflow/dags
[2025-05-22T14:38:26.767+0000] {manager.py:740} INFO - There are 1 files in /opt/airflow/dags
[2025-05-22T14:38:50.235+0000] {manager.py:878} INFO - 
================================================================================
DAG File Processing Stats

File Path                                     PID    Runtime      # DAGs    # Errors  Last Runtime    Last Run
--------------------------------------------  -----  ---------  --------  ----------  --------------  -------------------
/opt/airflow/dags/who_health_pipeline_dag.py                           0           1  1.07s           2025-05-22T14:38:38
================================================================================
[2025-05-22T14:39:20.685+0000] {manager.py:878} INFO - 
================================================================================
DAG File Processing Stats

File Path                                     PID    Runtime      # DAGs    # Errors  Last Runtime    Last Run
--------------------------------------------  -----  ---------  --------  ----------  --------------  -------------------
/opt/airflow/dags/who_health_pipeline_dag.py                           0           1  1.10s           2025-05-22T14:39:09
================================================================================
[2025-05-22T14:39:51.277+0000] {manager.py:878} INFO - 
================================================================================
DAG File Processing Stats

File Path                                     PID    Runtime      # DAGs    # Errors  Last Runtime    Last Run
--------------------------------------------  -----  ---------  --------  ----------  --------------  -------------------
/opt/airflow/dags/who_health_pipeline_dag.py                           0           1  1.08s           2025-05-22T14:39:41
================================================================================
[2025-05-22T14:40:21.775+0000] {manager.py:878} INFO - 
================================================================================
DAG File Processing Stats

File Path                                     PID    Runtime      # DAGs    # Errors  Last Runtime    Last Run
--------------------------------------------  -----  ---------  --------  ----------  --------------  -------------------
/opt/airflow/dags/who_health_pipeline_dag.py                           0           1  1.02s           2025-05-22T14:40:12
================================================================================
[2025-05-22T14:40:38.018+0000] {manager.py:452} INFO - Exiting gracefully upon receiving signal 15
[2025-05-22T14:42:22.186+0000] {manager.py:470} INFO - Processing files using up to 2 processes at a time 
[2025-05-22T14:42:22.192+0000] {manager.py:471} INFO - Process each file at most once every 30 seconds
[2025-05-22T14:42:22.201+0000] {manager.py:472} INFO - Checking for new files in /opt/airflow/dags every 300 seconds
[2025-05-22T14:42:22.204+0000] {manager.py:737} INFO - Searching for files in /opt/airflow/dags
[2025-05-22T14:42:22.595+0000] {manager.py:740} INFO - There are 1 files in /opt/airflow/dags
[2025-05-22T14:42:23.199+0000] {manager.py:878} INFO - 
================================================================================
DAG File Processing Stats

File Path                                       PID  Runtime      # DAGs    # Errors  Last Runtime    Last Run
--------------------------------------------  -----  ---------  --------  ----------  --------------  ----------
/opt/airflow/dags/who_health_pipeline_dag.py    159  0.29s             0           0
================================================================================
[2025-05-22T14:42:53.522+0000] {manager.py:878} INFO - 
================================================================================
DAG File Processing Stats

File Path                                     PID    Runtime      # DAGs    # Errors  Last Runtime    Last Run
--------------------------------------------  -----  ---------  --------  ----------  --------------  -------------------
/opt/airflow/dags/who_health_pipeline_dag.py                           0           1  4.57s           2025-05-22T14:42:27
================================================================================
[2025-05-22T14:43:23.883+0000] {manager.py:878} INFO - 
================================================================================
DAG File Processing Stats

File Path                                     PID    Runtime      # DAGs    # Errors  Last Runtime    Last Run
--------------------------------------------  -----  ---------  --------  ----------  --------------  -------------------
/opt/airflow/dags/who_health_pipeline_dag.py                           0           1  2.01s           2025-05-22T14:42:59
================================================================================
[2025-05-22T14:43:54.438+0000] {manager.py:878} INFO - 
================================================================================
DAG File Processing Stats

File Path                                     PID    Runtime      # DAGs    # Errors  Last Runtime    Last Run
--------------------------------------------  -----  ---------  --------  ----------  --------------  -------------------
/opt/airflow/dags/who_health_pipeline_dag.py                           0           1  1.19s           2025-05-22T14:43:31
================================================================================
[2025-05-22T14:44:24.769+0000] {manager.py:878} INFO - 
================================================================================
DAG File Processing Stats

File Path                                     PID    Runtime      # DAGs    # Errors  Last Runtime    Last Run
--------------------------------------------  -----  ---------  --------  ----------  --------------  -------------------
/opt/airflow/dags/who_health_pipeline_dag.py                           0           1  1.17s           2025-05-22T14:44:02
================================================================================
[2025-05-22T14:44:55.278+0000] {manager.py:878} INFO - 
================================================================================
DAG File Processing Stats

File Path                                     PID    Runtime      # DAGs    # Errors  Last Runtime    Last Run
--------------------------------------------  -----  ---------  --------  ----------  --------------  -------------------
/opt/airflow/dags/who_health_pipeline_dag.py                           0           1  1.20s           2025-05-22T14:44:34
================================================================================
[2025-05-22T14:45:25.412+0000] {manager.py:878} INFO - 
================================================================================
DAG File Processing Stats

File Path                                     PID    Runtime      # DAGs    # Errors  Last Runtime    Last Run
--------------------------------------------  -----  ---------  --------  ----------  --------------  -------------------
/opt/airflow/dags/who_health_pipeline_dag.py                           0           1  1.54s           2025-05-22T14:45:06
================================================================================
[2025-05-22T14:45:55.844+0000] {manager.py:878} INFO - 
================================================================================
DAG File Processing Stats

File Path                                     PID    Runtime      # DAGs    # Errors  Last Runtime    Last Run
--------------------------------------------  -----  ---------  --------  ----------  --------------  -------------------
/opt/airflow/dags/who_health_pipeline_dag.py                           0           1  1.33s           2025-05-22T14:45:37
================================================================================
[2025-05-22T14:46:26.404+0000] {manager.py:878} INFO - 
================================================================================
DAG File Processing Stats

File Path                                     PID    Runtime      # DAGs    # Errors  Last Runtime    Last Run
--------------------------------------------  -----  ---------  --------  ----------  --------------  -------------------
/opt/airflow/dags/who_health_pipeline_dag.py                           0           1  1.51s           2025-05-22T14:46:09
================================================================================
[2025-05-22T14:46:56.756+0000] {manager.py:878} INFO - 
================================================================================
DAG File Processing Stats

File Path                                     PID    Runtime      # DAGs    # Errors  Last Runtime    Last Run
--------------------------------------------  -----  ---------  --------  ----------  --------------  -------------------
/opt/airflow/dags/who_health_pipeline_dag.py                           0           1  1.07s           2025-05-22T14:46:40
================================================================================
[2025-05-22T14:47:22.281+0000] {manager.py:737} INFO - Searching for files in /opt/airflow/dags
[2025-05-22T14:47:22.326+0000] {manager.py:740} INFO - There are 1 files in /opt/airflow/dags
[2025-05-22T14:47:27.286+0000] {manager.py:878} INFO - 
================================================================================
DAG File Processing Stats

File Path                                     PID    Runtime      # DAGs    # Errors  Last Runtime    Last Run
--------------------------------------------  -----  ---------  --------  ----------  --------------  -------------------
/opt/airflow/dags/who_health_pipeline_dag.py                           0           1  1.25s           2025-05-22T14:47:12
================================================================================
[2025-05-22T14:47:57.752+0000] {manager.py:878} INFO - 
================================================================================
DAG File Processing Stats

File Path                                     PID    Runtime      # DAGs    # Errors  Last Runtime    Last Run
--------------------------------------------  -----  ---------  --------  ----------  --------------  -------------------
/opt/airflow/dags/who_health_pipeline_dag.py                           0           1  1.54s           2025-05-22T14:47:43
================================================================================
[2025-05-22T14:48:28.221+0000] {manager.py:878} INFO - 
================================================================================
DAG File Processing Stats

File Path                                     PID    Runtime      # DAGs    # Errors  Last Runtime    Last Run
--------------------------------------------  -----  ---------  --------  ----------  --------------  -------------------
/opt/airflow/dags/who_health_pipeline_dag.py                           0           1  1.23s           2025-05-22T14:48:15
================================================================================
[2025-05-22T14:48:58.680+0000] {manager.py:878} INFO - 
================================================================================
DAG File Processing Stats

File Path                                     PID    Runtime      # DAGs    # Errors  Last Runtime    Last Run
--------------------------------------------  -----  ---------  --------  ----------  --------------  -------------------
/opt/airflow/dags/who_health_pipeline_dag.py                           0           1  1.23s           2025-05-22T14:48:46
================================================================================
[2025-05-22T14:49:29.105+0000] {manager.py:878} INFO - 
================================================================================
DAG File Processing Stats

File Path                                     PID    Runtime      # DAGs    # Errors  Last Runtime    Last Run
--------------------------------------------  -----  ---------  --------  ----------  --------------  -------------------
/opt/airflow/dags/who_health_pipeline_dag.py                           0           1  1.20s           2025-05-22T14:49:18
================================================================================
[2025-05-22T14:49:59.754+0000] {manager.py:878} INFO - 
================================================================================
DAG File Processing Stats

File Path                                     PID    Runtime      # DAGs    # Errors  Last Runtime    Last Run
--------------------------------------------  -----  ---------  --------  ----------  --------------  -------------------
/opt/airflow/dags/who_health_pipeline_dag.py                           0           1  1.20s           2025-05-22T14:49:49
================================================================================
[2025-05-22T14:50:30.261+0000] {manager.py:878} INFO - 
================================================================================
DAG File Processing Stats

File Path                                     PID    Runtime      # DAGs    # Errors  Last Runtime    Last Run
--------------------------------------------  -----  ---------  --------  ----------  --------------  -------------------
/opt/airflow/dags/who_health_pipeline_dag.py                           0           1  1.17s           2025-05-22T14:50:21
================================================================================
[2025-05-22T14:51:00.929+0000] {manager.py:878} INFO - 
================================================================================
DAG File Processing Stats

File Path                                     PID    Runtime      # DAGs    # Errors  Last Runtime    Last Run
--------------------------------------------  -----  ---------  --------  ----------  --------------  -------------------
/opt/airflow/dags/who_health_pipeline_dag.py                           0           1  1.27s           2025-05-22T14:50:52
================================================================================
[2025-05-22T14:51:31.541+0000] {manager.py:878} INFO - 
================================================================================
DAG File Processing Stats

File Path                                     PID    Runtime      # DAGs    # Errors  Last Runtime    Last Run
--------------------------------------------  -----  ---------  --------  ----------  --------------  -------------------
/opt/airflow/dags/who_health_pipeline_dag.py                           0           1  1.16s           2025-05-22T14:51:24
================================================================================
[2025-05-22T14:52:01.894+0000] {manager.py:878} INFO - 
================================================================================
DAG File Processing Stats

File Path                                     PID    Runtime      # DAGs    # Errors  Last Runtime    Last Run
--------------------------------------------  -----  ---------  --------  ----------  --------------  -------------------
/opt/airflow/dags/who_health_pipeline_dag.py                           0           1  2.11s           2025-05-22T14:51:56
================================================================================
[2025-05-22T14:52:23.171+0000] {manager.py:737} INFO - Searching for files in /opt/airflow/dags
[2025-05-22T14:52:23.214+0000] {manager.py:740} INFO - There are 1 files in /opt/airflow/dags
[2025-05-22T14:52:32.394+0000] {manager.py:878} INFO - 
================================================================================
DAG File Processing Stats

File Path                                     PID    Runtime      # DAGs    # Errors  Last Runtime    Last Run
--------------------------------------------  -----  ---------  --------  ----------  --------------  -------------------
/opt/airflow/dags/who_health_pipeline_dag.py                           0           1  1.16s           2025-05-22T14:52:28
================================================================================
[2025-05-22T14:53:02.936+0000] {manager.py:878} INFO - 
================================================================================
DAG File Processing Stats

File Path                                     PID    Runtime      # DAGs    # Errors  Last Runtime    Last Run
--------------------------------------------  -----  ---------  --------  ----------  --------------  -------------------
/opt/airflow/dags/who_health_pipeline_dag.py                           0           1  1.27s           2025-05-22T14:53:00
================================================================================
[2025-05-22T14:53:33.494+0000] {manager.py:878} INFO - 
================================================================================
DAG File Processing Stats

File Path                                     PID    Runtime      # DAGs    # Errors  Last Runtime    Last Run
--------------------------------------------  -----  ---------  --------  ----------  --------------  -------------------
/opt/airflow/dags/who_health_pipeline_dag.py                           0           1  1.22s           2025-05-22T14:53:31
================================================================================
[2025-05-22T14:54:04.087+0000] {manager.py:878} INFO - 
================================================================================
DAG File Processing Stats

File Path                                     PID    Runtime      # DAGs    # Errors  Last Runtime    Last Run
--------------------------------------------  -----  ---------  --------  ----------  --------------  -------------------
/opt/airflow/dags/who_health_pipeline_dag.py                           0           1  1.32s           2025-05-22T14:54:03
================================================================================
[2025-05-22T14:54:34.859+0000] {manager.py:878} INFO - 
================================================================================
DAG File Processing Stats

File Path                                       PID  Runtime      # DAGs    # Errors  Last Runtime    Last Run
--------------------------------------------  -----  ---------  --------  ----------  --------------  -------------------
/opt/airflow/dags/who_health_pipeline_dag.py    297  1.01s             0           1  1.32s           2025-05-22T14:54:03
================================================================================
[2025-05-22T14:55:05.091+0000] {manager.py:878} INFO - 
================================================================================
DAG File Processing Stats

File Path                                     PID    Runtime      # DAGs    # Errors  Last Runtime    Last Run
--------------------------------------------  -----  ---------  --------  ----------  --------------  -------------------
/opt/airflow/dags/who_health_pipeline_dag.py                           0           1  1.75s           2025-05-22T14:54:35
================================================================================
[2025-05-22T14:55:35.537+0000] {manager.py:878} INFO - 
================================================================================
DAG File Processing Stats

File Path                                     PID    Runtime      # DAGs    # Errors  Last Runtime    Last Run
--------------------------------------------  -----  ---------  --------  ----------  --------------  -------------------
/opt/airflow/dags/who_health_pipeline_dag.py                           0           1  1.18s           2025-05-22T14:55:07
================================================================================
[2025-05-22T14:56:05.925+0000] {manager.py:878} INFO - 
================================================================================
DAG File Processing Stats

File Path                                     PID    Runtime      # DAGs    # Errors  Last Runtime    Last Run
--------------------------------------------  -----  ---------  --------  ----------  --------------  -------------------
/opt/airflow/dags/who_health_pipeline_dag.py                           0           1  1.05s           2025-05-22T14:55:38
================================================================================
[2025-05-22T14:56:36.360+0000] {manager.py:878} INFO - 
================================================================================
DAG File Processing Stats

File Path                                     PID    Runtime      # DAGs    # Errors  Last Runtime    Last Run
--------------------------------------------  -----  ---------  --------  ----------  --------------  -------------------
/opt/airflow/dags/who_health_pipeline_dag.py                           0           1  0.99s           2025-05-22T14:56:09
================================================================================
[2025-05-22T14:57:06.852+0000] {manager.py:878} INFO - 
================================================================================
DAG File Processing Stats

File Path                                     PID    Runtime      # DAGs    # Errors  Last Runtime    Last Run
--------------------------------------------  -----  ---------  --------  ----------  --------------  -------------------
/opt/airflow/dags/who_health_pipeline_dag.py                           0           1  1.08s           2025-05-22T14:56:41
================================================================================
[2025-05-22T14:57:24.079+0000] {manager.py:737} INFO - Searching for files in /opt/airflow/dags
[2025-05-22T14:57:24.148+0000] {manager.py:740} INFO - There are 1 files in /opt/airflow/dags
[2025-05-22T14:57:37.380+0000] {manager.py:878} INFO - 
================================================================================
DAG File Processing Stats

File Path                                     PID    Runtime      # DAGs    # Errors  Last Runtime    Last Run
--------------------------------------------  -----  ---------  --------  ----------  --------------  -------------------
/opt/airflow/dags/who_health_pipeline_dag.py                           0           1  0.94s           2025-05-22T14:57:12
================================================================================
[2025-05-22T14:58:07.767+0000] {manager.py:878} INFO - 
================================================================================
DAG File Processing Stats

File Path                                     PID    Runtime      # DAGs    # Errors  Last Runtime    Last Run
--------------------------------------------  -----  ---------  --------  ----------  --------------  -------------------
/opt/airflow/dags/who_health_pipeline_dag.py                           0           1  0.97s           2025-05-22T14:57:44
================================================================================
[2025-05-22T14:58:38.215+0000] {manager.py:878} INFO - 
================================================================================
DAG File Processing Stats

File Path                                     PID    Runtime      # DAGs    # Errors  Last Runtime    Last Run
--------------------------------------------  -----  ---------  --------  ----------  --------------  -------------------
/opt/airflow/dags/who_health_pipeline_dag.py                           0           1  1.11s           2025-05-22T14:58:15
================================================================================
[2025-05-22T14:59:08.709+0000] {manager.py:878} INFO - 
================================================================================
DAG File Processing Stats

File Path                                     PID    Runtime      # DAGs    # Errors  Last Runtime    Last Run
--------------------------------------------  -----  ---------  --------  ----------  --------------  -------------------
/opt/airflow/dags/who_health_pipeline_dag.py                           0           1  1.04s           2025-05-22T14:58:47
================================================================================
[2025-05-22T14:59:39.097+0000] {manager.py:878} INFO - 
================================================================================
DAG File Processing Stats

File Path                                     PID    Runtime      # DAGs    # Errors  Last Runtime    Last Run
--------------------------------------------  -----  ---------  --------  ----------  --------------  -------------------
/opt/airflow/dags/who_health_pipeline_dag.py                           0           1  1.02s           2025-05-22T14:59:18
================================================================================
[2025-05-22T15:00:09.564+0000] {manager.py:878} INFO - 
================================================================================
DAG File Processing Stats

File Path                                     PID    Runtime      # DAGs    # Errors  Last Runtime    Last Run
--------------------------------------------  -----  ---------  --------  ----------  --------------  -------------------
/opt/airflow/dags/who_health_pipeline_dag.py                           0           1  1.07s           2025-05-22T14:59:50
================================================================================
[2025-05-22T15:00:40.014+0000] {manager.py:878} INFO - 
================================================================================
DAG File Processing Stats

File Path                                     PID    Runtime      # DAGs    # Errors  Last Runtime    Last Run
--------------------------------------------  -----  ---------  --------  ----------  --------------  -------------------
/opt/airflow/dags/who_health_pipeline_dag.py                           0           1  1.09s           2025-05-22T15:00:21
================================================================================
[2025-05-22T15:01:10.472+0000] {manager.py:878} INFO - 
================================================================================
DAG File Processing Stats

File Path                                     PID    Runtime      # DAGs    # Errors  Last Runtime    Last Run
--------------------------------------------  -----  ---------  --------  ----------  --------------  -------------------
/opt/airflow/dags/who_health_pipeline_dag.py                           0           1  1.95s           2025-05-22T15:00:54
================================================================================
[2025-05-22T15:01:41.073+0000] {manager.py:878} INFO - 
================================================================================
DAG File Processing Stats

File Path                                     PID    Runtime      # DAGs    # Errors  Last Runtime    Last Run
--------------------------------------------  -----  ---------  --------  ----------  --------------  -------------------
/opt/airflow/dags/who_health_pipeline_dag.py                           0           1  1.43s           2025-05-22T15:01:26
================================================================================
[2025-05-22T15:02:11.601+0000] {manager.py:878} INFO - 
================================================================================
DAG File Processing Stats

File Path                                     PID    Runtime      # DAGs    # Errors  Last Runtime    Last Run
--------------------------------------------  -----  ---------  --------  ----------  --------------  -------------------
/opt/airflow/dags/who_health_pipeline_dag.py                           0           1  1.16s           2025-05-22T15:01:57
================================================================================
[2025-05-22T15:02:24.843+0000] {manager.py:737} INFO - Searching for files in /opt/airflow/dags
[2025-05-22T15:02:24.875+0000] {manager.py:740} INFO - There are 1 files in /opt/airflow/dags
[2025-05-22T15:02:42.200+0000] {manager.py:878} INFO - 
================================================================================
DAG File Processing Stats

File Path                                     PID    Runtime      # DAGs    # Errors  Last Runtime    Last Run
--------------------------------------------  -----  ---------  --------  ----------  --------------  -------------------
/opt/airflow/dags/who_health_pipeline_dag.py                           0           1  1.29s           2025-05-22T15:02:29
================================================================================
[2025-05-22T15:03:12.872+0000] {manager.py:878} INFO - 
================================================================================
DAG File Processing Stats

File Path                                     PID    Runtime      # DAGs    # Errors  Last Runtime    Last Run
--------------------------------------------  -----  ---------  --------  ----------  --------------  -------------------
/opt/airflow/dags/who_health_pipeline_dag.py                           0           1  1.37s           2025-05-22T15:03:00
================================================================================
[2025-05-22T15:03:43.422+0000] {manager.py:878} INFO - 
================================================================================
DAG File Processing Stats

File Path                                     PID    Runtime      # DAGs    # Errors  Last Runtime    Last Run
--------------------------------------------  -----  ---------  --------  ----------  --------------  -------------------
/opt/airflow/dags/who_health_pipeline_dag.py                           0           1  1.34s           2025-05-22T15:03:32
================================================================================
[2025-05-22T15:04:14.101+0000] {manager.py:878} INFO - 
================================================================================
DAG File Processing Stats

File Path                                     PID    Runtime      # DAGs    # Errors  Last Runtime    Last Run
--------------------------------------------  -----  ---------  --------  ----------  --------------  -------------------
/opt/airflow/dags/who_health_pipeline_dag.py                           0           1  1.33s           2025-05-22T15:04:04
================================================================================
[2025-05-22T15:04:44.635+0000] {manager.py:878} INFO - 
================================================================================
DAG File Processing Stats

File Path                                     PID    Runtime      # DAGs    # Errors  Last Runtime    Last Run
--------------------------------------------  -----  ---------  --------  ----------  --------------  -------------------
/opt/airflow/dags/who_health_pipeline_dag.py                           0           1  1.02s           2025-05-22T15:04:35
================================================================================
[2025-05-22T15:05:15.037+0000] {manager.py:878} INFO - 
================================================================================
DAG File Processing Stats

File Path                                     PID    Runtime      # DAGs    # Errors  Last Runtime    Last Run
--------------------------------------------  -----  ---------  --------  ----------  --------------  -------------------
/opt/airflow/dags/who_health_pipeline_dag.py                           0           1  5.02s           2025-05-22T15:05:10
================================================================================
[2025-05-22T15:05:45.045+0000] {manager.py:878} INFO - 
================================================================================
DAG File Processing Stats

File Path                                     PID    Runtime      # DAGs    # Errors  Last Runtime    Last Run
--------------------------------------------  -----  ---------  --------  ----------  --------------  -------------------
/opt/airflow/dags/who_health_pipeline_dag.py                           0           1  1.67s           2025-05-22T15:05:43
================================================================================
[2025-05-22T15:06:15.533+0000] {manager.py:878} INFO - 
================================================================================
DAG File Processing Stats

File Path                                     PID    Runtime      # DAGs    # Errors  Last Runtime    Last Run
--------------------------------------------  -----  ---------  --------  ----------  --------------  -------------------
/opt/airflow/dags/who_health_pipeline_dag.py                           0           1  1.15s           2025-05-22T15:06:14
================================================================================
[2025-05-22T15:06:46.018+0000] {manager.py:878} INFO - 
================================================================================
DAG File Processing Stats

File Path                                       PID  Runtime      # DAGs    # Errors  Last Runtime    Last Run
--------------------------------------------  -----  ---------  --------  ----------  --------------  -------------------
/opt/airflow/dags/who_health_pipeline_dag.py    435  1.02s             0           1  1.15s           2025-05-22T15:06:14
================================================================================
[2025-05-22T15:07:16.390+0000] {manager.py:878} INFO - 
================================================================================
DAG File Processing Stats

File Path                                       PID  Runtime      # DAGs    # Errors  Last Runtime    Last Run
--------------------------------------------  -----  ---------  --------  ----------  --------------  -------------------
/opt/airflow/dags/who_health_pipeline_dag.py    441  0.00s             0           1  1.22s           2025-05-22T15:06:46
================================================================================
[2025-05-22T15:07:25.012+0000] {manager.py:737} INFO - Searching for files in /opt/airflow/dags
[2025-05-22T15:07:25.057+0000] {manager.py:740} INFO - There are 1 files in /opt/airflow/dags
[2025-05-22T15:07:47.031+0000] {manager.py:878} INFO - 
================================================================================
DAG File Processing Stats

File Path                                     PID    Runtime      # DAGs    # Errors  Last Runtime    Last Run
--------------------------------------------  -----  ---------  --------  ----------  --------------  -------------------
/opt/airflow/dags/who_health_pipeline_dag.py                           0           1  1.55s           2025-05-22T15:07:17
================================================================================
[2025-05-22T15:08:17.776+0000] {manager.py:878} INFO - 
================================================================================
DAG File Processing Stats

File Path                                     PID    Runtime      # DAGs    # Errors  Last Runtime    Last Run
--------------------------------------------  -----  ---------  --------  ----------  --------------  -------------------
/opt/airflow/dags/who_health_pipeline_dag.py                           0           1  1.30s           2025-05-22T15:07:49
================================================================================
[2025-05-22T15:08:48.436+0000] {manager.py:878} INFO - 
================================================================================
DAG File Processing Stats

File Path                                     PID    Runtime      # DAGs    # Errors  Last Runtime    Last Run
--------------------------------------------  -----  ---------  --------  ----------  --------------  -------------------
/opt/airflow/dags/who_health_pipeline_dag.py                           0           1  1.24s           2025-05-22T15:08:21
================================================================================
[2025-05-22T15:09:18.960+0000] {manager.py:878} INFO - 
================================================================================
DAG File Processing Stats

File Path                                     PID    Runtime      # DAGs    # Errors  Last Runtime    Last Run
--------------------------------------------  -----  ---------  --------  ----------  --------------  -------------------
/opt/airflow/dags/who_health_pipeline_dag.py                           0           1  1.13s           2025-05-22T15:08:52
================================================================================
[2025-05-22T15:09:49.664+0000] {manager.py:878} INFO - 
================================================================================
DAG File Processing Stats

File Path                                     PID    Runtime      # DAGs    # Errors  Last Runtime    Last Run
--------------------------------------------  -----  ---------  --------  ----------  --------------  -------------------
/opt/airflow/dags/who_health_pipeline_dag.py                           0           1  1.16s           2025-05-22T15:09:24
================================================================================
[2025-05-22T15:10:19.721+0000] {manager.py:878} INFO - 
================================================================================
DAG File Processing Stats

File Path                                     PID    Runtime      # DAGs    # Errors  Last Runtime    Last Run
--------------------------------------------  -----  ---------  --------  ----------  --------------  -------------------
/opt/airflow/dags/who_health_pipeline_dag.py                           0           1  1.73s           2025-05-22T15:09:56
================================================================================
[2025-05-22T15:10:50.092+0000] {manager.py:878} INFO - 
================================================================================
DAG File Processing Stats

File Path                                     PID    Runtime      # DAGs    # Errors  Last Runtime    Last Run
--------------------------------------------  -----  ---------  --------  ----------  --------------  -------------------
/opt/airflow/dags/who_health_pipeline_dag.py                           0           1  1.75s           2025-05-22T15:10:28
================================================================================
[2025-05-22T15:10:56.760+0000] {manager.py:452} INFO - Exiting gracefully upon receiving signal 15
[2025-05-22T19:53:42.969+0000] {manager.py:470} INFO - Processing files using up to 2 processes at a time 
[2025-05-22T19:53:43.008+0000] {manager.py:471} INFO - Process each file at most once every 30 seconds
[2025-05-22T19:53:43.017+0000] {manager.py:472} INFO - Checking for new files in /opt/airflow/dags every 300 seconds
[2025-05-22T19:53:43.029+0000] {manager.py:737} INFO - Searching for files in /opt/airflow/dags
[2025-05-22T19:53:44.169+0000] {manager.py:740} INFO - There are 1 files in /opt/airflow/dags
[2025-05-22T19:53:45.096+0000] {manager.py:878} INFO - 
================================================================================
DAG File Processing Stats

File Path                                       PID  Runtime      # DAGs    # Errors  Last Runtime    Last Run
--------------------------------------------  -----  ---------  --------  ----------  --------------  ----------
/opt/airflow/dags/who_health_pipeline_dag.py    160  0.44s             0           0
================================================================================
[2025-05-22T19:54:15.275+0000] {manager.py:878} INFO - 
================================================================================
DAG File Processing Stats

File Path                                     PID    Runtime      # DAGs    # Errors  Last Runtime    Last Run
--------------------------------------------  -----  ---------  --------  ----------  --------------  -------------------
/opt/airflow/dags/who_health_pipeline_dag.py                           1           0  22.21s          2025-05-22T19:54:06
================================================================================
[2025-05-22T19:54:45.469+0000] {manager.py:878} INFO - 
================================================================================
DAG File Processing Stats

File Path                                     PID    Runtime      # DAGs    # Errors  Last Runtime    Last Run
--------------------------------------------  -----  ---------  --------  ----------  --------------  -------------------
/opt/airflow/dags/who_health_pipeline_dag.py                           1           0  3.89s           2025-05-22T19:54:40
================================================================================
[2025-05-22T19:55:15.561+0000] {manager.py:878} INFO - 
================================================================================
DAG File Processing Stats

File Path                                     PID    Runtime      # DAGs    # Errors  Last Runtime    Last Run
--------------------------------------------  -----  ---------  --------  ----------  --------------  -------------------
/opt/airflow/dags/who_health_pipeline_dag.py                           1           0  2.60s           2025-05-22T19:55:14
================================================================================
[2025-05-22T19:55:16.829+0000] {manager.py:452} INFO - Exiting gracefully upon receiving signal 15
[2025-05-22T19:56:19.563+0000] {manager.py:470} INFO - Processing files using up to 2 processes at a time 
[2025-05-22T19:56:19.568+0000] {manager.py:471} INFO - Process each file at most once every 30 seconds
[2025-05-22T19:56:19.571+0000] {manager.py:472} INFO - Checking for new files in /opt/airflow/dags every 300 seconds
[2025-05-22T19:56:19.575+0000] {manager.py:737} INFO - Searching for files in /opt/airflow/dags
[2025-05-22T19:56:19.640+0000] {manager.py:740} INFO - There are 1 files in /opt/airflow/dags
[2025-05-22T19:56:20.407+0000] {manager.py:878} INFO - 
================================================================================
DAG File Processing Stats

File Path                                       PID  Runtime      # DAGs    # Errors  Last Runtime    Last Run
--------------------------------------------  -----  ---------  --------  ----------  --------------  ----------
/opt/airflow/dags/who_health_pipeline_dag.py    161  0.29s             0           0
================================================================================
[2025-05-22T19:56:50.766+0000] {manager.py:878} INFO - 
================================================================================
DAG File Processing Stats

File Path                                     PID    Runtime      # DAGs    # Errors  Last Runtime    Last Run
--------------------------------------------  -----  ---------  --------  ----------  --------------  -------------------
/opt/airflow/dags/who_health_pipeline_dag.py                           1           0  10.37s          2025-05-22T19:56:30
================================================================================
[2025-05-22T19:57:21.640+0000] {manager.py:878} INFO - 
================================================================================
DAG File Processing Stats

File Path                                     PID    Runtime      # DAGs    # Errors  Last Runtime    Last Run
--------------------------------------------  -----  ---------  --------  ----------  --------------  -------------------
/opt/airflow/dags/who_health_pipeline_dag.py                           1           0  2.37s           2025-05-22T19:57:03
================================================================================
[2025-05-22T19:57:52.078+0000] {manager.py:878} INFO - 
================================================================================
DAG File Processing Stats

File Path                                     PID    Runtime      # DAGs    # Errors  Last Runtime    Last Run
--------------------------------------------  -----  ---------  --------  ----------  --------------  -------------------
/opt/airflow/dags/who_health_pipeline_dag.py                           1           0  1.55s           2025-05-22T19:57:35
================================================================================
[2025-05-22T19:58:22.287+0000] {manager.py:878} INFO - 
================================================================================
DAG File Processing Stats

File Path                                     PID    Runtime      # DAGs    # Errors  Last Runtime    Last Run
--------------------------------------------  -----  ---------  --------  ----------  --------------  -------------------
/opt/airflow/dags/who_health_pipeline_dag.py                           1           0  5.58s           2025-05-22T19:58:10
================================================================================
[2025-05-22T19:58:52.775+0000] {manager.py:878} INFO - 
================================================================================
DAG File Processing Stats

File Path                                     PID    Runtime      # DAGs    # Errors  Last Runtime    Last Run
--------------------------------------------  -----  ---------  --------  ----------  --------------  -------------------
/opt/airflow/dags/who_health_pipeline_dag.py                           1           0  1.91s           2025-05-22T19:58:43
================================================================================
[2025-05-22T19:59:23.149+0000] {manager.py:878} INFO - 
================================================================================
DAG File Processing Stats

File Path                                     PID    Runtime      # DAGs    # Errors  Last Runtime    Last Run
--------------------------------------------  -----  ---------  --------  ----------  --------------  -------------------
/opt/airflow/dags/who_health_pipeline_dag.py                           1           0  3.29s           2025-05-22T19:59:17
================================================================================
[2025-05-22T19:59:54.004+0000] {manager.py:878} INFO - 
================================================================================
DAG File Processing Stats

File Path                                     PID    Runtime      # DAGs    # Errors  Last Runtime    Last Run
--------------------------------------------  -----  ---------  --------  ----------  --------------  -------------------
/opt/airflow/dags/who_health_pipeline_dag.py                           1           0  2.34s           2025-05-22T19:59:50
================================================================================
[2025-05-22T20:00:24.748+0000] {manager.py:878} INFO - 
================================================================================
DAG File Processing Stats

File Path                                     PID    Runtime      # DAGs    # Errors  Last Runtime    Last Run
--------------------------------------------  -----  ---------  --------  ----------  --------------  -------------------
/opt/airflow/dags/who_health_pipeline_dag.py                           1           0  3.06s           2025-05-22T20:00:23
================================================================================
[2025-05-22T20:00:55.199+0000] {manager.py:878} INFO - 
================================================================================
DAG File Processing Stats

File Path                                       PID  Runtime      # DAGs    # Errors  Last Runtime    Last Run
--------------------------------------------  -----  ---------  --------  ----------  --------------  -------------------
/opt/airflow/dags/who_health_pipeline_dag.py    233  1.03s             1           0  3.06s           2025-05-22T20:00:23
================================================================================
[2025-05-22T20:01:19.588+0000] {manager.py:737} INFO - Searching for files in /opt/airflow/dags
[2025-05-22T20:01:19.641+0000] {manager.py:740} INFO - There are 1 files in /opt/airflow/dags
[2025-05-22T20:01:25.717+0000] {manager.py:878} INFO - 
================================================================================
DAG File Processing Stats

File Path                                     PID    Runtime      # DAGs    # Errors  Last Runtime    Last Run
--------------------------------------------  -----  ---------  --------  ----------  --------------  -------------------
/opt/airflow/dags/who_health_pipeline_dag.py                           1           0  2.37s           2025-05-22T20:00:56
================================================================================
[2025-05-22T20:01:56.029+0000] {manager.py:878} INFO - 
================================================================================
DAG File Processing Stats

File Path                                     PID    Runtime      # DAGs    # Errors  Last Runtime    Last Run
--------------------------------------------  -----  ---------  --------  ----------  --------------  -------------------
/opt/airflow/dags/who_health_pipeline_dag.py                           1           0  1.91s           2025-05-22T20:01:28
================================================================================
[2025-05-22T20:02:26.710+0000] {manager.py:878} INFO - 
================================================================================
DAG File Processing Stats

File Path                                     PID    Runtime      # DAGs    # Errors  Last Runtime    Last Run
--------------------------------------------  -----  ---------  --------  ----------  --------------  -------------------
/opt/airflow/dags/who_health_pipeline_dag.py                           1           0  1.46s           2025-05-22T20:02:00
================================================================================
[2025-05-22T20:02:56.746+0000] {manager.py:878} INFO - 
================================================================================
DAG File Processing Stats

File Path                                     PID    Runtime      # DAGs    # Errors  Last Runtime    Last Run
--------------------------------------------  -----  ---------  --------  ----------  --------------  -------------------
/opt/airflow/dags/who_health_pipeline_dag.py                           1           0  1.73s           2025-05-22T20:02:32
================================================================================
[2025-05-22T20:03:26.999+0000] {manager.py:878} INFO - 
================================================================================
DAG File Processing Stats

File Path                                     PID    Runtime      # DAGs    # Errors  Last Runtime    Last Run
--------------------------------------------  -----  ---------  --------  ----------  --------------  -------------------
/opt/airflow/dags/who_health_pipeline_dag.py                           1           0  1.56s           2025-05-22T20:03:04
================================================================================
[2025-05-22T20:03:57.569+0000] {manager.py:878} INFO - 
================================================================================
DAG File Processing Stats

File Path                                     PID    Runtime      # DAGs    # Errors  Last Runtime    Last Run
--------------------------------------------  -----  ---------  --------  ----------  --------------  -------------------
/opt/airflow/dags/who_health_pipeline_dag.py                           1           0  2.43s           2025-05-22T20:03:37
================================================================================
[2025-05-22T20:04:28.357+0000] {manager.py:878} INFO - 
================================================================================
DAG File Processing Stats

File Path                                     PID    Runtime      # DAGs    # Errors  Last Runtime    Last Run
--------------------------------------------  -----  ---------  --------  ----------  --------------  -------------------
/opt/airflow/dags/who_health_pipeline_dag.py                           1           0  2.64s           2025-05-22T20:04:10
================================================================================
[2025-05-22T20:04:58.749+0000] {manager.py:878} INFO - 
================================================================================
DAG File Processing Stats

File Path                                     PID    Runtime      # DAGs    # Errors  Last Runtime    Last Run
--------------------------------------------  -----  ---------  --------  ----------  --------------  -------------------
/opt/airflow/dags/who_health_pipeline_dag.py                           1           0  1.43s           2025-05-22T20:04:41
================================================================================
[2025-05-22T20:05:29.112+0000] {manager.py:878} INFO - 
================================================================================
DAG File Processing Stats

File Path                                     PID    Runtime      # DAGs    # Errors  Last Runtime    Last Run
--------------------------------------------  -----  ---------  --------  ----------  --------------  -------------------
/opt/airflow/dags/who_health_pipeline_dag.py                           1           0  1.71s           2025-05-22T20:05:14
================================================================================
[2025-05-22T20:05:59.582+0000] {manager.py:878} INFO - 
================================================================================
DAG File Processing Stats

File Path                                     PID    Runtime      # DAGs    # Errors  Last Runtime    Last Run
--------------------------------------------  -----  ---------  --------  ----------  --------------  -------------------
/opt/airflow/dags/who_health_pipeline_dag.py                           1           0  1.31s           2025-05-22T20:05:45
================================================================================
[2025-05-22T20:06:20.184+0000] {manager.py:737} INFO - Searching for files in /opt/airflow/dags
[2025-05-22T20:06:20.218+0000] {manager.py:740} INFO - There are 1 files in /opt/airflow/dags
[2025-05-22T20:06:29.609+0000] {manager.py:878} INFO - 
================================================================================
DAG File Processing Stats

File Path                                     PID    Runtime      # DAGs    # Errors  Last Runtime    Last Run
--------------------------------------------  -----  ---------  --------  ----------  --------------  -------------------
/opt/airflow/dags/who_health_pipeline_dag.py                           1           0  1.56s           2025-05-22T20:06:17
================================================================================
[2025-05-22T20:06:59.628+0000] {manager.py:878} INFO - 
================================================================================
DAG File Processing Stats

File Path                                     PID    Runtime      # DAGs    # Errors  Last Runtime    Last Run
--------------------------------------------  -----  ---------  --------  ----------  --------------  -------------------
/opt/airflow/dags/who_health_pipeline_dag.py                           1           0  1.56s           2025-05-22T20:06:49
================================================================================
[2025-05-22T20:07:30.106+0000] {manager.py:878} INFO - 
================================================================================
DAG File Processing Stats

File Path                                     PID    Runtime      # DAGs    # Errors  Last Runtime    Last Run
--------------------------------------------  -----  ---------  --------  ----------  --------------  -------------------
/opt/airflow/dags/who_health_pipeline_dag.py                           1           0  1.22s           2025-05-22T20:07:21
================================================================================
[2025-05-22T20:08:00.775+0000] {manager.py:878} INFO - 
================================================================================
DAG File Processing Stats

File Path                                     PID    Runtime      # DAGs    # Errors  Last Runtime    Last Run
--------------------------------------------  -----  ---------  --------  ----------  --------------  -------------------
/opt/airflow/dags/who_health_pipeline_dag.py                           1           0  1.23s           2025-05-22T20:07:52
================================================================================
[2025-05-22T20:08:31.346+0000] {manager.py:878} INFO - 
================================================================================
DAG File Processing Stats

File Path                                     PID    Runtime      # DAGs    # Errors  Last Runtime    Last Run
--------------------------------------------  -----  ---------  --------  ----------  --------------  -------------------
/opt/airflow/dags/who_health_pipeline_dag.py                           1           0  1.14s           2025-05-22T20:08:24
================================================================================
[2025-05-22T20:09:01.733+0000] {manager.py:878} INFO - 
================================================================================
DAG File Processing Stats

File Path                                     PID    Runtime      # DAGs    # Errors  Last Runtime    Last Run
--------------------------------------------  -----  ---------  --------  ----------  --------------  -------------------
/opt/airflow/dags/who_health_pipeline_dag.py                           1           0  1.42s           2025-05-22T20:08:56
================================================================================
[2025-05-22T20:09:32.057+0000] {manager.py:878} INFO - 
================================================================================
DAG File Processing Stats

File Path                                     PID    Runtime      # DAGs    # Errors  Last Runtime    Last Run
--------------------------------------------  -----  ---------  --------  ----------  --------------  -------------------
/opt/airflow/dags/who_health_pipeline_dag.py                           1           0  1.72s           2025-05-22T20:09:28
================================================================================
[2025-05-22T20:10:02.800+0000] {manager.py:878} INFO - 
================================================================================
DAG File Processing Stats

File Path                                     PID    Runtime      # DAGs    # Errors  Last Runtime    Last Run
--------------------------------------------  -----  ---------  --------  ----------  --------------  -------------------
/opt/airflow/dags/who_health_pipeline_dag.py                           1           0  2.41s           2025-05-22T20:10:01
================================================================================
[2025-05-22T20:10:33.076+0000] {manager.py:878} INFO - 
================================================================================
DAG File Processing Stats

File Path                                     PID    Runtime      # DAGs    # Errors  Last Runtime    Last Run
--------------------------------------------  -----  ---------  --------  ----------  --------------  -------------------
/opt/airflow/dags/who_health_pipeline_dag.py                           1           0  1.75s           2025-05-22T20:10:33
================================================================================
[2025-05-22T20:10:36.323+0000] {manager.py:452} INFO - Exiting gracefully upon receiving signal 15
[2025-05-22T20:10:40.693+0000] {manager.py:452} INFO - Exiting gracefully upon receiving signal 15
[2025-05-22T20:12:07.275+0000] {manager.py:470} INFO - Processing files using up to 2 processes at a time 
[2025-05-22T20:12:07.277+0000] {manager.py:471} INFO - Process each file at most once every 30 seconds
[2025-05-22T20:12:07.280+0000] {manager.py:472} INFO - Checking for new files in /opt/airflow/dags every 300 seconds
[2025-05-22T20:12:07.282+0000] {manager.py:737} INFO - Searching for files in /opt/airflow/dags
[2025-05-22T20:12:07.311+0000] {manager.py:740} INFO - There are 1 files in /opt/airflow/dags
[2025-05-22T20:12:07.534+0000] {manager.py:878} INFO - 
================================================================================
DAG File Processing Stats

File Path                                       PID  Runtime      # DAGs    # Errors  Last Runtime    Last Run
--------------------------------------------  -----  ---------  --------  ----------  --------------  ----------
/opt/airflow/dags/who_health_pipeline_dag.py    160  0.10s             0           0
================================================================================
[2025-05-22T20:12:37.803+0000] {manager.py:878} INFO - 
================================================================================
DAG File Processing Stats

File Path                                     PID    Runtime      # DAGs    # Errors  Last Runtime    Last Run
--------------------------------------------  -----  ---------  --------  ----------  --------------  -------------------
/opt/airflow/dags/who_health_pipeline_dag.py                           1           0  12.04s          2025-05-22T20:12:19
================================================================================
[2025-05-22T20:13:08.588+0000] {manager.py:878} INFO - 
================================================================================
DAG File Processing Stats

File Path                                     PID    Runtime      # DAGs    # Errors  Last Runtime    Last Run
--------------------------------------------  -----  ---------  --------  ----------  --------------  -------------------
/opt/airflow/dags/who_health_pipeline_dag.py                           1           0  2.54s           2025-05-22T20:12:52
================================================================================
[2025-05-22T20:13:22.950+0000] {manager.py:452} INFO - Exiting gracefully upon receiving signal 15
[2025-05-22T20:14:33.062+0000] {manager.py:470} INFO - Processing files using up to 2 processes at a time 
[2025-05-22T20:14:33.069+0000] {manager.py:471} INFO - Process each file at most once every 30 seconds
[2025-05-22T20:14:33.075+0000] {manager.py:472} INFO - Checking for new files in /opt/airflow/dags every 300 seconds
[2025-05-22T20:14:33.085+0000] {manager.py:737} INFO - Searching for files in /opt/airflow/dags
[2025-05-22T20:14:33.150+0000] {manager.py:740} INFO - There are 1 files in /opt/airflow/dags
[2025-05-22T20:14:33.627+0000] {manager.py:878} INFO - 
================================================================================
DAG File Processing Stats

File Path                                       PID  Runtime      # DAGs    # Errors  Last Runtime    Last Run
--------------------------------------------  -----  ---------  --------  ----------  --------------  ----------
/opt/airflow/dags/who_health_pipeline_dag.py    160  0.20s             0           0
================================================================================
[2025-05-22T20:15:04.293+0000] {manager.py:878} INFO - 
================================================================================
DAG File Processing Stats

File Path                                     PID    Runtime      # DAGs    # Errors  Last Runtime    Last Run
--------------------------------------------  -----  ---------  --------  ----------  --------------  -------------------
/opt/airflow/dags/who_health_pipeline_dag.py                           1           0  4.35s           2025-05-22T20:14:37
================================================================================
[2025-05-22T20:15:34.325+0000] {manager.py:878} INFO - 
================================================================================
DAG File Processing Stats

File Path                                     PID    Runtime      # DAGs    # Errors  Last Runtime    Last Run
--------------------------------------------  -----  ---------  --------  ----------  --------------  -------------------
/opt/airflow/dags/who_health_pipeline_dag.py                           1           0  1.70s           2025-05-22T20:15:10
================================================================================
[2025-05-22T20:16:04.807+0000] {manager.py:878} INFO - 
================================================================================
DAG File Processing Stats

File Path                                     PID    Runtime      # DAGs    # Errors  Last Runtime    Last Run
--------------------------------------------  -----  ---------  --------  ----------  --------------  -------------------
/opt/airflow/dags/who_health_pipeline_dag.py                           1           0  1.26s           2025-05-22T20:15:41
================================================================================
[2025-05-22T20:16:35.619+0000] {manager.py:878} INFO - 
================================================================================
DAG File Processing Stats

File Path                                     PID    Runtime      # DAGs    # Errors  Last Runtime    Last Run
--------------------------------------------  -----  ---------  --------  ----------  --------------  -------------------
/opt/airflow/dags/who_health_pipeline_dag.py                           1           0  1.36s           2025-05-22T20:16:13
================================================================================
[2025-05-22T20:17:06.010+0000] {manager.py:878} INFO - 
================================================================================
DAG File Processing Stats

File Path                                     PID    Runtime      # DAGs    # Errors  Last Runtime    Last Run
--------------------------------------------  -----  ---------  --------  ----------  --------------  -------------------
/opt/airflow/dags/who_health_pipeline_dag.py                           1           0  1.25s           2025-05-22T20:16:44
================================================================================
[2025-05-22T20:17:36.568+0000] {manager.py:878} INFO - 
================================================================================
DAG File Processing Stats

File Path                                     PID    Runtime      # DAGs    # Errors  Last Runtime    Last Run
--------------------------------------------  -----  ---------  --------  ----------  --------------  -------------------
/opt/airflow/dags/who_health_pipeline_dag.py                           1           0  2.45s           2025-05-22T20:17:17
================================================================================
[2025-05-22T20:18:07.022+0000] {manager.py:878} INFO - 
================================================================================
DAG File Processing Stats

File Path                                     PID    Runtime      # DAGs    # Errors  Last Runtime    Last Run
--------------------------------------------  -----  ---------  --------  ----------  --------------  -------------------
/opt/airflow/dags/who_health_pipeline_dag.py                           1           0  1.91s           2025-05-22T20:17:49
================================================================================
[2025-05-22T20:18:37.225+0000] {manager.py:878} INFO - 
================================================================================
DAG File Processing Stats

File Path                                     PID    Runtime      # DAGs    # Errors  Last Runtime    Last Run
--------------------------------------------  -----  ---------  --------  ----------  --------------  -------------------
/opt/airflow/dags/who_health_pipeline_dag.py                           1           0  1.79s           2025-05-22T20:18:21
================================================================================
[2025-05-22T20:19:07.436+0000] {manager.py:878} INFO - 
================================================================================
DAG File Processing Stats

File Path                                     PID    Runtime      # DAGs    # Errors  Last Runtime    Last Run
--------------------------------------------  -----  ---------  --------  ----------  --------------  -------------------
/opt/airflow/dags/who_health_pipeline_dag.py                           1           0  1.70s           2025-05-22T20:18:54
================================================================================
[2025-05-22T20:19:33.895+0000] {manager.py:737} INFO - Searching for files in /opt/airflow/dags
[2025-05-22T20:19:33.933+0000] {manager.py:740} INFO - There are 1 files in /opt/airflow/dags
[2025-05-22T20:19:37.986+0000] {manager.py:878} INFO - 
================================================================================
DAG File Processing Stats

File Path                                     PID    Runtime      # DAGs    # Errors  Last Runtime    Last Run
--------------------------------------------  -----  ---------  --------  ----------  --------------  -------------------
/opt/airflow/dags/who_health_pipeline_dag.py                           1           0  2.32s           2025-05-22T20:19:26
================================================================================
[2025-05-22T20:20:08.098+0000] {manager.py:878} INFO - 
================================================================================
DAG File Processing Stats

File Path                                     PID    Runtime      # DAGs    # Errors  Last Runtime    Last Run
--------------------------------------------  -----  ---------  --------  ----------  --------------  -------------------
/opt/airflow/dags/who_health_pipeline_dag.py                           1           0  2.68s           2025-05-22T20:19:59
================================================================================
[2025-05-22T20:20:38.144+0000] {manager.py:878} INFO - 
================================================================================
DAG File Processing Stats

File Path                                     PID    Runtime      # DAGs    # Errors  Last Runtime    Last Run
--------------------------------------------  -----  ---------  --------  ----------  --------------  -------------------
/opt/airflow/dags/who_health_pipeline_dag.py                           1           0  1.83s           2025-05-22T20:20:32
================================================================================
[2025-05-22T20:21:09.133+0000] {manager.py:878} INFO - 
================================================================================
DAG File Processing Stats

File Path                                     PID    Runtime      # DAGs    # Errors  Last Runtime    Last Run
--------------------------------------------  -----  ---------  --------  ----------  --------------  -------------------
/opt/airflow/dags/who_health_pipeline_dag.py                           1           0  1.66s           2025-05-22T20:21:04
================================================================================
[2025-05-22T20:21:13.284+0000] {manager.py:452} INFO - Exiting gracefully upon receiving signal 15
[2025-05-22T20:33:43.856+0000] {manager.py:470} INFO - Processing files using up to 2 processes at a time 
[2025-05-22T20:33:43.859+0000] {manager.py:471} INFO - Process each file at most once every 30 seconds
[2025-05-22T20:33:43.862+0000] {manager.py:472} INFO - Checking for new files in /opt/airflow/dags every 300 seconds
[2025-05-22T20:33:43.874+0000] {manager.py:737} INFO - Searching for files in /opt/airflow/dags
[2025-05-22T20:33:43.957+0000] {manager.py:740} INFO - There are 1 files in /opt/airflow/dags
[2025-05-22T20:33:44.318+0000] {manager.py:878} INFO - 
================================================================================
DAG File Processing Stats

File Path                                       PID  Runtime      # DAGs    # Errors  Last Runtime    Last Run
--------------------------------------------  -----  ---------  --------  ----------  --------------  ----------
/opt/airflow/dags/who_health_pipeline_dag.py    160  0.17s             0           0
================================================================================
[2025-05-22T20:34:14.356+0000] {manager.py:878} INFO - 
================================================================================
DAG File Processing Stats

File Path                                     PID    Runtime      # DAGs    # Errors  Last Runtime    Last Run
--------------------------------------------  -----  ---------  --------  ----------  --------------  -------------------
/opt/airflow/dags/who_health_pipeline_dag.py                           1           0  7.37s           2025-05-22T20:33:51
================================================================================
[2025-05-22T20:34:44.772+0000] {manager.py:878} INFO - 
================================================================================
DAG File Processing Stats

File Path                                     PID    Runtime      # DAGs    # Errors  Last Runtime    Last Run
--------------------------------------------  -----  ---------  --------  ----------  --------------  -------------------
/opt/airflow/dags/who_health_pipeline_dag.py                           1           0  3.04s           2025-05-22T20:34:24
================================================================================
[2025-05-22T20:35:15.569+0000] {manager.py:878} INFO - 
================================================================================
DAG File Processing Stats

File Path                                     PID    Runtime      # DAGs    # Errors  Last Runtime    Last Run
--------------------------------------------  -----  ---------  --------  ----------  --------------  -------------------
/opt/airflow/dags/who_health_pipeline_dag.py                           1           0  1.44s           2025-05-22T20:34:56
================================================================================
[2025-05-22T20:35:45.755+0000] {manager.py:878} INFO - 
================================================================================
DAG File Processing Stats

File Path                                     PID    Runtime      # DAGs    # Errors  Last Runtime    Last Run
--------------------------------------------  -----  ---------  --------  ----------  --------------  -------------------
/opt/airflow/dags/who_health_pipeline_dag.py                           1           0  1.82s           2025-05-22T20:35:28
================================================================================
[2025-05-22T20:36:15.780+0000] {manager.py:878} INFO - 
================================================================================
DAG File Processing Stats

File Path                                     PID    Runtime      # DAGs    # Errors  Last Runtime    Last Run
--------------------------------------------  -----  ---------  --------  ----------  --------------  -------------------
/opt/airflow/dags/who_health_pipeline_dag.py                           1           0  1.42s           2025-05-22T20:36:00
================================================================================
[2025-05-22T20:36:45.923+0000] {manager.py:878} INFO - 
================================================================================
DAG File Processing Stats

File Path                                     PID    Runtime      # DAGs    # Errors  Last Runtime    Last Run
--------------------------------------------  -----  ---------  --------  ----------  --------------  -------------------
/opt/airflow/dags/who_health_pipeline_dag.py                           1           0  1.47s           2025-05-22T20:36:32
================================================================================
[2025-05-22T20:37:16.162+0000] {manager.py:878} INFO - 
================================================================================
DAG File Processing Stats

File Path                                     PID    Runtime      # DAGs    # Errors  Last Runtime    Last Run
--------------------------------------------  -----  ---------  --------  ----------  --------------  -------------------
/opt/airflow/dags/who_health_pipeline_dag.py                           1           0  1.74s           2025-05-22T20:37:04
================================================================================
[2025-05-22T20:37:46.266+0000] {manager.py:878} INFO - 
================================================================================
DAG File Processing Stats

File Path                                     PID    Runtime      # DAGs    # Errors  Last Runtime    Last Run
--------------------------------------------  -----  ---------  --------  ----------  --------------  -------------------
/opt/airflow/dags/who_health_pipeline_dag.py                           1           0  1.41s           2025-05-22T20:37:36
================================================================================
[2025-05-22T20:38:16.508+0000] {manager.py:878} INFO - 
================================================================================
DAG File Processing Stats

File Path                                     PID    Runtime      # DAGs    # Errors  Last Runtime    Last Run
--------------------------------------------  -----  ---------  --------  ----------  --------------  -------------------
/opt/airflow/dags/who_health_pipeline_dag.py                           1           0  1.65s           2025-05-22T20:38:08
================================================================================
[2025-05-22T20:38:44.365+0000] {manager.py:737} INFO - Searching for files in /opt/airflow/dags
[2025-05-22T20:38:44.406+0000] {manager.py:740} INFO - There are 1 files in /opt/airflow/dags
[2025-05-22T20:38:46.760+0000] {manager.py:878} INFO - 
================================================================================
DAG File Processing Stats

File Path                                     PID    Runtime      # DAGs    # Errors  Last Runtime    Last Run
--------------------------------------------  -----  ---------  --------  ----------  --------------  -------------------
/opt/airflow/dags/who_health_pipeline_dag.py                           1           0  1.84s           2025-05-22T20:38:40
================================================================================
[2025-05-22T20:39:16.781+0000] {manager.py:878} INFO - 
================================================================================
DAG File Processing Stats

File Path                                     PID    Runtime      # DAGs    # Errors  Last Runtime    Last Run
--------------------------------------------  -----  ---------  --------  ----------  --------------  -------------------
/opt/airflow/dags/who_health_pipeline_dag.py                           1           0  2.04s           2025-05-22T20:39:12
================================================================================
[2025-05-22T20:39:47.057+0000] {manager.py:878} INFO - 
================================================================================
DAG File Processing Stats

File Path                                     PID    Runtime      # DAGs    # Errors  Last Runtime    Last Run
--------------------------------------------  -----  ---------  --------  ----------  --------------  -------------------
/opt/airflow/dags/who_health_pipeline_dag.py                           1           0  1.86s           2025-05-22T20:39:45
================================================================================
[2025-05-22T20:40:17.722+0000] {manager.py:878} INFO - 
================================================================================
DAG File Processing Stats

File Path                                     PID    Runtime      # DAGs    # Errors  Last Runtime    Last Run
--------------------------------------------  -----  ---------  --------  ----------  --------------  -------------------
/opt/airflow/dags/who_health_pipeline_dag.py                           1           0  1.51s           2025-05-22T20:40:16
================================================================================
[2025-05-22T20:40:48.362+0000] {manager.py:878} INFO - 
================================================================================
DAG File Processing Stats

File Path                                       PID  Runtime      # DAGs    # Errors  Last Runtime    Last Run
--------------------------------------------  -----  ---------  --------  ----------  --------------  -------------------
/opt/airflow/dags/who_health_pipeline_dag.py    262  1.02s             1           0  1.51s           2025-05-22T20:40:16
================================================================================
[2025-05-22T20:41:18.625+0000] {manager.py:878} INFO - 
================================================================================
DAG File Processing Stats

File Path                                     PID    Runtime      # DAGs    # Errors  Last Runtime    Last Run
--------------------------------------------  -----  ---------  --------  ----------  --------------  -------------------
/opt/airflow/dags/who_health_pipeline_dag.py                           1           0  1.86s           2025-05-22T20:40:49
================================================================================
[2025-05-22T20:41:49.103+0000] {manager.py:878} INFO - 
================================================================================
DAG File Processing Stats

File Path                                     PID    Runtime      # DAGs    # Errors  Last Runtime    Last Run
--------------------------------------------  -----  ---------  --------  ----------  --------------  -------------------
/opt/airflow/dags/who_health_pipeline_dag.py                           1           0  1.32s           2025-05-22T20:41:20
================================================================================
[2025-05-22T20:42:19.327+0000] {manager.py:878} INFO - 
================================================================================
DAG File Processing Stats

File Path                                     PID    Runtime      # DAGs    # Errors  Last Runtime    Last Run
--------------------------------------------  -----  ---------  --------  ----------  --------------  -------------------
/opt/airflow/dags/who_health_pipeline_dag.py                           1           0  1.74s           2025-05-22T20:41:52
================================================================================
[2025-05-22T20:42:20.321+0000] {manager.py:452} INFO - Exiting gracefully upon receiving signal 15
[2025-05-22T20:44:03.985+0000] {manager.py:470} INFO - Processing files using up to 2 processes at a time 
[2025-05-22T20:44:03.987+0000] {manager.py:471} INFO - Process each file at most once every 30 seconds
[2025-05-22T20:44:03.989+0000] {manager.py:472} INFO - Checking for new files in /opt/airflow/dags every 300 seconds
[2025-05-22T20:44:03.992+0000] {manager.py:737} INFO - Searching for files in /opt/airflow/dags
[2025-05-22T20:44:04.172+0000] {manager.py:740} INFO - There are 1 files in /opt/airflow/dags
[2025-05-22T20:44:04.635+0000] {manager.py:878} INFO - 
================================================================================
DAG File Processing Stats

File Path                                       PID  Runtime      # DAGs    # Errors  Last Runtime    Last Run
--------------------------------------------  -----  ---------  --------  ----------  --------------  ----------
/opt/airflow/dags/who_health_pipeline_dag.py    162  0.25s             0           0
================================================================================
[2025-05-22T20:44:34.696+0000] {manager.py:878} INFO - 
================================================================================
DAG File Processing Stats

File Path                                     PID    Runtime      # DAGs    # Errors  Last Runtime    Last Run
--------------------------------------------  -----  ---------  --------  ----------  --------------  -------------------
/opt/airflow/dags/who_health_pipeline_dag.py                           1           0  7.09s           2025-05-22T20:44:11
================================================================================
[2025-05-22T20:45:05.169+0000] {manager.py:878} INFO - 
================================================================================
DAG File Processing Stats

File Path                                     PID    Runtime      # DAGs    # Errors  Last Runtime    Last Run
--------------------------------------------  -----  ---------  --------  ----------  --------------  -------------------
/opt/airflow/dags/who_health_pipeline_dag.py                           1           0  1.70s           2025-05-22T20:44:43
================================================================================
[2025-05-22T20:45:35.478+0000] {manager.py:878} INFO - 
================================================================================
DAG File Processing Stats

File Path                                     PID    Runtime      # DAGs    # Errors  Last Runtime    Last Run
--------------------------------------------  -----  ---------  --------  ----------  --------------  -------------------
/opt/airflow/dags/who_health_pipeline_dag.py                           1           0  1.81s           2025-05-22T20:45:15
================================================================================
[2025-05-22T20:46:05.834+0000] {manager.py:878} INFO - 
================================================================================
DAG File Processing Stats

File Path                                     PID    Runtime      # DAGs    # Errors  Last Runtime    Last Run
--------------------------------------------  -----  ---------  --------  ----------  --------------  -------------------
/opt/airflow/dags/who_health_pipeline_dag.py                           1           0  5.40s           2025-05-22T20:45:50
================================================================================
[2025-05-22T20:46:36.304+0000] {manager.py:878} INFO - 
================================================================================
DAG File Processing Stats

File Path                                     PID    Runtime      # DAGs    # Errors  Last Runtime    Last Run
--------------------------------------------  -----  ---------  --------  ----------  --------------  -------------------
/opt/airflow/dags/who_health_pipeline_dag.py                           1           0  1.91s           2025-05-22T20:46:22
================================================================================
[2025-05-22T20:47:06.970+0000] {manager.py:878} INFO - 
================================================================================
DAG File Processing Stats

File Path                                     PID    Runtime      # DAGs    # Errors  Last Runtime    Last Run
--------------------------------------------  -----  ---------  --------  ----------  --------------  -------------------
/opt/airflow/dags/who_health_pipeline_dag.py                           1           0  1.50s           2025-05-22T20:46:55
================================================================================
[2025-05-22T20:47:37.303+0000] {manager.py:878} INFO - 
================================================================================
DAG File Processing Stats

File Path                                     PID    Runtime      # DAGs    # Errors  Last Runtime    Last Run
--------------------------------------------  -----  ---------  --------  ----------  --------------  -------------------
/opt/airflow/dags/who_health_pipeline_dag.py                           1           0  1.23s           2025-05-22T20:47:26
================================================================================
[2025-05-22T20:48:07.436+0000] {manager.py:878} INFO - 
================================================================================
DAG File Processing Stats

File Path                                     PID    Runtime      # DAGs    # Errors  Last Runtime    Last Run
--------------------------------------------  -----  ---------  --------  ----------  --------------  -------------------
/opt/airflow/dags/who_health_pipeline_dag.py                           1           0  1.77s           2025-05-22T20:47:58
================================================================================
[2025-05-22T20:48:37.895+0000] {manager.py:878} INFO - 
================================================================================
DAG File Processing Stats

File Path                                     PID    Runtime      # DAGs    # Errors  Last Runtime    Last Run
--------------------------------------------  -----  ---------  --------  ----------  --------------  -------------------
/opt/airflow/dags/who_health_pipeline_dag.py                           1           0  1.27s           2025-05-22T20:48:30
================================================================================
[2025-05-22T20:49:04.306+0000] {manager.py:737} INFO - Searching for files in /opt/airflow/dags
[2025-05-22T20:49:04.350+0000] {manager.py:740} INFO - There are 1 files in /opt/airflow/dags
[2025-05-22T20:49:08.042+0000] {manager.py:878} INFO - 
================================================================================
DAG File Processing Stats

File Path                                     PID    Runtime      # DAGs    # Errors  Last Runtime    Last Run
--------------------------------------------  -----  ---------  --------  ----------  --------------  -------------------
/opt/airflow/dags/who_health_pipeline_dag.py                           1           0  1.73s           2025-05-22T20:49:01
================================================================================
[2025-05-22T20:49:38.714+0000] {manager.py:878} INFO - 
================================================================================
DAG File Processing Stats

File Path                                     PID    Runtime      # DAGs    # Errors  Last Runtime    Last Run
--------------------------------------------  -----  ---------  --------  ----------  --------------  -------------------
/opt/airflow/dags/who_health_pipeline_dag.py                           1           0  1.60s           2025-05-22T20:49:33
================================================================================
[2025-05-22T20:50:09.377+0000] {manager.py:878} INFO - 
================================================================================
DAG File Processing Stats

File Path                                     PID    Runtime      # DAGs    # Errors  Last Runtime    Last Run
--------------------------------------------  -----  ---------  --------  ----------  --------------  -------------------
/opt/airflow/dags/who_health_pipeline_dag.py                           1           0  1.46s           2025-05-22T20:50:05
================================================================================
[2025-05-22T20:50:40.223+0000] {manager.py:878} INFO - 
================================================================================
DAG File Processing Stats

File Path                                     PID    Runtime      # DAGs    # Errors  Last Runtime    Last Run
--------------------------------------------  -----  ---------  --------  ----------  --------------  -------------------
/opt/airflow/dags/who_health_pipeline_dag.py                           1           0  1.46s           2025-05-22T20:50:37
================================================================================
[2025-05-22T20:51:10.683+0000] {manager.py:878} INFO - 
================================================================================
DAG File Processing Stats

File Path                                     PID    Runtime      # DAGs    # Errors  Last Runtime    Last Run
--------------------------------------------  -----  ---------  --------  ----------  --------------  -------------------
/opt/airflow/dags/who_health_pipeline_dag.py                           1           0  1.36s           2025-05-22T20:51:09
================================================================================
[2025-05-22T20:51:41.460+0000] {manager.py:878} INFO - 
================================================================================
DAG File Processing Stats

File Path                                     PID    Runtime      # DAGs    # Errors  Last Runtime    Last Run
--------------------------------------------  -----  ---------  --------  ----------  --------------  -------------------
/opt/airflow/dags/who_health_pipeline_dag.py                           1           0  1.22s           2025-05-22T20:51:40
================================================================================
[2025-05-22T20:52:11.940+0000] {manager.py:878} INFO - 
================================================================================
DAG File Processing Stats

File Path                                       PID  Runtime      # DAGs    # Errors  Last Runtime    Last Run
--------------------------------------------  -----  ---------  --------  ----------  --------------  -------------------
/opt/airflow/dags/who_health_pipeline_dag.py    256  1.01s             1           0  1.22s           2025-05-22T20:51:40
================================================================================
[2025-05-22T20:52:42.622+0000] {manager.py:878} INFO - 
================================================================================
DAG File Processing Stats

File Path                                       PID  Runtime      # DAGs    # Errors  Last Runtime    Last Run
--------------------------------------------  -----  ---------  --------  ----------  --------------  -------------------
/opt/airflow/dags/who_health_pipeline_dag.py    262  0.01s             1           0  1.05s           2025-05-22T20:52:11
================================================================================
[2025-05-22T20:53:13.079+0000] {manager.py:878} INFO - 
================================================================================
DAG File Processing Stats

File Path                                     PID    Runtime      # DAGs    # Errors  Last Runtime    Last Run
--------------------------------------------  -----  ---------  --------  ----------  --------------  -------------------
/opt/airflow/dags/who_health_pipeline_dag.py                           1           0  1.24s           2025-05-22T20:52:43
================================================================================
[2025-05-22T20:53:43.840+0000] {manager.py:878} INFO - 
================================================================================
DAG File Processing Stats

File Path                                     PID    Runtime      # DAGs    # Errors  Last Runtime    Last Run
--------------------------------------------  -----  ---------  --------  ----------  --------------  -------------------
/opt/airflow/dags/who_health_pipeline_dag.py                           1           0  1.39s           2025-05-22T20:53:15
================================================================================
[2025-05-22T20:54:05.105+0000] {manager.py:737} INFO - Searching for files in /opt/airflow/dags
[2025-05-22T20:54:05.161+0000] {manager.py:740} INFO - There are 1 files in /opt/airflow/dags
[2025-05-22T20:54:14.339+0000] {manager.py:878} INFO - 
================================================================================
DAG File Processing Stats

File Path                                     PID    Runtime      # DAGs    # Errors  Last Runtime    Last Run
--------------------------------------------  -----  ---------  --------  ----------  --------------  -------------------
/opt/airflow/dags/who_health_pipeline_dag.py                           1           0  1.94s           2025-05-22T20:53:47
================================================================================
[2025-05-22T20:54:44.726+0000] {manager.py:878} INFO - 
================================================================================
DAG File Processing Stats

File Path                                     PID    Runtime      # DAGs    # Errors  Last Runtime    Last Run
--------------------------------------------  -----  ---------  --------  ----------  --------------  -------------------
/opt/airflow/dags/who_health_pipeline_dag.py                           1           0  6.61s           2025-05-22T20:54:24
================================================================================
[2025-05-22T20:55:15.221+0000] {manager.py:878} INFO - 
================================================================================
DAG File Processing Stats

File Path                                     PID    Runtime      # DAGs    # Errors  Last Runtime    Last Run
--------------------------------------------  -----  ---------  --------  ----------  --------------  -------------------
/opt/airflow/dags/who_health_pipeline_dag.py                           1           0  1.35s           2025-05-22T20:54:56
================================================================================
[2025-05-22T20:55:45.375+0000] {manager.py:878} INFO - 
================================================================================
DAG File Processing Stats

File Path                                     PID    Runtime      # DAGs    # Errors  Last Runtime    Last Run
--------------------------------------------  -----  ---------  --------  ----------  --------------  -------------------
/opt/airflow/dags/who_health_pipeline_dag.py                           1           0  1.32s           2025-05-22T20:55:28
================================================================================
[2025-05-22T20:56:15.412+0000] {manager.py:878} INFO - 
================================================================================
DAG File Processing Stats

File Path                                     PID    Runtime      # DAGs    # Errors  Last Runtime    Last Run
--------------------------------------------  -----  ---------  --------  ----------  --------------  -------------------
/opt/airflow/dags/who_health_pipeline_dag.py                           1           0  6.40s           2025-05-22T20:56:05
================================================================================
[2025-05-22T20:56:45.647+0000] {manager.py:878} INFO - 
================================================================================
DAG File Processing Stats

File Path                                     PID    Runtime      # DAGs    # Errors  Last Runtime    Last Run
--------------------------------------------  -----  ---------  --------  ----------  --------------  -------------------
/opt/airflow/dags/who_health_pipeline_dag.py                           1           0  3.52s           2025-05-22T20:56:39
================================================================================
[2025-05-22T20:57:15.699+0000] {manager.py:878} INFO - 
================================================================================
DAG File Processing Stats

File Path                                     PID    Runtime      # DAGs    # Errors  Last Runtime    Last Run
--------------------------------------------  -----  ---------  --------  ----------  --------------  -------------------
/opt/airflow/dags/who_health_pipeline_dag.py                           1           0  2.73s           2025-05-22T20:57:12
================================================================================
[2025-05-22T20:57:46.528+0000] {manager.py:878} INFO - 
================================================================================
DAG File Processing Stats

File Path                                     PID    Runtime      # DAGs    # Errors  Last Runtime    Last Run
--------------------------------------------  -----  ---------  --------  ----------  --------------  -------------------
/opt/airflow/dags/who_health_pipeline_dag.py                           1           0  1.62s           2025-05-22T20:57:44
================================================================================
[2025-05-22T20:58:17.303+0000] {manager.py:878} INFO - 
================================================================================
DAG File Processing Stats

File Path                                       PID  Runtime      # DAGs    # Errors  Last Runtime    Last Run
--------------------------------------------  -----  ---------  --------  ----------  --------------  -------------------
/opt/airflow/dags/who_health_pipeline_dag.py    334  2.06s             1           0  1.62s           2025-05-22T20:57:44
================================================================================
[2025-05-22T20:58:47.545+0000] {manager.py:878} INFO - 
================================================================================
DAG File Processing Stats

File Path                                     PID    Runtime      # DAGs    # Errors  Last Runtime    Last Run
--------------------------------------------  -----  ---------  --------  ----------  --------------  -------------------
/opt/airflow/dags/who_health_pipeline_dag.py                           1           0  3.88s           2025-05-22T20:58:19
================================================================================
[2025-05-22T20:59:05.485+0000] {manager.py:737} INFO - Searching for files in /opt/airflow/dags
[2025-05-22T20:59:05.534+0000] {manager.py:740} INFO - There are 1 files in /opt/airflow/dags
[2025-05-22T20:59:17.682+0000] {manager.py:878} INFO - 
================================================================================
DAG File Processing Stats

File Path                                     PID    Runtime      # DAGs    # Errors  Last Runtime    Last Run
--------------------------------------------  -----  ---------  --------  ----------  --------------  -------------------
/opt/airflow/dags/who_health_pipeline_dag.py                           1           0  1.63s           2025-05-22T20:58:51
================================================================================
[2025-05-22T20:59:47.765+0000] {manager.py:878} INFO - 
================================================================================
DAG File Processing Stats

File Path                                     PID    Runtime      # DAGs    # Errors  Last Runtime    Last Run
--------------------------------------------  -----  ---------  --------  ----------  --------------  -------------------
/opt/airflow/dags/who_health_pipeline_dag.py                           1           0  1.70s           2025-05-22T20:59:23
================================================================================
[2025-05-22T21:00:18.192+0000] {manager.py:878} INFO - 
================================================================================
DAG File Processing Stats

File Path                                     PID    Runtime      # DAGs    # Errors  Last Runtime    Last Run
--------------------------------------------  -----  ---------  --------  ----------  --------------  -------------------
/opt/airflow/dags/who_health_pipeline_dag.py                           1           0  1.36s           2025-05-22T20:59:55
================================================================================
[2025-05-22T21:00:48.945+0000] {manager.py:878} INFO - 
================================================================================
DAG File Processing Stats

File Path                                     PID    Runtime      # DAGs    # Errors  Last Runtime    Last Run
--------------------------------------------  -----  ---------  --------  ----------  --------------  -------------------
/opt/airflow/dags/who_health_pipeline_dag.py                           1           0  1.44s           2025-05-22T21:00:26
================================================================================
[2025-05-22T21:01:19.329+0000] {manager.py:878} INFO - 
================================================================================
DAG File Processing Stats

File Path                                     PID    Runtime      # DAGs    # Errors  Last Runtime    Last Run
--------------------------------------------  -----  ---------  --------  ----------  --------------  -------------------
/opt/airflow/dags/who_health_pipeline_dag.py                           1           0  1.33s           2025-05-22T21:00:58
================================================================================
[2025-05-22T21:01:49.448+0000] {manager.py:878} INFO - 
================================================================================
DAG File Processing Stats

File Path                                     PID    Runtime      # DAGs    # Errors  Last Runtime    Last Run
--------------------------------------------  -----  ---------  --------  ----------  --------------  -------------------
/opt/airflow/dags/who_health_pipeline_dag.py                           1           0  1.50s           2025-05-22T21:01:30
================================================================================
[2025-05-22T21:02:19.848+0000] {manager.py:878} INFO - 
================================================================================
DAG File Processing Stats

File Path                                     PID    Runtime      # DAGs    # Errors  Last Runtime    Last Run
--------------------------------------------  -----  ---------  --------  ----------  --------------  -------------------
/opt/airflow/dags/who_health_pipeline_dag.py                           1           0  1.48s           2025-05-22T21:02:01
================================================================================
[2025-05-22T21:02:50.083+0000] {manager.py:878} INFO - 
================================================================================
DAG File Processing Stats

File Path                                     PID    Runtime      # DAGs    # Errors  Last Runtime    Last Run
--------------------------------------------  -----  ---------  --------  ----------  --------------  -------------------
/opt/airflow/dags/who_health_pipeline_dag.py                           1           0  4.95s           2025-05-22T21:02:36
================================================================================
[2025-05-22T21:03:20.286+0000] {manager.py:878} INFO - 
================================================================================
DAG File Processing Stats

File Path                                     PID    Runtime      # DAGs    # Errors  Last Runtime    Last Run
--------------------------------------------  -----  ---------  --------  ----------  --------------  -------------------
/opt/airflow/dags/who_health_pipeline_dag.py                           1           0  2.41s           2025-05-22T21:03:10
================================================================================
[2025-05-22T21:03:50.565+0000] {manager.py:878} INFO - 
================================================================================
DAG File Processing Stats

File Path                                     PID    Runtime      # DAGs    # Errors  Last Runtime    Last Run
--------------------------------------------  -----  ---------  --------  ----------  --------------  -------------------
/opt/airflow/dags/who_health_pipeline_dag.py                           1           0  1.45s           2025-05-22T21:03:41
================================================================================
[2025-05-22T21:04:05.762+0000] {manager.py:737} INFO - Searching for files in /opt/airflow/dags
[2025-05-22T21:04:05.811+0000] {manager.py:740} INFO - There are 1 files in /opt/airflow/dags
[2025-05-22T21:04:21.228+0000] {manager.py:878} INFO - 
================================================================================
DAG File Processing Stats

File Path                                     PID    Runtime      # DAGs    # Errors  Last Runtime    Last Run
--------------------------------------------  -----  ---------  --------  ----------  --------------  -------------------
/opt/airflow/dags/who_health_pipeline_dag.py                           1           0  1.24s           2025-05-22T21:04:13
================================================================================
[2025-05-22T21:04:51.630+0000] {manager.py:878} INFO - 
================================================================================
DAG File Processing Stats

File Path                                     PID    Runtime      # DAGs    # Errors  Last Runtime    Last Run
--------------------------------------------  -----  ---------  --------  ----------  --------------  -------------------
/opt/airflow/dags/who_health_pipeline_dag.py                           1           0  1.66s           2025-05-22T21:04:45
================================================================================
[2025-05-22T21:05:21.921+0000] {manager.py:878} INFO - 
================================================================================
DAG File Processing Stats

File Path                                     PID    Runtime      # DAGs    # Errors  Last Runtime    Last Run
--------------------------------------------  -----  ---------  --------  ----------  --------------  -------------------
/opt/airflow/dags/who_health_pipeline_dag.py                           1           0  1.33s           2025-05-22T21:05:16
================================================================================
[2025-05-22T21:05:52.358+0000] {manager.py:878} INFO - 
================================================================================
DAG File Processing Stats

File Path                                     PID    Runtime      # DAGs    # Errors  Last Runtime    Last Run
--------------------------------------------  -----  ---------  --------  ----------  --------------  -------------------
/opt/airflow/dags/who_health_pipeline_dag.py                           1           0  1.42s           2025-05-22T21:05:48
================================================================================
[2025-05-22T21:06:22.874+0000] {manager.py:878} INFO - 
================================================================================
DAG File Processing Stats

File Path                                     PID    Runtime      # DAGs    # Errors  Last Runtime    Last Run
--------------------------------------------  -----  ---------  --------  ----------  --------------  -------------------
/opt/airflow/dags/who_health_pipeline_dag.py                           1           0  1.36s           2025-05-22T21:06:20
================================================================================
[2025-05-22T21:06:53.230+0000] {manager.py:878} INFO - 
================================================================================
DAG File Processing Stats

File Path                                     PID    Runtime      # DAGs    # Errors  Last Runtime    Last Run
--------------------------------------------  -----  ---------  --------  ----------  --------------  -------------------
/opt/airflow/dags/who_health_pipeline_dag.py                           1           0  1.88s           2025-05-22T21:06:52
================================================================================
[2025-05-22T21:07:23.775+0000] {manager.py:878} INFO - 
================================================================================
DAG File Processing Stats

File Path                                       PID  Runtime      # DAGs    # Errors  Last Runtime    Last Run
--------------------------------------------  -----  ---------  --------  ----------  --------------  -------------------
/opt/airflow/dags/who_health_pipeline_dag.py    436  1.01s             1           0  1.88s           2025-05-22T21:06:52
================================================================================
[2025-05-22T21:07:54.374+0000] {manager.py:878} INFO - 
================================================================================
DAG File Processing Stats

File Path                                       PID  Runtime      # DAGs    # Errors  Last Runtime    Last Run
--------------------------------------------  -----  ---------  --------  ----------  --------------  -------------------
/opt/airflow/dags/who_health_pipeline_dag.py    442  0.01s             1           0  1.19s           2025-05-22T21:07:23
================================================================================
[2025-05-22T21:08:24.851+0000] {manager.py:878} INFO - 
================================================================================
DAG File Processing Stats

File Path                                     PID    Runtime      # DAGs    # Errors  Last Runtime    Last Run
--------------------------------------------  -----  ---------  --------  ----------  --------------  -------------------
/opt/airflow/dags/who_health_pipeline_dag.py                           1           0  1.15s           2025-05-22T21:07:55
================================================================================
[2025-05-22T21:08:55.540+0000] {manager.py:878} INFO - 
================================================================================
DAG File Processing Stats

File Path                                     PID    Runtime      # DAGs    # Errors  Last Runtime    Last Run
--------------------------------------------  -----  ---------  --------  ----------  --------------  -------------------
/opt/airflow/dags/who_health_pipeline_dag.py                           1           0  1.23s           2025-05-22T21:08:27
================================================================================
[2025-05-22T21:09:05.789+0000] {manager.py:737} INFO - Searching for files in /opt/airflow/dags
[2025-05-22T21:09:05.832+0000] {manager.py:740} INFO - There are 1 files in /opt/airflow/dags
[2025-05-22T21:09:26.210+0000] {manager.py:878} INFO - 
================================================================================
DAG File Processing Stats

File Path                                     PID    Runtime      # DAGs    # Errors  Last Runtime    Last Run
--------------------------------------------  -----  ---------  --------  ----------  --------------  -------------------
/opt/airflow/dags/who_health_pipeline_dag.py                           1           0  1.21s           2025-05-22T21:08:58
================================================================================
[2025-05-22T21:09:56.781+0000] {manager.py:878} INFO - 
================================================================================
DAG File Processing Stats

File Path                                     PID    Runtime      # DAGs    # Errors  Last Runtime    Last Run
--------------------------------------------  -----  ---------  --------  ----------  --------------  -------------------
/opt/airflow/dags/who_health_pipeline_dag.py                           1           0  1.34s           2025-05-22T21:09:30
================================================================================
[2025-05-22T21:10:27.337+0000] {manager.py:878} INFO - 
================================================================================
DAG File Processing Stats

File Path                                     PID    Runtime      # DAGs    # Errors  Last Runtime    Last Run
--------------------------------------------  -----  ---------  --------  ----------  --------------  -------------------
/opt/airflow/dags/who_health_pipeline_dag.py                           1           0  1.13s           2025-05-22T21:10:02
================================================================================
[2025-05-22T21:10:57.711+0000] {manager.py:878} INFO - 
================================================================================
DAG File Processing Stats

File Path                                     PID    Runtime      # DAGs    # Errors  Last Runtime    Last Run
--------------------------------------------  -----  ---------  --------  ----------  --------------  -------------------
/opt/airflow/dags/who_health_pipeline_dag.py                           1           0  1.46s           2025-05-22T21:10:33
================================================================================
[2025-05-22T21:11:28.221+0000] {manager.py:878} INFO - 
================================================================================
DAG File Processing Stats

File Path                                     PID    Runtime      # DAGs    # Errors  Last Runtime    Last Run
--------------------------------------------  -----  ---------  --------  ----------  --------------  -------------------
/opt/airflow/dags/who_health_pipeline_dag.py                           1           0  1.40s           2025-05-22T21:11:05
================================================================================
[2025-05-22T21:11:58.264+0000] {manager.py:878} INFO - 
================================================================================
DAG File Processing Stats

File Path                                     PID    Runtime      # DAGs    # Errors  Last Runtime    Last Run
--------------------------------------------  -----  ---------  --------  ----------  --------------  -------------------
/opt/airflow/dags/who_health_pipeline_dag.py                           1           0  1.41s           2025-05-22T21:11:37
================================================================================
[2025-05-22T21:12:28.471+0000] {manager.py:878} INFO - 
================================================================================
DAG File Processing Stats

File Path                                     PID    Runtime      # DAGs    # Errors  Last Runtime    Last Run
--------------------------------------------  -----  ---------  --------  ----------  --------------  -------------------
/opt/airflow/dags/who_health_pipeline_dag.py                           1           0  1.48s           2025-05-22T21:12:08
================================================================================
[2025-05-22T21:12:58.693+0000] {manager.py:878} INFO - 
================================================================================
DAG File Processing Stats

File Path                                     PID    Runtime      # DAGs    # Errors  Last Runtime    Last Run
--------------------------------------------  -----  ---------  --------  ----------  --------------  -------------------
/opt/airflow/dags/who_health_pipeline_dag.py                           1           0  1.62s           2025-05-22T21:12:40
================================================================================
[2025-05-22T21:13:29.008+0000] {manager.py:878} INFO - 
================================================================================
DAG File Processing Stats

File Path                                     PID    Runtime      # DAGs    # Errors  Last Runtime    Last Run
--------------------------------------------  -----  ---------  --------  ----------  --------------  -------------------
/opt/airflow/dags/who_health_pipeline_dag.py                           1           0  1.45s           2025-05-22T21:13:12
================================================================================
[2025-05-22T21:13:59.116+0000] {manager.py:878} INFO - 
================================================================================
DAG File Processing Stats

File Path                                     PID    Runtime      # DAGs    # Errors  Last Runtime    Last Run
--------------------------------------------  -----  ---------  --------  ----------  --------------  -------------------
/opt/airflow/dags/who_health_pipeline_dag.py                           1           0  2.23s           2025-05-22T21:13:44
================================================================================
[2025-05-22T21:14:06.006+0000] {manager.py:737} INFO - Searching for files in /opt/airflow/dags
[2025-05-22T21:14:06.041+0000] {manager.py:740} INFO - There are 1 files in /opt/airflow/dags
[2025-05-22T21:14:29.312+0000] {manager.py:878} INFO - 
================================================================================
DAG File Processing Stats

File Path                                     PID    Runtime      # DAGs    # Errors  Last Runtime    Last Run
--------------------------------------------  -----  ---------  --------  ----------  --------------  -------------------
/opt/airflow/dags/who_health_pipeline_dag.py                           1           0  1.40s           2025-05-22T21:14:16
================================================================================
[2025-05-22T21:14:59.413+0000] {manager.py:878} INFO - 
================================================================================
DAG File Processing Stats

File Path                                     PID    Runtime      # DAGs    # Errors  Last Runtime    Last Run
--------------------------------------------  -----  ---------  --------  ----------  --------------  -------------------
/opt/airflow/dags/who_health_pipeline_dag.py                           1           0  1.58s           2025-05-22T21:14:48
================================================================================
[2025-05-22T21:15:29.457+0000] {manager.py:878} INFO - 
================================================================================
DAG File Processing Stats

File Path                                     PID    Runtime      # DAGs    # Errors  Last Runtime    Last Run
--------------------------------------------  -----  ---------  --------  ----------  --------------  -------------------
/opt/airflow/dags/who_health_pipeline_dag.py                           1           0  1.85s           2025-05-22T21:15:20
================================================================================
[2025-05-22T21:15:59.667+0000] {manager.py:878} INFO - 
================================================================================
DAG File Processing Stats

File Path                                     PID    Runtime      # DAGs    # Errors  Last Runtime    Last Run
--------------------------------------------  -----  ---------  --------  ----------  --------------  -------------------
/opt/airflow/dags/who_health_pipeline_dag.py                           1           0  1.32s           2025-05-22T21:15:51
================================================================================
[2025-05-22T21:16:30.188+0000] {manager.py:878} INFO - 
================================================================================
DAG File Processing Stats

File Path                                     PID    Runtime      # DAGs    # Errors  Last Runtime    Last Run
--------------------------------------------  -----  ---------  --------  ----------  --------------  -------------------
/opt/airflow/dags/who_health_pipeline_dag.py                           1           0  1.44s           2025-05-22T21:16:23
================================================================================
[2025-05-22T21:17:00.851+0000] {manager.py:878} INFO - 
================================================================================
DAG File Processing Stats

File Path                                     PID    Runtime      # DAGs    # Errors  Last Runtime    Last Run
--------------------------------------------  -----  ---------  --------  ----------  --------------  -------------------
/opt/airflow/dags/who_health_pipeline_dag.py                           1           0  1.34s           2025-05-22T21:16:55
================================================================================
[2025-05-22T21:17:31.135+0000] {manager.py:878} INFO - 
================================================================================
DAG File Processing Stats

File Path                                     PID    Runtime      # DAGs    # Errors  Last Runtime    Last Run
--------------------------------------------  -----  ---------  --------  ----------  --------------  -------------------
/opt/airflow/dags/who_health_pipeline_dag.py                           1           0  3.01s           2025-05-22T21:17:28
================================================================================
[2025-05-22T21:18:01.227+0000] {manager.py:878} INFO - 
================================================================================
DAG File Processing Stats

File Path                                     PID    Runtime      # DAGs    # Errors  Last Runtime    Last Run
--------------------------------------------  -----  ---------  --------  ----------  --------------  -------------------
/opt/airflow/dags/who_health_pipeline_dag.py                           1           0  2.70s           2025-05-22T21:18:01
================================================================================
[2025-05-22T21:18:31.581+0000] {manager.py:878} INFO - 
================================================================================
DAG File Processing Stats

File Path                                       PID  Runtime      # DAGs    # Errors  Last Runtime    Last Run
--------------------------------------------  -----  ---------  --------  ----------  --------------  -------------------
/opt/airflow/dags/who_health_pipeline_dag.py    562  0.02s             1           0  2.70s           2025-05-22T21:18:01
================================================================================
[2025-05-22T21:19:01.985+0000] {manager.py:878} INFO - 
================================================================================
DAG File Processing Stats

File Path                                     PID    Runtime      # DAGs    # Errors  Last Runtime    Last Run
--------------------------------------------  -----  ---------  --------  ----------  --------------  -------------------
/opt/airflow/dags/who_health_pipeline_dag.py                           1           0  3.36s           2025-05-22T21:18:34
================================================================================
[2025-05-22T21:19:06.074+0000] {manager.py:737} INFO - Searching for files in /opt/airflow/dags
[2025-05-22T21:19:06.253+0000] {manager.py:740} INFO - There are 1 files in /opt/airflow/dags
[2025-05-22T21:19:32.376+0000] {manager.py:878} INFO - 
================================================================================
DAG File Processing Stats

File Path                                     PID    Runtime      # DAGs    # Errors  Last Runtime    Last Run
--------------------------------------------  -----  ---------  --------  ----------  --------------  -------------------
/opt/airflow/dags/who_health_pipeline_dag.py                           1           0  4.07s           2025-05-22T21:19:09
================================================================================
[2025-05-22T21:20:03.121+0000] {manager.py:878} INFO - 
================================================================================
DAG File Processing Stats

File Path                                     PID    Runtime      # DAGs    # Errors  Last Runtime    Last Run
--------------------------------------------  -----  ---------  --------  ----------  --------------  -------------------
/opt/airflow/dags/who_health_pipeline_dag.py                           1           0  2.53s           2025-05-22T21:19:41
================================================================================
[2025-05-22T21:20:33.784+0000] {manager.py:878} INFO - 
================================================================================
DAG File Processing Stats

File Path                                     PID    Runtime      # DAGs    # Errors  Last Runtime    Last Run
--------------------------------------------  -----  ---------  --------  ----------  --------------  -------------------
/opt/airflow/dags/who_health_pipeline_dag.py                           1           0  2.13s           2025-05-22T21:20:14
================================================================================
[2025-05-22T21:21:04.114+0000] {manager.py:878} INFO - 
================================================================================
DAG File Processing Stats

File Path                                     PID    Runtime      # DAGs    # Errors  Last Runtime    Last Run
--------------------------------------------  -----  ---------  --------  ----------  --------------  -------------------
/opt/airflow/dags/who_health_pipeline_dag.py                           1           0  2.24s           2025-05-22T21:20:47
================================================================================
[2025-05-22T21:21:34.607+0000] {manager.py:878} INFO - 
================================================================================
DAG File Processing Stats

File Path                                     PID    Runtime      # DAGs    # Errors  Last Runtime    Last Run
--------------------------------------------  -----  ---------  --------  ----------  --------------  -------------------
/opt/airflow/dags/who_health_pipeline_dag.py                           1           0  3.26s           2025-05-22T21:21:20
================================================================================
[2025-05-22T21:22:04.691+0000] {manager.py:878} INFO - 
================================================================================
DAG File Processing Stats

File Path                                     PID    Runtime      # DAGs    # Errors  Last Runtime    Last Run
--------------------------------------------  -----  ---------  --------  ----------  --------------  -------------------
/opt/airflow/dags/who_health_pipeline_dag.py                           1           0  1.73s           2025-05-22T21:21:52
================================================================================
[2025-05-22T21:22:34.744+0000] {manager.py:878} INFO - 
================================================================================
DAG File Processing Stats

File Path                                     PID    Runtime      # DAGs    # Errors  Last Runtime    Last Run
--------------------------------------------  -----  ---------  --------  ----------  --------------  -------------------
/opt/airflow/dags/who_health_pipeline_dag.py                           1           0  1.79s           2025-05-22T21:22:24
================================================================================
[2025-05-22T21:23:05.104+0000] {manager.py:878} INFO - 
================================================================================
DAG File Processing Stats

File Path                                     PID    Runtime      # DAGs    # Errors  Last Runtime    Last Run
--------------------------------------------  -----  ---------  --------  ----------  --------------  -------------------
/opt/airflow/dags/who_health_pipeline_dag.py                           1           0  1.75s           2025-05-22T21:22:56
================================================================================
[2025-05-22T21:23:35.942+0000] {manager.py:878} INFO - 
================================================================================
DAG File Processing Stats

File Path                                     PID    Runtime      # DAGs    # Errors  Last Runtime    Last Run
--------------------------------------------  -----  ---------  --------  ----------  --------------  -------------------
/opt/airflow/dags/who_health_pipeline_dag.py                           1           0  2.14s           2025-05-22T21:23:28
================================================================================
[2025-05-22T21:24:06.290+0000] {manager.py:737} INFO - Searching for files in /opt/airflow/dags
[2025-05-22T21:24:06.365+0000] {manager.py:740} INFO - There are 1 files in /opt/airflow/dags
[2025-05-22T21:24:06.401+0000] {manager.py:878} INFO - 
================================================================================
DAG File Processing Stats

File Path                                     PID    Runtime      # DAGs    # Errors  Last Runtime    Last Run
--------------------------------------------  -----  ---------  --------  ----------  --------------  -------------------
/opt/airflow/dags/who_health_pipeline_dag.py                           1           0  2.80s           2025-05-22T21:24:02
================================================================================
[2025-05-22T21:24:36.988+0000] {manager.py:878} INFO - 
================================================================================
DAG File Processing Stats

File Path                                     PID    Runtime      # DAGs    # Errors  Last Runtime    Last Run
--------------------------------------------  -----  ---------  --------  ----------  --------------  -------------------
/opt/airflow/dags/who_health_pipeline_dag.py                           1           0  1.42s           2025-05-22T21:24:34
================================================================================
[2025-05-22T21:25:07.757+0000] {manager.py:878} INFO - 
================================================================================
DAG File Processing Stats

File Path                                     PID    Runtime      # DAGs    # Errors  Last Runtime    Last Run
--------------------------------------------  -----  ---------  --------  ----------  --------------  -------------------
/opt/airflow/dags/who_health_pipeline_dag.py                           1           0  1.39s           2025-05-22T21:25:05
================================================================================
[2025-05-22T21:25:37.992+0000] {manager.py:878} INFO - 
================================================================================
DAG File Processing Stats

File Path                                     PID    Runtime      # DAGs    # Errors  Last Runtime    Last Run
--------------------------------------------  -----  ---------  --------  ----------  --------------  -------------------
/opt/airflow/dags/who_health_pipeline_dag.py                           1           0  1.23s           2025-05-22T21:25:37
================================================================================
[2025-05-22T21:26:08.234+0000] {manager.py:878} INFO - 
================================================================================
DAG File Processing Stats

File Path                                       PID  Runtime      # DAGs    # Errors  Last Runtime    Last Run
--------------------------------------------  -----  ---------  --------  ----------  --------------  -------------------
/opt/airflow/dags/who_health_pipeline_dag.py    646  1.01s             1           0  1.23s           2025-05-22T21:25:37
================================================================================
[2025-05-22T21:26:38.898+0000] {manager.py:878} INFO - 
================================================================================
DAG File Processing Stats

File Path                                       PID  Runtime      # DAGs    # Errors  Last Runtime    Last Run
--------------------------------------------  -----  ---------  --------  ----------  --------------  -------------------
/opt/airflow/dags/who_health_pipeline_dag.py    652  0.01s             1           0  1.35s           2025-05-22T21:26:08
================================================================================
[2025-05-22T21:27:09.357+0000] {manager.py:878} INFO - 
================================================================================
DAG File Processing Stats

File Path                                     PID    Runtime      # DAGs    # Errors  Last Runtime    Last Run
--------------------------------------------  -----  ---------  --------  ----------  --------------  -------------------
/opt/airflow/dags/who_health_pipeline_dag.py                           1           0  1.47s           2025-05-22T21:26:40
================================================================================
[2025-05-22T21:27:39.792+0000] {manager.py:878} INFO - 
================================================================================
DAG File Processing Stats

File Path                                     PID    Runtime      # DAGs    # Errors  Last Runtime    Last Run
--------------------------------------------  -----  ---------  --------  ----------  --------------  -------------------
/opt/airflow/dags/who_health_pipeline_dag.py                           1           0  1.33s           2025-05-22T21:27:11
================================================================================
[2025-05-22T21:28:10.280+0000] {manager.py:878} INFO - 
================================================================================
DAG File Processing Stats

File Path                                     PID    Runtime      # DAGs    # Errors  Last Runtime    Last Run
--------------------------------------------  -----  ---------  --------  ----------  --------------  -------------------
/opt/airflow/dags/who_health_pipeline_dag.py                           1           0  1.22s           2025-05-22T21:27:43
================================================================================
[2025-05-22T21:28:40.932+0000] {manager.py:878} INFO - 
================================================================================
DAG File Processing Stats

File Path                                     PID    Runtime      # DAGs    # Errors  Last Runtime    Last Run
--------------------------------------------  -----  ---------  --------  ----------  --------------  -------------------
/opt/airflow/dags/who_health_pipeline_dag.py                           1           0  1.21s           2025-05-22T21:28:14
================================================================================
[2025-05-22T21:29:06.824+0000] {manager.py:737} INFO - Searching for files in /opt/airflow/dags
[2025-05-22T21:29:06.867+0000] {manager.py:740} INFO - There are 1 files in /opt/airflow/dags
[2025-05-22T21:29:11.321+0000] {manager.py:878} INFO - 
================================================================================
DAG File Processing Stats

File Path                                     PID    Runtime      # DAGs    # Errors  Last Runtime    Last Run
--------------------------------------------  -----  ---------  --------  ----------  --------------  -------------------
/opt/airflow/dags/who_health_pipeline_dag.py                           1           0  1.50s           2025-05-22T21:28:46
================================================================================
[2025-05-22T21:29:41.335+0000] {manager.py:878} INFO - 
================================================================================
DAG File Processing Stats

File Path                                     PID    Runtime      # DAGs    # Errors  Last Runtime    Last Run
--------------------------------------------  -----  ---------  --------  ----------  --------------  -------------------
/opt/airflow/dags/who_health_pipeline_dag.py                           1           0  1.36s           2025-05-22T21:29:18
================================================================================
[2025-05-22T21:30:12.080+0000] {manager.py:878} INFO - 
================================================================================
DAG File Processing Stats

File Path                                     PID    Runtime      # DAGs    # Errors  Last Runtime    Last Run
--------------------------------------------  -----  ---------  --------  ----------  --------------  -------------------
/opt/airflow/dags/who_health_pipeline_dag.py                           1           0  1.47s           2025-05-22T21:29:49
================================================================================
[2025-05-22T21:30:42.543+0000] {manager.py:878} INFO - 
================================================================================
DAG File Processing Stats

File Path                                     PID    Runtime      # DAGs    # Errors  Last Runtime    Last Run
--------------------------------------------  -----  ---------  --------  ----------  --------------  -------------------
/opt/airflow/dags/who_health_pipeline_dag.py                           1           0  1.86s           2025-05-22T21:30:22
================================================================================
[2025-05-22T21:31:13.142+0000] {manager.py:878} INFO - 
================================================================================
DAG File Processing Stats

File Path                                     PID    Runtime      # DAGs    # Errors  Last Runtime    Last Run
--------------------------------------------  -----  ---------  --------  ----------  --------------  -------------------
/opt/airflow/dags/who_health_pipeline_dag.py                           1           0  1.34s           2025-05-22T21:30:54
================================================================================
[2025-05-22T21:31:43.585+0000] {manager.py:878} INFO - 
================================================================================
DAG File Processing Stats

File Path                                     PID    Runtime      # DAGs    # Errors  Last Runtime    Last Run
--------------------------------------------  -----  ---------  --------  ----------  --------------  -------------------
/opt/airflow/dags/who_health_pipeline_dag.py                           1           0  1.30s           2025-05-22T21:31:25
================================================================================
[2025-05-22T21:32:14.054+0000] {manager.py:878} INFO - 
================================================================================
DAG File Processing Stats

File Path                                     PID    Runtime      # DAGs    # Errors  Last Runtime    Last Run
--------------------------------------------  -----  ---------  --------  ----------  --------------  -------------------
/opt/airflow/dags/who_health_pipeline_dag.py                           1           0  1.25s           2025-05-22T21:31:57
================================================================================
[2025-05-22T21:32:44.460+0000] {manager.py:878} INFO - 
================================================================================
DAG File Processing Stats

File Path                                     PID    Runtime      # DAGs    # Errors  Last Runtime    Last Run
--------------------------------------------  -----  ---------  --------  ----------  --------------  -------------------
/opt/airflow/dags/who_health_pipeline_dag.py                           1           0  1.37s           2025-05-22T21:32:28
================================================================================
[2025-05-22T21:33:15.058+0000] {manager.py:878} INFO - 
================================================================================
DAG File Processing Stats

File Path                                     PID    Runtime      # DAGs    # Errors  Last Runtime    Last Run
--------------------------------------------  -----  ---------  --------  ----------  --------------  -------------------
/opt/airflow/dags/who_health_pipeline_dag.py                           1           0  2.95s           2025-05-22T21:33:01
================================================================================
[2025-05-22T21:33:45.377+0000] {manager.py:878} INFO - 
================================================================================
DAG File Processing Stats

File Path                                     PID    Runtime      # DAGs    # Errors  Last Runtime    Last Run
--------------------------------------------  -----  ---------  --------  ----------  --------------  -------------------
/opt/airflow/dags/who_health_pipeline_dag.py                           1           0  1.88s           2025-05-22T21:33:34
================================================================================
[2025-05-22T21:34:07.084+0000] {manager.py:737} INFO - Searching for files in /opt/airflow/dags
[2025-05-22T21:34:07.164+0000] {manager.py:740} INFO - There are 1 files in /opt/airflow/dags
[2025-05-22T21:34:16.341+0000] {manager.py:878} INFO - 
================================================================================
DAG File Processing Stats

File Path                                     PID    Runtime      # DAGs    # Errors  Last Runtime    Last Run
--------------------------------------------  -----  ---------  --------  ----------  --------------  -------------------
/opt/airflow/dags/who_health_pipeline_dag.py                           1           0  1.55s           2025-05-22T21:34:06
================================================================================
[2025-05-22T21:34:46.722+0000] {manager.py:878} INFO - 
================================================================================
DAG File Processing Stats

File Path                                     PID    Runtime      # DAGs    # Errors  Last Runtime    Last Run
--------------------------------------------  -----  ---------  --------  ----------  --------------  -------------------
/opt/airflow/dags/who_health_pipeline_dag.py                           1           0  2.72s           2025-05-22T21:34:39
================================================================================
[2025-05-22T21:35:17.456+0000] {manager.py:878} INFO - 
================================================================================
DAG File Processing Stats

File Path                                     PID    Runtime      # DAGs    # Errors  Last Runtime    Last Run
--------------------------------------------  -----  ---------  --------  ----------  --------------  -------------------
/opt/airflow/dags/who_health_pipeline_dag.py                           1           0  3.13s           2025-05-22T21:35:13
================================================================================
[2025-05-22T21:35:47.622+0000] {manager.py:878} INFO - 
================================================================================
DAG File Processing Stats

File Path                                     PID    Runtime      # DAGs    # Errors  Last Runtime    Last Run
--------------------------------------------  -----  ---------  --------  ----------  --------------  -------------------
/opt/airflow/dags/who_health_pipeline_dag.py                           1           0  1.75s           2025-05-22T21:35:45
================================================================================
[2025-05-22T21:36:18.253+0000] {manager.py:878} INFO - 
================================================================================
DAG File Processing Stats

File Path                                     PID    Runtime      # DAGs    # Errors  Last Runtime    Last Run
--------------------------------------------  -----  ---------  --------  ----------  --------------  -------------------
/opt/airflow/dags/who_health_pipeline_dag.py                           1           0  1.42s           2025-05-22T21:36:17
================================================================================
[2025-05-22T21:36:48.859+0000] {manager.py:878} INFO - 
================================================================================
DAG File Processing Stats

File Path                                       PID  Runtime      # DAGs    # Errors  Last Runtime    Last Run
--------------------------------------------  -----  ---------  --------  ----------  --------------  -------------------
/opt/airflow/dags/who_health_pipeline_dag.py    766  1.07s             1           0  1.42s           2025-05-22T21:36:17
================================================================================
[2025-05-22T21:37:19.402+0000] {manager.py:878} INFO - 
================================================================================
DAG File Processing Stats

File Path                                     PID    Runtime      # DAGs    # Errors  Last Runtime    Last Run
--------------------------------------------  -----  ---------  --------  ----------  --------------  -------------------
/opt/airflow/dags/who_health_pipeline_dag.py                           1           0  2.63s           2025-05-22T21:36:50
================================================================================
[2025-05-22T21:37:49.730+0000] {manager.py:878} INFO - 
================================================================================
DAG File Processing Stats

File Path                                     PID    Runtime      # DAGs    # Errors  Last Runtime    Last Run
--------------------------------------------  -----  ---------  --------  ----------  --------------  -------------------
/opt/airflow/dags/who_health_pipeline_dag.py                           1           0  1.86s           2025-05-22T21:37:22
================================================================================
[2025-05-22T21:38:19.904+0000] {manager.py:878} INFO - 
================================================================================
DAG File Processing Stats

File Path                                     PID    Runtime      # DAGs    # Errors  Last Runtime    Last Run
--------------------------------------------  -----  ---------  --------  ----------  --------------  -------------------
/opt/airflow/dags/who_health_pipeline_dag.py                           1           0  1.75s           2025-05-22T21:37:54
================================================================================
[2025-05-22T21:38:50.073+0000] {manager.py:878} INFO - 
================================================================================
DAG File Processing Stats

File Path                                     PID    Runtime      # DAGs    # Errors  Last Runtime    Last Run
--------------------------------------------  -----  ---------  --------  ----------  --------------  -------------------
/opt/airflow/dags/who_health_pipeline_dag.py                           1           0  1.85s           2025-05-22T21:38:26
================================================================================
[2025-05-22T21:39:08.055+0000] {manager.py:737} INFO - Searching for files in /opt/airflow/dags
[2025-05-22T21:39:08.097+0000] {manager.py:740} INFO - There are 1 files in /opt/airflow/dags
[2025-05-22T21:39:20.363+0000] {manager.py:878} INFO - 
================================================================================
DAG File Processing Stats

File Path                                     PID    Runtime      # DAGs    # Errors  Last Runtime    Last Run
--------------------------------------------  -----  ---------  --------  ----------  --------------  -------------------
/opt/airflow/dags/who_health_pipeline_dag.py                           1           0  2.04s           2025-05-22T21:38:58
================================================================================
[2025-05-22T21:39:50.849+0000] {manager.py:878} INFO - 
================================================================================
DAG File Processing Stats

File Path                                     PID    Runtime      # DAGs    # Errors  Last Runtime    Last Run
--------------------------------------------  -----  ---------  --------  ----------  --------------  -------------------
/opt/airflow/dags/who_health_pipeline_dag.py                           1           0  1.97s           2025-05-22T21:39:31
================================================================================
[2025-05-22T21:40:21.304+0000] {manager.py:878} INFO - 
================================================================================
DAG File Processing Stats

File Path                                     PID    Runtime      # DAGs    # Errors  Last Runtime    Last Run
--------------------------------------------  -----  ---------  --------  ----------  --------------  -------------------
/opt/airflow/dags/who_health_pipeline_dag.py                           1           0  1.49s           2025-05-22T21:40:03
================================================================================
[2025-05-22T21:40:51.744+0000] {manager.py:878} INFO - 
================================================================================
DAG File Processing Stats

File Path                                     PID    Runtime      # DAGs    # Errors  Last Runtime    Last Run
--------------------------------------------  -----  ---------  --------  ----------  --------------  -------------------
/opt/airflow/dags/who_health_pipeline_dag.py                           1           0  1.44s           2025-05-22T21:40:35
================================================================================
[2025-05-22T21:41:21.948+0000] {manager.py:878} INFO - 
================================================================================
DAG File Processing Stats

File Path                                     PID    Runtime      # DAGs    # Errors  Last Runtime    Last Run
--------------------------------------------  -----  ---------  --------  ----------  --------------  -------------------
/opt/airflow/dags/who_health_pipeline_dag.py                           1           0  1.73s           2025-05-22T21:41:07
================================================================================
[2025-05-22T21:41:52.445+0000] {manager.py:878} INFO - 
================================================================================
DAG File Processing Stats

File Path                                     PID    Runtime      # DAGs    # Errors  Last Runtime    Last Run
--------------------------------------------  -----  ---------  --------  ----------  --------------  -------------------
/opt/airflow/dags/who_health_pipeline_dag.py                           1           0  2.00s           2025-05-22T21:41:40
================================================================================
[2025-05-22T21:42:23.043+0000] {manager.py:878} INFO - 
================================================================================
DAG File Processing Stats

File Path                                     PID    Runtime      # DAGs    # Errors  Last Runtime    Last Run
--------------------------------------------  -----  ---------  --------  ----------  --------------  -------------------
/opt/airflow/dags/who_health_pipeline_dag.py                           1           0  2.29s           2025-05-22T21:42:13
================================================================================
[2025-05-22T21:42:53.615+0000] {manager.py:878} INFO - 
================================================================================
DAG File Processing Stats

File Path                                     PID    Runtime      # DAGs    # Errors  Last Runtime    Last Run
--------------------------------------------  -----  ---------  --------  ----------  --------------  -------------------
/opt/airflow/dags/who_health_pipeline_dag.py                           1           0  1.38s           2025-05-22T21:42:44
================================================================================
[2025-05-22T21:43:23.621+0000] {manager.py:878} INFO - 
================================================================================
DAG File Processing Stats

File Path                                     PID    Runtime      # DAGs    # Errors  Last Runtime    Last Run
--------------------------------------------  -----  ---------  --------  ----------  --------------  -------------------
/opt/airflow/dags/who_health_pipeline_dag.py                           1           0  1.63s           2025-05-22T21:43:16
================================================================================
[2025-05-22T21:43:54.061+0000] {manager.py:878} INFO - 
================================================================================
DAG File Processing Stats

File Path                                     PID    Runtime      # DAGs    # Errors  Last Runtime    Last Run
--------------------------------------------  -----  ---------  --------  ----------  --------------  -------------------
/opt/airflow/dags/who_health_pipeline_dag.py                           1           0  1.41s           2025-05-22T21:43:48
================================================================================
[2025-05-22T21:44:08.266+0000] {manager.py:737} INFO - Searching for files in /opt/airflow/dags
[2025-05-22T21:44:08.303+0000] {manager.py:740} INFO - There are 1 files in /opt/airflow/dags
[2025-05-22T21:44:24.616+0000] {manager.py:878} INFO - 
================================================================================
DAG File Processing Stats

File Path                                     PID    Runtime      # DAGs    # Errors  Last Runtime    Last Run
--------------------------------------------  -----  ---------  --------  ----------  --------------  -------------------
/opt/airflow/dags/who_health_pipeline_dag.py                           1           0  2.30s           2025-05-22T21:44:20
================================================================================
[2025-05-22T21:44:55.061+0000] {manager.py:878} INFO - 
================================================================================
DAG File Processing Stats

File Path                                     PID    Runtime      # DAGs    # Errors  Last Runtime    Last Run
--------------------------------------------  -----  ---------  --------  ----------  --------------  -------------------
/opt/airflow/dags/who_health_pipeline_dag.py                           1           0  2.00s           2025-05-22T21:44:53
================================================================================
[2025-05-22T21:45:25.115+0000] {manager.py:878} INFO - 
================================================================================
DAG File Processing Stats

File Path                                     PID    Runtime      # DAGs    # Errors  Last Runtime    Last Run
--------------------------------------------  -----  ---------  --------  ----------  --------------  -------------------
/opt/airflow/dags/who_health_pipeline_dag.py                           1           0  1.63s           2025-05-22T21:45:25
================================================================================
[2025-05-22T21:45:55.301+0000] {manager.py:878} INFO - 
================================================================================
DAG File Processing Stats

File Path                                       PID  Runtime      # DAGs    # Errors  Last Runtime    Last Run
--------------------------------------------  -----  ---------  --------  ----------  --------------  -------------------
/opt/airflow/dags/who_health_pipeline_dag.py    868  0.01s             1           0  1.63s           2025-05-22T21:45:25
================================================================================
[2025-05-22T21:46:26.023+0000] {manager.py:878} INFO - 
================================================================================
DAG File Processing Stats

File Path                                     PID    Runtime      # DAGs    # Errors  Last Runtime    Last Run
--------------------------------------------  -----  ---------  --------  ----------  --------------  -------------------
/opt/airflow/dags/who_health_pipeline_dag.py                           1           0  1.38s           2025-05-22T21:45:56
================================================================================
[2025-05-22T21:46:56.522+0000] {manager.py:878} INFO - 
================================================================================
DAG File Processing Stats

File Path                                     PID    Runtime      # DAGs    # Errors  Last Runtime    Last Run
--------------------------------------------  -----  ---------  --------  ----------  --------------  -------------------
/opt/airflow/dags/who_health_pipeline_dag.py                           1           0  1.33s           2025-05-22T21:46:28
================================================================================
[2025-05-22T21:47:26.560+0000] {manager.py:878} INFO - 
================================================================================
DAG File Processing Stats

File Path                                     PID    Runtime      # DAGs    # Errors  Last Runtime    Last Run
--------------------------------------------  -----  ---------  --------  ----------  --------------  -------------------
/opt/airflow/dags/who_health_pipeline_dag.py                           1           0  1.55s           2025-05-22T21:47:00
================================================================================
[2025-05-22T21:47:56.651+0000] {manager.py:878} INFO - 
================================================================================
DAG File Processing Stats

File Path                                     PID    Runtime      # DAGs    # Errors  Last Runtime    Last Run
--------------------------------------------  -----  ---------  --------  ----------  --------------  -------------------
/opt/airflow/dags/who_health_pipeline_dag.py                           1           0  1.79s           2025-05-22T21:47:32
================================================================================
[2025-05-22T21:48:26.838+0000] {manager.py:878} INFO - 
================================================================================
DAG File Processing Stats

File Path                                     PID    Runtime      # DAGs    # Errors  Last Runtime    Last Run
--------------------------------------------  -----  ---------  --------  ----------  --------------  -------------------
/opt/airflow/dags/who_health_pipeline_dag.py                           1           0  1.78s           2025-05-22T21:48:04
================================================================================
[2025-05-22T21:48:57.351+0000] {manager.py:878} INFO - 
================================================================================
DAG File Processing Stats

File Path                                     PID    Runtime      # DAGs    # Errors  Last Runtime    Last Run
--------------------------------------------  -----  ---------  --------  ----------  --------------  -------------------
/opt/airflow/dags/who_health_pipeline_dag.py                           1           0  1.63s           2025-05-22T21:48:36
================================================================================
[2025-05-22T21:49:08.599+0000] {manager.py:737} INFO - Searching for files in /opt/airflow/dags
[2025-05-22T21:49:08.652+0000] {manager.py:740} INFO - There are 1 files in /opt/airflow/dags
[2025-05-22T21:49:28.026+0000] {manager.py:878} INFO - 
================================================================================
DAG File Processing Stats

File Path                                     PID    Runtime      # DAGs    # Errors  Last Runtime    Last Run
--------------------------------------------  -----  ---------  --------  ----------  --------------  -------------------
/opt/airflow/dags/who_health_pipeline_dag.py                           1           0  1.49s           2025-05-22T21:49:07
================================================================================
[2025-05-22T21:49:58.562+0000] {manager.py:878} INFO - 
================================================================================
DAG File Processing Stats

File Path                                     PID    Runtime      # DAGs    # Errors  Last Runtime    Last Run
--------------------------------------------  -----  ---------  --------  ----------  --------------  -------------------
/opt/airflow/dags/who_health_pipeline_dag.py                           1           0  1.47s           2025-05-22T21:49:39
================================================================================
[2025-05-22T21:50:28.568+0000] {manager.py:878} INFO - 
================================================================================
DAG File Processing Stats

File Path                                     PID    Runtime      # DAGs    # Errors  Last Runtime    Last Run
--------------------------------------------  -----  ---------  --------  ----------  --------------  -------------------
/opt/airflow/dags/who_health_pipeline_dag.py                           1           0  2.23s           2025-05-22T21:50:12
================================================================================
[2025-05-22T21:50:59.037+0000] {manager.py:878} INFO - 
================================================================================
DAG File Processing Stats

File Path                                     PID    Runtime      # DAGs    # Errors  Last Runtime    Last Run
--------------------------------------------  -----  ---------  --------  ----------  --------------  -------------------
/opt/airflow/dags/who_health_pipeline_dag.py                           1           0  1.48s           2025-05-22T21:50:44
================================================================================
[2025-05-22T21:51:29.377+0000] {manager.py:878} INFO - 
================================================================================
DAG File Processing Stats

File Path                                     PID    Runtime      # DAGs    # Errors  Last Runtime    Last Run
--------------------------------------------  -----  ---------  --------  ----------  --------------  -------------------
/opt/airflow/dags/who_health_pipeline_dag.py                           1           0  1.89s           2025-05-22T21:51:16
================================================================================
[2025-05-22T21:51:59.613+0000] {manager.py:878} INFO - 
================================================================================
DAG File Processing Stats

File Path                                     PID    Runtime      # DAGs    # Errors  Last Runtime    Last Run
--------------------------------------------  -----  ---------  --------  ----------  --------------  -------------------
/opt/airflow/dags/who_health_pipeline_dag.py                           1           0  1.69s           2025-05-22T21:51:48
================================================================================
[2025-05-22T21:52:29.778+0000] {manager.py:878} INFO - 
================================================================================
DAG File Processing Stats

File Path                                     PID    Runtime      # DAGs    # Errors  Last Runtime    Last Run
--------------------------------------------  -----  ---------  --------  ----------  --------------  -------------------
/opt/airflow/dags/who_health_pipeline_dag.py                           1           0  1.78s           2025-05-22T21:52:20
================================================================================
[2025-05-22T21:52:59.900+0000] {manager.py:878} INFO - 
================================================================================
DAG File Processing Stats

File Path                                     PID    Runtime      # DAGs    # Errors  Last Runtime    Last Run
--------------------------------------------  -----  ---------  --------  ----------  --------------  -------------------
/opt/airflow/dags/who_health_pipeline_dag.py                           1           0  1.33s           2025-05-22T21:52:52
================================================================================
[2025-05-22T21:53:30.367+0000] {manager.py:878} INFO - 
================================================================================
DAG File Processing Stats

File Path                                     PID    Runtime      # DAGs    # Errors  Last Runtime    Last Run
--------------------------------------------  -----  ---------  --------  ----------  --------------  -------------------
/opt/airflow/dags/who_health_pipeline_dag.py                           1           0  1.20s           2025-05-22T21:53:23
================================================================================
[2025-05-22T21:54:00.928+0000] {manager.py:878} INFO - 
================================================================================
DAG File Processing Stats

File Path                                     PID    Runtime      # DAGs    # Errors  Last Runtime    Last Run
--------------------------------------------  -----  ---------  --------  ----------  --------------  -------------------
/opt/airflow/dags/who_health_pipeline_dag.py                           1           0  2.21s           2025-05-22T21:53:55
================================================================================
[2025-05-22T21:54:09.095+0000] {manager.py:737} INFO - Searching for files in /opt/airflow/dags
[2025-05-22T21:54:09.147+0000] {manager.py:740} INFO - There are 1 files in /opt/airflow/dags
[2025-05-22T21:54:31.451+0000] {manager.py:878} INFO - 
================================================================================
DAG File Processing Stats

File Path                                     PID    Runtime      # DAGs    # Errors  Last Runtime    Last Run
--------------------------------------------  -----  ---------  --------  ----------  --------------  -------------------
/opt/airflow/dags/who_health_pipeline_dag.py                           1           0  1.41s           2025-05-22T21:54:27
================================================================================
[2025-05-22T21:55:01.462+0000] {manager.py:878} INFO - 
================================================================================
DAG File Processing Stats

File Path                                     PID    Runtime      # DAGs    # Errors  Last Runtime    Last Run
--------------------------------------------  -----  ---------  --------  ----------  --------------  -------------------
/opt/airflow/dags/who_health_pipeline_dag.py                           1           0  1.59s           2025-05-22T21:54:59
================================================================================
[2025-05-22T21:55:31.463+0000] {manager.py:878} INFO - 
================================================================================
DAG File Processing Stats

File Path                                     PID    Runtime      # DAGs    # Errors  Last Runtime    Last Run
--------------------------------------------  -----  ---------  --------  ----------  --------------  -------------------
/opt/airflow/dags/who_health_pipeline_dag.py                           1           0  1.95s           2025-05-22T21:55:31
================================================================================
[2025-05-22T21:56:01.940+0000] {manager.py:878} INFO - 
================================================================================
DAG File Processing Stats

File Path                                       PID  Runtime      # DAGs    # Errors  Last Runtime    Last Run
--------------------------------------------  -----  ---------  --------  ----------  --------------  -------------------
/opt/airflow/dags/who_health_pipeline_dag.py    982  0.01s             1           0  1.95s           2025-05-22T21:55:31
================================================================================
[2025-05-22T21:56:31.998+0000] {manager.py:878} INFO - 
================================================================================
DAG File Processing Stats

File Path                                     PID    Runtime      # DAGs    # Errors  Last Runtime    Last Run
--------------------------------------------  -----  ---------  --------  ----------  --------------  -------------------
/opt/airflow/dags/who_health_pipeline_dag.py                           1           0  1.63s           2025-05-22T21:56:03
================================================================================
[2025-05-22T21:57:02.425+0000] {manager.py:878} INFO - 
================================================================================
DAG File Processing Stats

File Path                                     PID    Runtime      # DAGs    # Errors  Last Runtime    Last Run
--------------------------------------------  -----  ---------  --------  ----------  --------------  -------------------
/opt/airflow/dags/who_health_pipeline_dag.py                           1           0  1.46s           2025-05-22T21:56:35
================================================================================
[2025-05-22T21:57:32.735+0000] {manager.py:878} INFO - 
================================================================================
DAG File Processing Stats

File Path                                     PID    Runtime      # DAGs    # Errors  Last Runtime    Last Run
--------------------------------------------  -----  ---------  --------  ----------  --------------  -------------------
/opt/airflow/dags/who_health_pipeline_dag.py                           1           0  1.80s           2025-05-22T21:57:07
================================================================================
[2025-05-22T21:58:03.085+0000] {manager.py:878} INFO - 
================================================================================
DAG File Processing Stats

File Path                                     PID    Runtime      # DAGs    # Errors  Last Runtime    Last Run
--------------------------------------------  -----  ---------  --------  ----------  --------------  -------------------
/opt/airflow/dags/who_health_pipeline_dag.py                           1           0  1.88s           2025-05-22T21:57:39
================================================================================
[2025-05-22T21:58:33.256+0000] {manager.py:878} INFO - 
================================================================================
DAG File Processing Stats

File Path                                     PID    Runtime      # DAGs    # Errors  Last Runtime    Last Run
--------------------------------------------  -----  ---------  --------  ----------  --------------  -------------------
/opt/airflow/dags/who_health_pipeline_dag.py                           1           0  1.79s           2025-05-22T21:58:11
================================================================================
[2025-05-22T21:59:03.284+0000] {manager.py:878} INFO - 
================================================================================
DAG File Processing Stats

File Path                                     PID    Runtime      # DAGs    # Errors  Last Runtime    Last Run
--------------------------------------------  -----  ---------  --------  ----------  --------------  -------------------
/opt/airflow/dags/who_health_pipeline_dag.py                           1           0  1.56s           2025-05-22T21:58:43
================================================================================
[2025-05-22T21:59:09.192+0000] {manager.py:737} INFO - Searching for files in /opt/airflow/dags
[2025-05-22T21:59:09.232+0000] {manager.py:740} INFO - There are 1 files in /opt/airflow/dags
[2025-05-22T21:59:33.587+0000] {manager.py:878} INFO - 
================================================================================
DAG File Processing Stats

File Path                                     PID    Runtime      # DAGs    # Errors  Last Runtime    Last Run
--------------------------------------------  -----  ---------  --------  ----------  --------------  -------------------
/opt/airflow/dags/who_health_pipeline_dag.py                           1           0  1.58s           2025-05-22T21:59:15
================================================================================
[2025-05-22T22:00:03.916+0000] {manager.py:878} INFO - 
================================================================================
DAG File Processing Stats

File Path                                     PID    Runtime      # DAGs    # Errors  Last Runtime    Last Run
--------------------------------------------  -----  ---------  --------  ----------  --------------  -------------------
/opt/airflow/dags/who_health_pipeline_dag.py                           1           0  1.64s           2025-05-22T21:59:47
================================================================================
[2025-05-22T22:00:33.962+0000] {manager.py:878} INFO - 
================================================================================
DAG File Processing Stats

File Path                                     PID    Runtime      # DAGs    # Errors  Last Runtime    Last Run
--------------------------------------------  -----  ---------  --------  ----------  --------------  -------------------
/opt/airflow/dags/who_health_pipeline_dag.py                           1           0  1.61s           2025-05-22T22:00:19
================================================================================
[2025-05-22T22:01:04.055+0000] {manager.py:878} INFO - 
================================================================================
DAG File Processing Stats

File Path                                     PID    Runtime      # DAGs    # Errors  Last Runtime    Last Run
--------------------------------------------  -----  ---------  --------  ----------  --------------  -------------------
/opt/airflow/dags/who_health_pipeline_dag.py                           1           0  1.73s           2025-05-22T22:00:51
================================================================================
[2025-05-22T22:01:34.416+0000] {manager.py:878} INFO - 
================================================================================
DAG File Processing Stats

File Path                                     PID    Runtime      # DAGs    # Errors  Last Runtime    Last Run
--------------------------------------------  -----  ---------  --------  ----------  --------------  -------------------
/opt/airflow/dags/who_health_pipeline_dag.py                           1           0  2.47s           2025-05-22T22:01:24
================================================================================
[2025-05-22T22:02:04.996+0000] {manager.py:878} INFO - 
================================================================================
DAG File Processing Stats

File Path                                     PID    Runtime      # DAGs    # Errors  Last Runtime    Last Run
--------------------------------------------  -----  ---------  --------  ----------  --------------  -------------------
/opt/airflow/dags/who_health_pipeline_dag.py                           1           0  1.52s           2025-05-22T22:01:56
================================================================================
[2025-05-22T22:02:35.706+0000] {manager.py:878} INFO - 
================================================================================
DAG File Processing Stats

File Path                                     PID    Runtime      # DAGs    # Errors  Last Runtime    Last Run
--------------------------------------------  -----  ---------  --------  ----------  --------------  -------------------
/opt/airflow/dags/who_health_pipeline_dag.py                           1           0  1.58s           2025-05-22T22:02:27
================================================================================
[2025-05-22T22:03:05.970+0000] {manager.py:878} INFO - 
================================================================================
DAG File Processing Stats

File Path                                     PID    Runtime      # DAGs    # Errors  Last Runtime    Last Run
--------------------------------------------  -----  ---------  --------  ----------  --------------  -------------------
/opt/airflow/dags/who_health_pipeline_dag.py                           1           0  1.82s           2025-05-22T22:02:59
================================================================================
[2025-05-22T22:03:36.262+0000] {manager.py:878} INFO - 
================================================================================
DAG File Processing Stats

File Path                                     PID    Runtime      # DAGs    # Errors  Last Runtime    Last Run
--------------------------------------------  -----  ---------  --------  ----------  --------------  -------------------
/opt/airflow/dags/who_health_pipeline_dag.py                           1           0  1.80s           2025-05-22T22:03:32
================================================================================
[2025-05-22T22:04:06.642+0000] {manager.py:878} INFO - 
================================================================================
DAG File Processing Stats

File Path                                     PID    Runtime      # DAGs    # Errors  Last Runtime    Last Run
--------------------------------------------  -----  ---------  --------  ----------  --------------  -------------------
/opt/airflow/dags/who_health_pipeline_dag.py                           1           0  2.24s           2025-05-22T22:04:04
================================================================================
[2025-05-22T22:04:09.697+0000] {manager.py:737} INFO - Searching for files in /opt/airflow/dags
[2025-05-22T22:04:09.800+0000] {manager.py:740} INFO - There are 1 files in /opt/airflow/dags
[2025-05-22T22:04:36.771+0000] {manager.py:878} INFO - 
================================================================================
DAG File Processing Stats

File Path                                     PID    Runtime      # DAGs    # Errors  Last Runtime    Last Run
--------------------------------------------  -----  ---------  --------  ----------  --------------  -------------------
/opt/airflow/dags/who_health_pipeline_dag.py                           1           0  1.60s           2025-05-22T22:04:36
================================================================================
[2025-05-22T22:05:07.111+0000] {manager.py:878} INFO - 
================================================================================
DAG File Processing Stats

File Path                                       PID  Runtime      # DAGs    # Errors  Last Runtime    Last Run
--------------------------------------------  -----  ---------  --------  ----------  --------------  -------------------
/opt/airflow/dags/who_health_pipeline_dag.py   1084  0.01s             1           0  1.60s           2025-05-22T22:04:36
================================================================================
[2025-05-22T22:05:37.471+0000] {manager.py:878} INFO - 
================================================================================
DAG File Processing Stats

File Path                                     PID    Runtime      # DAGs    # Errors  Last Runtime    Last Run
--------------------------------------------  -----  ---------  --------  ----------  --------------  -------------------
/opt/airflow/dags/who_health_pipeline_dag.py                           1           0  2.24s           2025-05-22T22:05:09
================================================================================
[2025-05-22T22:06:07.769+0000] {manager.py:878} INFO - 
================================================================================
DAG File Processing Stats

File Path                                     PID    Runtime      # DAGs    # Errors  Last Runtime    Last Run
--------------------------------------------  -----  ---------  --------  ----------  --------------  -------------------
/opt/airflow/dags/who_health_pipeline_dag.py                           1           0  1.96s           2025-05-22T22:05:41
================================================================================
[2025-05-22T22:06:38.348+0000] {manager.py:878} INFO - 
================================================================================
DAG File Processing Stats

File Path                                     PID    Runtime      # DAGs    # Errors  Last Runtime    Last Run
--------------------------------------------  -----  ---------  --------  ----------  --------------  -------------------
/opt/airflow/dags/who_health_pipeline_dag.py                           1           0  2.44s           2025-05-22T22:06:14
================================================================================
[2025-05-22T22:07:08.812+0000] {manager.py:878} INFO - 
================================================================================
DAG File Processing Stats

File Path                                     PID    Runtime      # DAGs    # Errors  Last Runtime    Last Run
--------------------------------------------  -----  ---------  --------  ----------  --------------  -------------------
/opt/airflow/dags/who_health_pipeline_dag.py                           1           0  2.01s           2025-05-22T22:06:46
================================================================================
[2025-05-22T22:07:38.817+0000] {manager.py:878} INFO - 
================================================================================
DAG File Processing Stats

File Path                                     PID    Runtime      # DAGs    # Errors  Last Runtime    Last Run
--------------------------------------------  -----  ---------  --------  ----------  --------------  -------------------
/opt/airflow/dags/who_health_pipeline_dag.py                           1           0  1.62s           2025-05-22T22:07:18
================================================================================
[2025-05-22T22:08:08.951+0000] {manager.py:878} INFO - 
================================================================================
DAG File Processing Stats

File Path                                     PID    Runtime      # DAGs    # Errors  Last Runtime    Last Run
--------------------------------------------  -----  ---------  --------  ----------  --------------  -------------------
/opt/airflow/dags/who_health_pipeline_dag.py                           1           0  1.81s           2025-05-22T22:07:50
================================================================================
[2025-05-22T22:08:38.999+0000] {manager.py:878} INFO - 
================================================================================
DAG File Processing Stats

File Path                                     PID    Runtime      # DAGs    # Errors  Last Runtime    Last Run
--------------------------------------------  -----  ---------  --------  ----------  --------------  -------------------
/opt/airflow/dags/who_health_pipeline_dag.py                           1           0  1.94s           2025-05-22T22:08:22
================================================================================
[2025-05-22T22:09:09.042+0000] {manager.py:878} INFO - 
================================================================================
DAG File Processing Stats

File Path                                     PID    Runtime      # DAGs    # Errors  Last Runtime    Last Run
--------------------------------------------  -----  ---------  --------  ----------  --------------  -------------------
/opt/airflow/dags/who_health_pipeline_dag.py                           1           0  1.58s           2025-05-22T22:08:54
================================================================================
[2025-05-22T22:09:10.059+0000] {manager.py:737} INFO - Searching for files in /opt/airflow/dags
[2025-05-22T22:09:10.153+0000] {manager.py:740} INFO - There are 1 files in /opt/airflow/dags
[2025-05-22T22:09:39.068+0000] {manager.py:878} INFO - 
================================================================================
DAG File Processing Stats

File Path                                     PID    Runtime      # DAGs    # Errors  Last Runtime    Last Run
--------------------------------------------  -----  ---------  --------  ----------  --------------  -------------------
/opt/airflow/dags/who_health_pipeline_dag.py                           1           0  2.03s           2025-05-22T22:09:26
================================================================================
[2025-05-22T22:10:09.437+0000] {manager.py:878} INFO - 
================================================================================
DAG File Processing Stats

File Path                                     PID    Runtime      # DAGs    # Errors  Last Runtime    Last Run
--------------------------------------------  -----  ---------  --------  ----------  --------------  -------------------
/opt/airflow/dags/who_health_pipeline_dag.py                           1           0  1.57s           2025-05-22T22:09:58
================================================================================
[2025-05-22T22:10:39.848+0000] {manager.py:878} INFO - 
================================================================================
DAG File Processing Stats

File Path                                     PID    Runtime      # DAGs    # Errors  Last Runtime    Last Run
--------------------------------------------  -----  ---------  --------  ----------  --------------  -------------------
/opt/airflow/dags/who_health_pipeline_dag.py                           1           0  1.86s           2025-05-22T22:10:31
================================================================================
[2025-05-22T22:11:10.472+0000] {manager.py:878} INFO - 
================================================================================
DAG File Processing Stats

File Path                                     PID    Runtime      # DAGs    # Errors  Last Runtime    Last Run
--------------------------------------------  -----  ---------  --------  ----------  --------------  -------------------
/opt/airflow/dags/who_health_pipeline_dag.py                           1           0  2.34s           2025-05-22T22:11:03
================================================================================
[2025-05-22T22:11:40.627+0000] {manager.py:878} INFO - 
================================================================================
DAG File Processing Stats

File Path                                     PID    Runtime      # DAGs    # Errors  Last Runtime    Last Run
--------------------------------------------  -----  ---------  --------  ----------  --------------  -------------------
/opt/airflow/dags/who_health_pipeline_dag.py                           1           0  1.77s           2025-05-22T22:11:35
================================================================================
[2025-05-22T22:12:11.251+0000] {manager.py:878} INFO - 
================================================================================
DAG File Processing Stats

File Path                                     PID    Runtime      # DAGs    # Errors  Last Runtime    Last Run
--------------------------------------------  -----  ---------  --------  ----------  --------------  -------------------
/opt/airflow/dags/who_health_pipeline_dag.py                           1           0  1.51s           2025-05-22T22:12:07
================================================================================
[2025-05-22T22:12:42.031+0000] {manager.py:878} INFO - 
================================================================================
DAG File Processing Stats

File Path                                     PID    Runtime      # DAGs    # Errors  Last Runtime    Last Run
--------------------------------------------  -----  ---------  --------  ----------  --------------  -------------------
/opt/airflow/dags/who_health_pipeline_dag.py                           1           0  1.56s           2025-05-22T22:12:39
================================================================================
[2025-05-22T22:13:12.279+0000] {manager.py:878} INFO - 
================================================================================
DAG File Processing Stats

File Path                                     PID    Runtime      # DAGs    # Errors  Last Runtime    Last Run
--------------------------------------------  -----  ---------  --------  ----------  --------------  -------------------
/opt/airflow/dags/who_health_pipeline_dag.py                           1           0  1.80s           2025-05-22T22:13:11
================================================================================
[2025-05-22T22:13:42.690+0000] {manager.py:878} INFO - 
================================================================================
DAG File Processing Stats

File Path                                       PID  Runtime      # DAGs    # Errors  Last Runtime    Last Run
--------------------------------------------  -----  ---------  --------  ----------  --------------  -------------------
/opt/airflow/dags/who_health_pipeline_dag.py   1180  1.04s             1           0  1.80s           2025-05-22T22:13:11
================================================================================
[2025-05-22T22:14:10.092+0000] {manager.py:737} INFO - Searching for files in /opt/airflow/dags
[2025-05-22T22:14:10.158+0000] {manager.py:740} INFO - There are 1 files in /opt/airflow/dags
[2025-05-22T22:14:13.224+0000] {manager.py:878} INFO - 
================================================================================
DAG File Processing Stats

File Path                                     PID    Runtime      # DAGs    # Errors  Last Runtime    Last Run
--------------------------------------------  -----  ---------  --------  ----------  --------------  -------------------
/opt/airflow/dags/who_health_pipeline_dag.py                           1           0  2.17s           2025-05-22T22:13:43
================================================================================
[2025-05-22T22:14:43.645+0000] {manager.py:878} INFO - 
================================================================================
DAG File Processing Stats

File Path                                     PID    Runtime      # DAGs    # Errors  Last Runtime    Last Run
--------------------------------------------  -----  ---------  --------  ----------  --------------  -------------------
/opt/airflow/dags/who_health_pipeline_dag.py                           1           0  2.11s           2025-05-22T22:14:16
================================================================================
[2025-05-22T22:15:14.084+0000] {manager.py:878} INFO - 
================================================================================
DAG File Processing Stats

File Path                                     PID    Runtime      # DAGs    # Errors  Last Runtime    Last Run
--------------------------------------------  -----  ---------  --------  ----------  --------------  -------------------
/opt/airflow/dags/who_health_pipeline_dag.py                           1           0  2.12s           2025-05-22T22:14:48
================================================================================
[2025-05-22T22:15:44.353+0000] {manager.py:878} INFO - 
================================================================================
DAG File Processing Stats

File Path                                     PID    Runtime      # DAGs    # Errors  Last Runtime    Last Run
--------------------------------------------  -----  ---------  --------  ----------  --------------  -------------------
/opt/airflow/dags/who_health_pipeline_dag.py                           1           0  1.86s           2025-05-22T22:15:21
================================================================================
[2025-05-22T22:16:14.825+0000] {manager.py:878} INFO - 
================================================================================
DAG File Processing Stats

File Path                                     PID    Runtime      # DAGs    # Errors  Last Runtime    Last Run
--------------------------------------------  -----  ---------  --------  ----------  --------------  -------------------
/opt/airflow/dags/who_health_pipeline_dag.py                           1           0  2.05s           2025-05-22T22:15:53
================================================================================
[2025-05-22T22:16:45.220+0000] {manager.py:878} INFO - 
================================================================================
DAG File Processing Stats

File Path                                     PID    Runtime      # DAGs    # Errors  Last Runtime    Last Run
--------------------------------------------  -----  ---------  --------  ----------  --------------  -------------------
/opt/airflow/dags/who_health_pipeline_dag.py                           1           0  2.40s           2025-05-22T22:16:26
================================================================================
[2025-05-22T22:17:15.501+0000] {manager.py:878} INFO - 
================================================================================
DAG File Processing Stats

File Path                                     PID    Runtime      # DAGs    # Errors  Last Runtime    Last Run
--------------------------------------------  -----  ---------  --------  ----------  --------------  -------------------
/opt/airflow/dags/who_health_pipeline_dag.py                           1           0  1.69s           2025-05-22T22:16:58
================================================================================
[2025-05-22T22:17:45.806+0000] {manager.py:878} INFO - 
================================================================================
DAG File Processing Stats

File Path                                     PID    Runtime      # DAGs    # Errors  Last Runtime    Last Run
--------------------------------------------  -----  ---------  --------  ----------  --------------  -------------------
/opt/airflow/dags/who_health_pipeline_dag.py                           1           0  1.94s           2025-05-22T22:17:30
================================================================================
[2025-05-22T22:18:16.256+0000] {manager.py:878} INFO - 
================================================================================
DAG File Processing Stats

File Path                                     PID    Runtime      # DAGs    # Errors  Last Runtime    Last Run
--------------------------------------------  -----  ---------  --------  ----------  --------------  -------------------
/opt/airflow/dags/who_health_pipeline_dag.py                           1           0  2.26s           2025-05-22T22:18:03
================================================================================
[2025-05-22T22:18:46.486+0000] {manager.py:878} INFO - 
================================================================================
DAG File Processing Stats

File Path                                     PID    Runtime      # DAGs    # Errors  Last Runtime    Last Run
--------------------------------------------  -----  ---------  --------  ----------  --------------  -------------------
/opt/airflow/dags/who_health_pipeline_dag.py                           1           0  1.92s           2025-05-22T22:18:35
================================================================================
[2025-05-22T22:19:10.635+0000] {manager.py:737} INFO - Searching for files in /opt/airflow/dags
[2025-05-22T22:19:10.675+0000] {manager.py:740} INFO - There are 1 files in /opt/airflow/dags
[2025-05-22T22:19:16.766+0000] {manager.py:878} INFO - 
================================================================================
DAG File Processing Stats

File Path                                     PID    Runtime      # DAGs    # Errors  Last Runtime    Last Run
--------------------------------------------  -----  ---------  --------  ----------  --------------  -------------------
/opt/airflow/dags/who_health_pipeline_dag.py                           1           0  1.87s           2025-05-22T22:19:07
================================================================================
[2025-05-22T22:19:47.385+0000] {manager.py:878} INFO - 
================================================================================
DAG File Processing Stats

File Path                                     PID    Runtime      # DAGs    # Errors  Last Runtime    Last Run
--------------------------------------------  -----  ---------  --------  ----------  --------------  -------------------
/opt/airflow/dags/who_health_pipeline_dag.py                           1           0  1.39s           2025-05-22T22:19:39
================================================================================
[2025-05-22T22:20:17.591+0000] {manager.py:878} INFO - 
================================================================================
DAG File Processing Stats

File Path                                     PID    Runtime      # DAGs    # Errors  Last Runtime    Last Run
--------------------------------------------  -----  ---------  --------  ----------  --------------  -------------------
/opt/airflow/dags/who_health_pipeline_dag.py                           1           0  1.81s           2025-05-22T22:20:11
================================================================================
[2025-05-22T22:20:47.934+0000] {manager.py:878} INFO - 
================================================================================
DAG File Processing Stats

File Path                                     PID    Runtime      # DAGs    # Errors  Last Runtime    Last Run
--------------------------------------------  -----  ---------  --------  ----------  --------------  -------------------
/opt/airflow/dags/who_health_pipeline_dag.py                           1           0  2.31s           2025-05-22T22:20:44
================================================================================
[2025-05-22T22:21:18.196+0000] {manager.py:878} INFO - 
================================================================================
DAG File Processing Stats

File Path                                     PID    Runtime      # DAGs    # Errors  Last Runtime    Last Run
--------------------------------------------  -----  ---------  --------  ----------  --------------  -------------------
/opt/airflow/dags/who_health_pipeline_dag.py                           1           0  1.87s           2025-05-22T22:21:16
================================================================================
[2025-05-22T22:21:48.344+0000] {manager.py:878} INFO - 
================================================================================
DAG File Processing Stats

File Path                                     PID    Runtime      # DAGs    # Errors  Last Runtime    Last Run
--------------------------------------------  -----  ---------  --------  ----------  --------------  -------------------
/opt/airflow/dags/who_health_pipeline_dag.py                           1           0  1.76s           2025-05-22T22:21:48
================================================================================
[2025-05-22T22:22:18.776+0000] {manager.py:878} INFO - 
================================================================================
DAG File Processing Stats

File Path                                       PID  Runtime      # DAGs    # Errors  Last Runtime    Last Run
--------------------------------------------  -----  ---------  --------  ----------  --------------  -------------------
/opt/airflow/dags/who_health_pipeline_dag.py   1276  0.01s             1           0  1.76s           2025-05-22T22:21:48
================================================================================
[2025-05-22T22:22:49.325+0000] {manager.py:878} INFO - 
================================================================================
DAG File Processing Stats

File Path                                     PID    Runtime      # DAGs    # Errors  Last Runtime    Last Run
--------------------------------------------  -----  ---------  --------  ----------  --------------  -------------------
/opt/airflow/dags/who_health_pipeline_dag.py                           1           0  2.35s           2025-05-22T22:22:21
================================================================================
[2025-05-22T22:23:19.778+0000] {manager.py:878} INFO - 
================================================================================
DAG File Processing Stats

File Path                                     PID    Runtime      # DAGs    # Errors  Last Runtime    Last Run
--------------------------------------------  -----  ---------  --------  ----------  --------------  -------------------
/opt/airflow/dags/who_health_pipeline_dag.py                           1           0  1.56s           2025-05-22T22:22:52
================================================================================
[2025-05-22T22:23:50.160+0000] {manager.py:878} INFO - 
================================================================================
DAG File Processing Stats

File Path                                     PID    Runtime      # DAGs    # Errors  Last Runtime    Last Run
--------------------------------------------  -----  ---------  --------  ----------  --------------  -------------------
/opt/airflow/dags/who_health_pipeline_dag.py                           1           0  2.59s           2025-05-22T22:23:26
================================================================================
[2025-05-22T22:24:10.999+0000] {manager.py:737} INFO - Searching for files in /opt/airflow/dags
[2025-05-22T22:24:11.058+0000] {manager.py:740} INFO - There are 1 files in /opt/airflow/dags
[2025-05-22T22:24:20.194+0000] {manager.py:878} INFO - 
================================================================================
DAG File Processing Stats

File Path                                     PID    Runtime      # DAGs    # Errors  Last Runtime    Last Run
--------------------------------------------  -----  ---------  --------  ----------  --------------  -------------------
/opt/airflow/dags/who_health_pipeline_dag.py                           1           0  1.56s           2025-05-22T22:23:57
================================================================================
[2025-05-22T22:24:50.495+0000] {manager.py:878} INFO - 
================================================================================
DAG File Processing Stats

File Path                                     PID    Runtime      # DAGs    # Errors  Last Runtime    Last Run
--------------------------------------------  -----  ---------  --------  ----------  --------------  -------------------
/opt/airflow/dags/who_health_pipeline_dag.py                           1           0  5.57s           2025-05-22T22:24:33
================================================================================
[2025-05-22T22:25:20.721+0000] {manager.py:878} INFO - 
================================================================================
DAG File Processing Stats

File Path                                     PID    Runtime      # DAGs    # Errors  Last Runtime    Last Run
--------------------------------------------  -----  ---------  --------  ----------  --------------  -------------------
/opt/airflow/dags/who_health_pipeline_dag.py                           1           0  1.88s           2025-05-22T22:25:05
================================================================================
[2025-05-22T22:25:50.729+0000] {manager.py:878} INFO - 
================================================================================
DAG File Processing Stats

File Path                                     PID    Runtime      # DAGs    # Errors  Last Runtime    Last Run
--------------------------------------------  -----  ---------  --------  ----------  --------------  -------------------
/opt/airflow/dags/who_health_pipeline_dag.py                           1           0  1.56s           2025-05-22T22:25:37
================================================================================
[2025-05-22T22:26:21.202+0000] {manager.py:878} INFO - 
================================================================================
DAG File Processing Stats

File Path                                     PID    Runtime      # DAGs    # Errors  Last Runtime    Last Run
--------------------------------------------  -----  ---------  --------  ----------  --------------  -------------------
/opt/airflow/dags/who_health_pipeline_dag.py                           1           0  1.65s           2025-05-22T22:26:09
================================================================================
[2025-05-22T22:26:51.213+0000] {manager.py:878} INFO - 
================================================================================
DAG File Processing Stats

File Path                                     PID    Runtime      # DAGs    # Errors  Last Runtime    Last Run
--------------------------------------------  -----  ---------  --------  ----------  --------------  -------------------
/opt/airflow/dags/who_health_pipeline_dag.py                           1           0  1.67s           2025-05-22T22:26:41
================================================================================
[2025-05-22T22:27:21.629+0000] {manager.py:878} INFO - 
================================================================================
DAG File Processing Stats

File Path                                     PID    Runtime      # DAGs    # Errors  Last Runtime    Last Run
--------------------------------------------  -----  ---------  --------  ----------  --------------  -------------------
/opt/airflow/dags/who_health_pipeline_dag.py                           1           0  2.13s           2025-05-22T22:27:13
================================================================================
[2025-05-22T22:27:51.813+0000] {manager.py:878} INFO - 
================================================================================
DAG File Processing Stats

File Path                                     PID    Runtime      # DAGs    # Errors  Last Runtime    Last Run
--------------------------------------------  -----  ---------  --------  ----------  --------------  -------------------
/opt/airflow/dags/who_health_pipeline_dag.py                           1           0  1.66s           2025-05-22T22:27:45
================================================================================
[2025-05-22T22:28:22.477+0000] {manager.py:878} INFO - 
================================================================================
DAG File Processing Stats

File Path                                     PID    Runtime      # DAGs    # Errors  Last Runtime    Last Run
--------------------------------------------  -----  ---------  --------  ----------  --------------  -------------------
/opt/airflow/dags/who_health_pipeline_dag.py                           1           0  1.43s           2025-05-22T22:28:17
================================================================================
[2025-05-22T22:28:53.053+0000] {manager.py:878} INFO - 
================================================================================
DAG File Processing Stats

File Path                                     PID    Runtime      # DAGs    # Errors  Last Runtime    Last Run
--------------------------------------------  -----  ---------  --------  ----------  --------------  -------------------
/opt/airflow/dags/who_health_pipeline_dag.py                           1           0  1.49s           2025-05-22T22:28:49
================================================================================
[2025-05-22T22:29:11.267+0000] {manager.py:737} INFO - Searching for files in /opt/airflow/dags
[2025-05-22T22:29:11.314+0000] {manager.py:740} INFO - There are 1 files in /opt/airflow/dags
[2025-05-22T22:29:23.715+0000] {manager.py:878} INFO - 
================================================================================
DAG File Processing Stats

File Path                                     PID    Runtime      # DAGs    # Errors  Last Runtime    Last Run
--------------------------------------------  -----  ---------  --------  ----------  --------------  -------------------
/opt/airflow/dags/who_health_pipeline_dag.py                           1           0  1.48s           2025-05-22T22:29:20
================================================================================
[2025-05-22T22:29:53.985+0000] {manager.py:878} INFO - 
================================================================================
DAG File Processing Stats

File Path                                     PID    Runtime      # DAGs    # Errors  Last Runtime    Last Run
--------------------------------------------  -----  ---------  --------  ----------  --------------  -------------------
/opt/airflow/dags/who_health_pipeline_dag.py                           1           0  1.86s           2025-05-22T22:29:52
================================================================================
[2025-05-22T22:30:24.445+0000] {manager.py:878} INFO - 
================================================================================
DAG File Processing Stats

File Path                                       PID  Runtime      # DAGs    # Errors  Last Runtime    Last Run
--------------------------------------------  -----  ---------  --------  ----------  --------------  -------------------
/opt/airflow/dags/who_health_pipeline_dag.py   1366  1.02s             1           0  1.86s           2025-05-22T22:29:52
================================================================================
[2025-05-22T22:30:54.626+0000] {manager.py:878} INFO - 
================================================================================
DAG File Processing Stats

File Path                                     PID    Runtime      # DAGs    # Errors  Last Runtime    Last Run
--------------------------------------------  -----  ---------  --------  ----------  --------------  -------------------
/opt/airflow/dags/who_health_pipeline_dag.py                           1           0  1.83s           2025-05-22T22:30:25
================================================================================
[2025-05-22T22:31:25.394+0000] {manager.py:878} INFO - 
================================================================================
DAG File Processing Stats

File Path                                     PID    Runtime      # DAGs    # Errors  Last Runtime    Last Run
--------------------------------------------  -----  ---------  --------  ----------  --------------  -------------------
/opt/airflow/dags/who_health_pipeline_dag.py                           1           0  1.61s           2025-05-22T22:30:57
================================================================================
[2025-05-22T22:31:55.595+0000] {manager.py:878} INFO - 
================================================================================
DAG File Processing Stats

File Path                                     PID    Runtime      # DAGs    # Errors  Last Runtime    Last Run
--------------------------------------------  -----  ---------  --------  ----------  --------------  -------------------
/opt/airflow/dags/who_health_pipeline_dag.py                           1           0  1.78s           2025-05-22T22:31:29
================================================================================
[2025-05-22T22:32:25.962+0000] {manager.py:878} INFO - 
================================================================================
DAG File Processing Stats

File Path                                     PID    Runtime      # DAGs    # Errors  Last Runtime    Last Run
--------------------------------------------  -----  ---------  --------  ----------  --------------  -------------------
/opt/airflow/dags/who_health_pipeline_dag.py                           1           0  2.19s           2025-05-22T22:32:01
================================================================================
[2025-05-22T22:32:56.028+0000] {manager.py:878} INFO - 
================================================================================
DAG File Processing Stats

File Path                                     PID    Runtime      # DAGs    # Errors  Last Runtime    Last Run
--------------------------------------------  -----  ---------  --------  ----------  --------------  -------------------
/opt/airflow/dags/who_health_pipeline_dag.py                           1           0  4.44s           2025-05-22T22:32:36
================================================================================
[2025-05-22T22:33:26.102+0000] {manager.py:878} INFO - 
================================================================================
DAG File Processing Stats

File Path                                     PID    Runtime      # DAGs    # Errors  Last Runtime    Last Run
--------------------------------------------  -----  ---------  --------  ----------  --------------  -------------------
/opt/airflow/dags/who_health_pipeline_dag.py                           1           0  6.54s           2025-05-22T22:33:13
================================================================================
[2025-05-22T22:33:56.408+0000] {manager.py:878} INFO - 
================================================================================
DAG File Processing Stats

File Path                                     PID    Runtime      # DAGs    # Errors  Last Runtime    Last Run
--------------------------------------------  -----  ---------  --------  ----------  --------------  -------------------
/opt/airflow/dags/who_health_pipeline_dag.py                           1           0  6.15s           2025-05-22T22:33:50
================================================================================
[2025-05-22T22:34:11.656+0000] {manager.py:737} INFO - Searching for files in /opt/airflow/dags
[2025-05-22T22:34:12.078+0000] {manager.py:740} INFO - There are 1 files in /opt/airflow/dags
[2025-05-22T22:34:26.435+0000] {manager.py:878} INFO - 
================================================================================
DAG File Processing Stats

File Path                                     PID    Runtime      # DAGs    # Errors  Last Runtime    Last Run
--------------------------------------------  -----  ---------  --------  ----------  --------------  -------------------
/opt/airflow/dags/who_health_pipeline_dag.py                           1           0  2.78s           2025-05-22T22:34:23
================================================================================
[2025-05-22T22:34:56.631+0000] {manager.py:878} INFO - 
================================================================================
DAG File Processing Stats

File Path                                     PID    Runtime      # DAGs    # Errors  Last Runtime    Last Run
--------------------------------------------  -----  ---------  --------  ----------  --------------  -------------------
/opt/airflow/dags/who_health_pipeline_dag.py                           1           0  1.94s           2025-05-22T22:34:55
================================================================================
[2025-05-22T22:35:26.976+0000] {manager.py:878} INFO - 
================================================================================
DAG File Processing Stats

File Path                                       PID  Runtime      # DAGs    # Errors  Last Runtime    Last Run
--------------------------------------------  -----  ---------  --------  ----------  --------------  -------------------
/opt/airflow/dags/who_health_pipeline_dag.py   1420  1.02s             1           0  1.94s           2025-05-22T22:34:55
================================================================================
[2025-05-22T22:35:57.713+0000] {manager.py:878} INFO - 
================================================================================
DAG File Processing Stats

File Path                                     PID    Runtime      # DAGs    # Errors  Last Runtime    Last Run
--------------------------------------------  -----  ---------  --------  ----------  --------------  -------------------
/opt/airflow/dags/who_health_pipeline_dag.py                           1           0  3.53s           2025-05-22T22:35:29
================================================================================
[2025-05-22T22:36:28.228+0000] {manager.py:878} INFO - 
================================================================================
DAG File Processing Stats

File Path                                     PID    Runtime      # DAGs    # Errors  Last Runtime    Last Run
--------------------------------------------  -----  ---------  --------  ----------  --------------  -------------------
/opt/airflow/dags/who_health_pipeline_dag.py                           1           0  1.83s           2025-05-22T22:36:01
================================================================================
[2025-05-22T22:36:58.947+0000] {manager.py:878} INFO - 
================================================================================
DAG File Processing Stats

File Path                                     PID    Runtime      # DAGs    # Errors  Last Runtime    Last Run
--------------------------------------------  -----  ---------  --------  ----------  --------------  -------------------
/opt/airflow/dags/who_health_pipeline_dag.py                           1           0  3.35s           2025-05-22T22:36:35
================================================================================
[2025-05-22T22:37:29.566+0000] {manager.py:878} INFO - 
================================================================================
DAG File Processing Stats

File Path                                     PID    Runtime      # DAGs    # Errors  Last Runtime    Last Run
--------------------------------------------  -----  ---------  --------  ----------  --------------  -------------------
/opt/airflow/dags/who_health_pipeline_dag.py                           1           0  2.21s           2025-05-22T22:37:08
================================================================================
[2025-05-22T22:37:59.963+0000] {manager.py:878} INFO - 
================================================================================
DAG File Processing Stats

File Path                                     PID    Runtime      # DAGs    # Errors  Last Runtime    Last Run
--------------------------------------------  -----  ---------  --------  ----------  --------------  -------------------
/opt/airflow/dags/who_health_pipeline_dag.py                           1           0  2.00s           2025-05-22T22:37:40
================================================================================
[2025-05-22T22:38:30.271+0000] {manager.py:878} INFO - 
================================================================================
DAG File Processing Stats

File Path                                     PID    Runtime      # DAGs    # Errors  Last Runtime    Last Run
--------------------------------------------  -----  ---------  --------  ----------  --------------  -------------------
/opt/airflow/dags/who_health_pipeline_dag.py                           1           0  1.90s           2025-05-22T22:38:13
================================================================================
[2025-05-22T22:39:00.758+0000] {manager.py:878} INFO - 
================================================================================
DAG File Processing Stats

File Path                                     PID    Runtime      # DAGs    # Errors  Last Runtime    Last Run
--------------------------------------------  -----  ---------  --------  ----------  --------------  -------------------
/opt/airflow/dags/who_health_pipeline_dag.py                           1           0  1.62s           2025-05-22T22:38:45
================================================================================
[2025-05-22T22:39:11.877+0000] {manager.py:737} INFO - Searching for files in /opt/airflow/dags
[2025-05-22T22:39:11.940+0000] {manager.py:740} INFO - There are 1 files in /opt/airflow/dags
[2025-05-22T22:39:31.202+0000] {manager.py:878} INFO - 
================================================================================
DAG File Processing Stats

File Path                                     PID    Runtime      # DAGs    # Errors  Last Runtime    Last Run
--------------------------------------------  -----  ---------  --------  ----------  --------------  -------------------
/opt/airflow/dags/who_health_pipeline_dag.py                           1           0  2.02s           2025-05-22T22:39:17
================================================================================
[2025-05-22T22:40:01.575+0000] {manager.py:878} INFO - 
================================================================================
DAG File Processing Stats

File Path                                     PID    Runtime      # DAGs    # Errors  Last Runtime    Last Run
--------------------------------------------  -----  ---------  --------  ----------  --------------  -------------------
/opt/airflow/dags/who_health_pipeline_dag.py                           1           0  2.89s           2025-05-22T22:39:50
================================================================================
[2025-05-22T22:40:31.700+0000] {manager.py:878} INFO - 
================================================================================
DAG File Processing Stats

File Path                                     PID    Runtime      # DAGs    # Errors  Last Runtime    Last Run
--------------------------------------------  -----  ---------  --------  ----------  --------------  -------------------
/opt/airflow/dags/who_health_pipeline_dag.py                           1           0  1.40s           2025-05-22T22:40:22
================================================================================
[2025-05-22T22:41:01.754+0000] {manager.py:878} INFO - 
================================================================================
DAG File Processing Stats

File Path                                     PID    Runtime      # DAGs    # Errors  Last Runtime    Last Run
--------------------------------------------  -----  ---------  --------  ----------  --------------  -------------------
/opt/airflow/dags/who_health_pipeline_dag.py                           1           0  1.20s           2025-05-22T22:40:53
================================================================================
[2025-05-22T22:41:32.182+0000] {manager.py:878} INFO - 
================================================================================
DAG File Processing Stats

File Path                                     PID    Runtime      # DAGs    # Errors  Last Runtime    Last Run
--------------------------------------------  -----  ---------  --------  ----------  --------------  -------------------
/opt/airflow/dags/who_health_pipeline_dag.py                           1           0  1.82s           2025-05-22T22:41:26
================================================================================
[2025-05-22T22:42:02.186+0000] {manager.py:878} INFO - 
================================================================================
DAG File Processing Stats

File Path                                     PID    Runtime      # DAGs    # Errors  Last Runtime    Last Run
--------------------------------------------  -----  ---------  --------  ----------  --------------  -------------------
/opt/airflow/dags/who_health_pipeline_dag.py                           1           0  1.48s           2025-05-22T22:41:58
================================================================================
[2025-05-22T22:42:32.687+0000] {manager.py:878} INFO - 
================================================================================
DAG File Processing Stats

File Path                                     PID    Runtime      # DAGs    # Errors  Last Runtime    Last Run
--------------------------------------------  -----  ---------  --------  ----------  --------------  -------------------
/opt/airflow/dags/who_health_pipeline_dag.py                           1           0  2.39s           2025-05-22T22:42:30
================================================================================
[2025-05-22T22:43:03.095+0000] {manager.py:878} INFO - 
================================================================================
DAG File Processing Stats

File Path                                       PID  Runtime      # DAGs    # Errors  Last Runtime    Last Run
--------------------------------------------  -----  ---------  --------  ----------  --------------  -------------------
/opt/airflow/dags/who_health_pipeline_dag.py   1504  2.03s             1           0  2.39s           2025-05-22T22:42:30
================================================================================
[2025-05-22T22:43:33.276+0000] {manager.py:878} INFO - 
================================================================================
DAG File Processing Stats

File Path                                       PID  Runtime      # DAGs    # Errors  Last Runtime    Last Run
--------------------------------------------  -----  ---------  --------  ----------  --------------  -------------------
/opt/airflow/dags/who_health_pipeline_dag.py   1510  0.01s             1           0  2.16s           2025-05-22T22:43:03
================================================================================
[2025-05-22T22:44:03.638+0000] {manager.py:878} INFO - 
================================================================================
DAG File Processing Stats

File Path                                     PID    Runtime      # DAGs    # Errors  Last Runtime    Last Run
--------------------------------------------  -----  ---------  --------  ----------  --------------  -------------------
/opt/airflow/dags/who_health_pipeline_dag.py                           1           0  2.62s           2025-05-22T22:43:35
================================================================================
[2025-05-22T22:44:11.893+0000] {manager.py:737} INFO - Searching for files in /opt/airflow/dags
[2025-05-22T22:44:11.950+0000] {manager.py:740} INFO - There are 1 files in /opt/airflow/dags
[2025-05-22T22:44:34.072+0000] {manager.py:878} INFO - 
================================================================================
DAG File Processing Stats

File Path                                     PID    Runtime      # DAGs    # Errors  Last Runtime    Last Run
--------------------------------------------  -----  ---------  --------  ----------  --------------  -------------------
/opt/airflow/dags/who_health_pipeline_dag.py                           1           0  1.53s           2025-05-22T22:44:07
================================================================================
[2025-05-22T22:45:04.506+0000] {manager.py:878} INFO - 
================================================================================
DAG File Processing Stats

File Path                                     PID    Runtime      # DAGs    # Errors  Last Runtime    Last Run
--------------------------------------------  -----  ---------  --------  ----------  --------------  -------------------
/opt/airflow/dags/who_health_pipeline_dag.py                           1           0  2.02s           2025-05-22T22:44:40
================================================================================
[2025-05-22T22:45:35.026+0000] {manager.py:878} INFO - 
================================================================================
DAG File Processing Stats

File Path                                     PID    Runtime      # DAGs    # Errors  Last Runtime    Last Run
--------------------------------------------  -----  ---------  --------  ----------  --------------  -------------------
/opt/airflow/dags/who_health_pipeline_dag.py                           1           0  2.49s           2025-05-22T22:45:13
================================================================================
[2025-05-22T22:46:05.200+0000] {manager.py:878} INFO - 
================================================================================
DAG File Processing Stats

File Path                                     PID    Runtime      # DAGs    # Errors  Last Runtime    Last Run
--------------------------------------------  -----  ---------  --------  ----------  --------------  -------------------
/opt/airflow/dags/who_health_pipeline_dag.py                           1           0  1.74s           2025-05-22T22:45:44
================================================================================
[2025-05-22T22:46:35.656+0000] {manager.py:878} INFO - 
================================================================================
DAG File Processing Stats

File Path                                     PID    Runtime      # DAGs    # Errors  Last Runtime    Last Run
--------------------------------------------  -----  ---------  --------  ----------  --------------  -------------------
/opt/airflow/dags/who_health_pipeline_dag.py                           1           0  2.44s           2025-05-22T22:46:17
================================================================================
[2025-05-22T22:47:06.246+0000] {manager.py:878} INFO - 
================================================================================
DAG File Processing Stats

File Path                                     PID    Runtime      # DAGs    # Errors  Last Runtime    Last Run
--------------------------------------------  -----  ---------  --------  ----------  --------------  -------------------
/opt/airflow/dags/who_health_pipeline_dag.py                           1           0  1.21s           2025-05-22T22:46:49
================================================================================
[2025-05-22T22:47:36.407+0000] {manager.py:878} INFO - 
================================================================================
DAG File Processing Stats

File Path                                     PID    Runtime      # DAGs    # Errors  Last Runtime    Last Run
--------------------------------------------  -----  ---------  --------  ----------  --------------  -------------------
/opt/airflow/dags/who_health_pipeline_dag.py                           1           0  1.79s           2025-05-22T22:47:21
================================================================================
[2025-05-22T22:48:06.539+0000] {manager.py:878} INFO - 
================================================================================
DAG File Processing Stats

File Path                                     PID    Runtime      # DAGs    # Errors  Last Runtime    Last Run
--------------------------------------------  -----  ---------  --------  ----------  --------------  -------------------
/opt/airflow/dags/who_health_pipeline_dag.py                           1           0  1.78s           2025-05-22T22:47:53
================================================================================
[2025-05-22T22:48:36.884+0000] {manager.py:878} INFO - 
================================================================================
DAG File Processing Stats

File Path                                     PID    Runtime      # DAGs    # Errors  Last Runtime    Last Run
--------------------------------------------  -----  ---------  --------  ----------  --------------  -------------------
/opt/airflow/dags/who_health_pipeline_dag.py                           1           0  1.38s           2025-05-22T22:48:24
================================================================================
[2025-05-22T22:49:07.416+0000] {manager.py:878} INFO - 
================================================================================
DAG File Processing Stats

File Path                                     PID    Runtime      # DAGs    # Errors  Last Runtime    Last Run
--------------------------------------------  -----  ---------  --------  ----------  --------------  -------------------
/opt/airflow/dags/who_health_pipeline_dag.py                           1           0  2.12s           2025-05-22T22:48:57
================================================================================
[2025-05-22T22:49:12.509+0000] {manager.py:737} INFO - Searching for files in /opt/airflow/dags
[2025-05-22T22:49:12.572+0000] {manager.py:740} INFO - There are 1 files in /opt/airflow/dags
[2025-05-22T22:49:37.669+0000] {manager.py:878} INFO - 
================================================================================
DAG File Processing Stats

File Path                                     PID    Runtime      # DAGs    # Errors  Last Runtime    Last Run
--------------------------------------------  -----  ---------  --------  ----------  --------------  -------------------
/opt/airflow/dags/who_health_pipeline_dag.py                           1           0  1.69s           2025-05-22T22:49:29
================================================================================
[2025-05-22T22:50:07.875+0000] {manager.py:878} INFO - 
================================================================================
DAG File Processing Stats

File Path                                     PID    Runtime      # DAGs    # Errors  Last Runtime    Last Run
--------------------------------------------  -----  ---------  --------  ----------  --------------  -------------------
/opt/airflow/dags/who_health_pipeline_dag.py                           1           0  4.92s           2025-05-22T22:50:04
================================================================================
[2025-05-22T22:50:38.295+0000] {manager.py:878} INFO - 
================================================================================
DAG File Processing Stats

File Path                                       PID  Runtime      # DAGs    # Errors  Last Runtime    Last Run
--------------------------------------------  -----  ---------  --------  ----------  --------------  -------------------
/opt/airflow/dags/who_health_pipeline_dag.py   1588  3.09s             1           0  4.92s           2025-05-22T22:50:04
================================================================================
[2025-05-22T22:51:08.980+0000] {manager.py:878} INFO - 
================================================================================
DAG File Processing Stats

File Path                                       PID  Runtime      # DAGs    # Errors  Last Runtime    Last Run
--------------------------------------------  -----  ---------  --------  ----------  --------------  -------------------
/opt/airflow/dags/who_health_pipeline_dag.py   1594  0.02s             1           0  3.44s           2025-05-22T22:50:38
================================================================================
[2025-05-22T22:51:39.521+0000] {manager.py:878} INFO - 
================================================================================
DAG File Processing Stats

File Path                                     PID    Runtime      # DAGs    # Errors  Last Runtime    Last Run
--------------------------------------------  -----  ---------  --------  ----------  --------------  -------------------
/opt/airflow/dags/who_health_pipeline_dag.py                           1           0  2.63s           2025-05-22T22:51:11
================================================================================
[2025-05-22T22:52:09.609+0000] {manager.py:878} INFO - 
================================================================================
DAG File Processing Stats

File Path                                     PID    Runtime      # DAGs    # Errors  Last Runtime    Last Run
--------------------------------------------  -----  ---------  --------  ----------  --------------  -------------------
/opt/airflow/dags/who_health_pipeline_dag.py                           1           0  2.47s           2025-05-22T22:51:44
================================================================================
[2025-05-22T22:52:39.985+0000] {manager.py:878} INFO - 
================================================================================
DAG File Processing Stats

File Path                                     PID    Runtime      # DAGs    # Errors  Last Runtime    Last Run
--------------------------------------------  -----  ---------  --------  ----------  --------------  -------------------
/opt/airflow/dags/who_health_pipeline_dag.py                           1           0  2.46s           2025-05-22T22:52:17
================================================================================
[2025-05-22T22:53:10.349+0000] {manager.py:878} INFO - 
================================================================================
DAG File Processing Stats

File Path                                     PID    Runtime      # DAGs    # Errors  Last Runtime    Last Run
--------------------------------------------  -----  ---------  --------  ----------  --------------  -------------------
/opt/airflow/dags/who_health_pipeline_dag.py                           1           0  1.90s           2025-05-22T22:52:49
================================================================================
[2025-05-22T22:53:40.714+0000] {manager.py:878} INFO - 
================================================================================
DAG File Processing Stats

File Path                                     PID    Runtime      # DAGs    # Errors  Last Runtime    Last Run
--------------------------------------------  -----  ---------  --------  ----------  --------------  -------------------
/opt/airflow/dags/who_health_pipeline_dag.py                           1           0  1.93s           2025-05-22T22:53:21
================================================================================
[2025-05-22T22:54:11.020+0000] {manager.py:878} INFO - 
================================================================================
DAG File Processing Stats

File Path                                     PID    Runtime      # DAGs    # Errors  Last Runtime    Last Run
--------------------------------------------  -----  ---------  --------  ----------  --------------  -------------------
/opt/airflow/dags/who_health_pipeline_dag.py                           1           0  1.95s           2025-05-22T22:53:53
================================================================================
[2025-05-22T22:54:13.048+0000] {manager.py:737} INFO - Searching for files in /opt/airflow/dags
[2025-05-22T22:54:13.197+0000] {manager.py:740} INFO - There are 1 files in /opt/airflow/dags
[2025-05-22T22:54:41.365+0000] {manager.py:878} INFO - 
================================================================================
DAG File Processing Stats

File Path                                     PID    Runtime      # DAGs    # Errors  Last Runtime    Last Run
--------------------------------------------  -----  ---------  --------  ----------  --------------  -------------------
/opt/airflow/dags/who_health_pipeline_dag.py                           1           0  1.74s           2025-05-22T22:54:26
================================================================================
[2025-05-22T22:55:11.546+0000] {manager.py:878} INFO - 
================================================================================
DAG File Processing Stats

File Path                                     PID    Runtime      # DAGs    # Errors  Last Runtime    Last Run
--------------------------------------------  -----  ---------  --------  ----------  --------------  -------------------
/opt/airflow/dags/who_health_pipeline_dag.py                           0           1  1.60s           2025-05-22T22:54:58
================================================================================
[2025-05-22T22:55:41.735+0000] {manager.py:878} INFO - 
================================================================================
DAG File Processing Stats

File Path                                     PID    Runtime      # DAGs    # Errors  Last Runtime    Last Run
--------------------------------------------  -----  ---------  --------  ----------  --------------  -------------------
/opt/airflow/dags/who_health_pipeline_dag.py                           0           1  1.84s           2025-05-22T22:55:30
================================================================================
[2025-05-22T22:56:12.187+0000] {manager.py:878} INFO - 
================================================================================
DAG File Processing Stats

File Path                                     PID    Runtime      # DAGs    # Errors  Last Runtime    Last Run
--------------------------------------------  -----  ---------  --------  ----------  --------------  -------------------
/opt/airflow/dags/who_health_pipeline_dag.py                           0           1  2.12s           2025-05-22T22:56:02
================================================================================
[2025-05-22T22:56:43.040+0000] {manager.py:878} INFO - 
================================================================================
DAG File Processing Stats

File Path                                     PID    Runtime      # DAGs    # Errors  Last Runtime    Last Run
--------------------------------------------  -----  ---------  --------  ----------  --------------  -------------------
/opt/airflow/dags/who_health_pipeline_dag.py                           0           1  2.33s           2025-05-22T22:56:36
================================================================================
[2025-05-22T22:57:13.750+0000] {manager.py:878} INFO - 
================================================================================
DAG File Processing Stats

File Path                                     PID    Runtime      # DAGs    # Errors  Last Runtime    Last Run
--------------------------------------------  -----  ---------  --------  ----------  --------------  -------------------
/opt/airflow/dags/who_health_pipeline_dag.py                           0           1  1.41s           2025-05-22T22:57:07
================================================================================
[2025-05-22T22:57:44.211+0000] {manager.py:878} INFO - 
================================================================================
DAG File Processing Stats

File Path                                       PID  Runtime      # DAGs    # Errors  Last Runtime    Last Run
--------------------------------------------  -----  ---------  --------  ----------  --------------  -------------------
/opt/airflow/dags/who_health_pipeline_dag.py   1666  5.38s             0           1  1.41s           2025-05-22T22:57:07
================================================================================
[2025-05-22T22:58:14.693+0000] {manager.py:878} INFO - 
================================================================================
DAG File Processing Stats

File Path                                     PID    Runtime      # DAGs    # Errors  Last Runtime    Last Run
--------------------------------------------  -----  ---------  --------  ----------  --------------  -------------------
/opt/airflow/dags/who_health_pipeline_dag.py                           0           1  7.53s           2025-05-22T22:57:46
================================================================================
[2025-05-22T22:58:44.748+0000] {manager.py:878} INFO - 
================================================================================
DAG File Processing Stats

File Path                                     PID    Runtime      # DAGs    # Errors  Last Runtime    Last Run
--------------------------------------------  -----  ---------  --------  ----------  --------------  -------------------
/opt/airflow/dags/who_health_pipeline_dag.py                           0           1  1.36s           2025-05-22T22:58:18
================================================================================
[2025-05-22T22:59:13.323+0000] {manager.py:737} INFO - Searching for files in /opt/airflow/dags
[2025-05-22T22:59:13.366+0000] {manager.py:740} INFO - There are 1 files in /opt/airflow/dags
[2025-05-22T22:59:15.092+0000] {manager.py:878} INFO - 
================================================================================
DAG File Processing Stats

File Path                                     PID    Runtime      # DAGs    # Errors  Last Runtime    Last Run
--------------------------------------------  -----  ---------  --------  ----------  --------------  -------------------
/opt/airflow/dags/who_health_pipeline_dag.py                           0           1  3.11s           2025-05-22T22:58:51
================================================================================
[2025-05-22T22:59:45.309+0000] {manager.py:878} INFO - 
================================================================================
DAG File Processing Stats

File Path                                     PID    Runtime      # DAGs    # Errors  Last Runtime    Last Run
--------------------------------------------  -----  ---------  --------  ----------  --------------  -------------------
/opt/airflow/dags/who_health_pipeline_dag.py                           0           1  1.84s           2025-05-22T22:59:24
================================================================================
[2025-05-22T23:00:15.362+0000] {manager.py:878} INFO - 
================================================================================
DAG File Processing Stats

File Path                                     PID    Runtime      # DAGs    # Errors  Last Runtime    Last Run
--------------------------------------------  -----  ---------  --------  ----------  --------------  -------------------
/opt/airflow/dags/who_health_pipeline_dag.py                           0           1  4.29s           2025-05-22T22:59:59
================================================================================
[2025-05-22T23:00:45.594+0000] {manager.py:878} INFO - 
================================================================================
DAG File Processing Stats

File Path                                     PID    Runtime      # DAGs    # Errors  Last Runtime    Last Run
--------------------------------------------  -----  ---------  --------  ----------  --------------  -------------------
/opt/airflow/dags/who_health_pipeline_dag.py                           0           1  1.59s           2025-05-22T23:00:31
================================================================================
[2025-05-22T23:01:16.096+0000] {manager.py:878} INFO - 
================================================================================
DAG File Processing Stats

File Path                                     PID    Runtime      # DAGs    # Errors  Last Runtime    Last Run
--------------------------------------------  -----  ---------  --------  ----------  --------------  -------------------
/opt/airflow/dags/who_health_pipeline_dag.py                           0           1  1.54s           2025-05-22T23:01:03
================================================================================
[2025-05-22T23:01:46.956+0000] {manager.py:878} INFO - 
================================================================================
DAG File Processing Stats

File Path                                     PID    Runtime      # DAGs    # Errors  Last Runtime    Last Run
--------------------------------------------  -----  ---------  --------  ----------  --------------  -------------------
/opt/airflow/dags/who_health_pipeline_dag.py                           0           1  1.51s           2025-05-22T23:01:34
================================================================================
[2025-05-22T23:02:17.363+0000] {manager.py:878} INFO - 
================================================================================
DAG File Processing Stats

File Path                                     PID    Runtime      # DAGs    # Errors  Last Runtime    Last Run
--------------------------------------------  -----  ---------  --------  ----------  --------------  -------------------
/opt/airflow/dags/who_health_pipeline_dag.py                           0           1  1.98s           2025-05-22T23:02:07
================================================================================
[2025-05-22T23:02:47.994+0000] {manager.py:878} INFO - 
================================================================================
DAG File Processing Stats

File Path                                     PID    Runtime      # DAGs    # Errors  Last Runtime    Last Run
--------------------------------------------  -----  ---------  --------  ----------  --------------  -------------------
/opt/airflow/dags/who_health_pipeline_dag.py                           0           1  1.35s           2025-05-22T23:02:39
================================================================================
[2025-05-22T23:03:18.494+0000] {manager.py:878} INFO - 
================================================================================
DAG File Processing Stats

File Path                                     PID    Runtime      # DAGs    # Errors  Last Runtime    Last Run
--------------------------------------------  -----  ---------  --------  ----------  --------------  -------------------
/opt/airflow/dags/who_health_pipeline_dag.py                           0           1  2.09s           2025-05-22T23:03:11
================================================================================
[2025-05-22T23:03:49.191+0000] {manager.py:878} INFO - 
================================================================================
DAG File Processing Stats

File Path                                     PID    Runtime      # DAGs    # Errors  Last Runtime    Last Run
--------------------------------------------  -----  ---------  --------  ----------  --------------  -------------------
/opt/airflow/dags/who_health_pipeline_dag.py                           0           1  1.38s           2025-05-22T23:03:43
================================================================================
[2025-05-22T23:04:13.586+0000] {manager.py:737} INFO - Searching for files in /opt/airflow/dags
[2025-05-22T23:04:13.652+0000] {manager.py:740} INFO - There are 1 files in /opt/airflow/dags
[2025-05-22T23:04:19.804+0000] {manager.py:878} INFO - 
================================================================================
DAG File Processing Stats

File Path                                     PID    Runtime      # DAGs    # Errors  Last Runtime    Last Run
--------------------------------------------  -----  ---------  --------  ----------  --------------  -------------------
/opt/airflow/dags/who_health_pipeline_dag.py                           0           1  2.11s           2025-05-22T23:04:15
================================================================================
[2025-05-22T23:04:50.146+0000] {manager.py:878} INFO - 
================================================================================
DAG File Processing Stats

File Path                                     PID    Runtime      # DAGs    # Errors  Last Runtime    Last Run
--------------------------------------------  -----  ---------  --------  ----------  --------------  -------------------
/opt/airflow/dags/who_health_pipeline_dag.py                           0           1  2.44s           2025-05-22T23:04:48
================================================================================
[2025-05-22T23:05:20.515+0000] {manager.py:878} INFO - 
================================================================================
DAG File Processing Stats

File Path                                       PID  Runtime      # DAGs    # Errors  Last Runtime    Last Run
--------------------------------------------  -----  ---------  --------  ----------  --------------  -------------------
/opt/airflow/dags/who_health_pipeline_dag.py   1750  1.63s             0           1  2.44s           2025-05-22T23:04:48
================================================================================
[2025-05-22T23:05:50.526+0000] {manager.py:878} INFO - 
================================================================================
DAG File Processing Stats

File Path                                     PID    Runtime      # DAGs    # Errors  Last Runtime    Last Run
--------------------------------------------  -----  ---------  --------  ----------  --------------  -------------------
/opt/airflow/dags/who_health_pipeline_dag.py                           0           1  3.32s           2025-05-22T23:05:22
================================================================================
[2025-05-22T23:06:20.987+0000] {manager.py:878} INFO - 
================================================================================
DAG File Processing Stats

File Path                                     PID    Runtime      # DAGs    # Errors  Last Runtime    Last Run
--------------------------------------------  -----  ---------  --------  ----------  --------------  -------------------
/opt/airflow/dags/who_health_pipeline_dag.py                           0           1  2.86s           2025-05-22T23:05:55
================================================================================
[2025-05-22T23:06:51.515+0000] {manager.py:878} INFO - 
================================================================================
DAG File Processing Stats

File Path                                     PID    Runtime      # DAGs    # Errors  Last Runtime    Last Run
--------------------------------------------  -----  ---------  --------  ----------  --------------  -------------------
/opt/airflow/dags/who_health_pipeline_dag.py                           0           1  1.38s           2025-05-22T23:06:27
================================================================================
[2025-05-22T23:07:21.653+0000] {manager.py:878} INFO - 
================================================================================
DAG File Processing Stats

File Path                                     PID    Runtime      # DAGs    # Errors  Last Runtime    Last Run
--------------------------------------------  -----  ---------  --------  ----------  --------------  -------------------
/opt/airflow/dags/who_health_pipeline_dag.py                           0           1  1.20s           2025-05-22T23:06:59
================================================================================
[2025-05-22T23:07:52.036+0000] {manager.py:878} INFO - 
================================================================================
DAG File Processing Stats

File Path                                     PID    Runtime      # DAGs    # Errors  Last Runtime    Last Run
--------------------------------------------  -----  ---------  --------  ----------  --------------  -------------------
/opt/airflow/dags/who_health_pipeline_dag.py                           1           0  3.59s           2025-05-22T23:07:32
================================================================================
[2025-05-22T23:08:22.071+0000] {manager.py:878} INFO - 
================================================================================
DAG File Processing Stats

File Path                                     PID    Runtime      # DAGs    # Errors  Last Runtime    Last Run
--------------------------------------------  -----  ---------  --------  ----------  --------------  -------------------
/opt/airflow/dags/who_health_pipeline_dag.py                           1           0  2.64s           2025-05-22T23:08:05
================================================================================
[2025-05-22T23:08:52.122+0000] {manager.py:878} INFO - 
================================================================================
DAG File Processing Stats

File Path                                     PID    Runtime      # DAGs    # Errors  Last Runtime    Last Run
--------------------------------------------  -----  ---------  --------  ----------  --------------  -------------------
/opt/airflow/dags/who_health_pipeline_dag.py                           1           0  2.05s           2025-05-22T23:08:38
================================================================================
[2025-05-22T23:09:13.619+0000] {manager.py:737} INFO - Searching for files in /opt/airflow/dags
[2025-05-22T23:09:13.665+0000] {manager.py:740} INFO - There are 1 files in /opt/airflow/dags
[2025-05-22T23:09:22.495+0000] {manager.py:878} INFO - 
================================================================================
DAG File Processing Stats

File Path                                     PID    Runtime      # DAGs    # Errors  Last Runtime    Last Run
--------------------------------------------  -----  ---------  --------  ----------  --------------  -------------------
/opt/airflow/dags/who_health_pipeline_dag.py                           1           0  3.29s           2025-05-22T23:09:11
================================================================================
[2025-05-22T23:09:53.061+0000] {manager.py:878} INFO - 
================================================================================
DAG File Processing Stats

File Path                                     PID    Runtime      # DAGs    # Errors  Last Runtime    Last Run
--------------------------------------------  -----  ---------  --------  ----------  --------------  -------------------
/opt/airflow/dags/who_health_pipeline_dag.py                           1           0  2.40s           2025-05-22T23:09:44
================================================================================
[2025-05-22T23:10:23.409+0000] {manager.py:878} INFO - 
================================================================================
DAG File Processing Stats

File Path                                     PID    Runtime      # DAGs    # Errors  Last Runtime    Last Run
--------------------------------------------  -----  ---------  --------  ----------  --------------  -------------------
/opt/airflow/dags/who_health_pipeline_dag.py                           1           0  2.47s           2025-05-22T23:10:16
================================================================================
[2025-05-22T23:10:53.679+0000] {manager.py:878} INFO - 
================================================================================
DAG File Processing Stats

File Path                                     PID    Runtime      # DAGs    # Errors  Last Runtime    Last Run
--------------------------------------------  -----  ---------  --------  ----------  --------------  -------------------
/opt/airflow/dags/who_health_pipeline_dag.py                           1           0  1.70s           2025-05-22T23:10:48
================================================================================
[2025-05-22T23:11:23.736+0000] {manager.py:878} INFO - 
================================================================================
DAG File Processing Stats

File Path                                     PID    Runtime      # DAGs    # Errors  Last Runtime    Last Run
--------------------------------------------  -----  ---------  --------  ----------  --------------  -------------------
/opt/airflow/dags/who_health_pipeline_dag.py                           1           0  1.79s           2025-05-22T23:11:20
================================================================================
[2025-05-22T23:11:53.912+0000] {manager.py:878} INFO - 
================================================================================
DAG File Processing Stats

File Path                                     PID    Runtime      # DAGs    # Errors  Last Runtime    Last Run
--------------------------------------------  -----  ---------  --------  ----------  --------------  -------------------
/opt/airflow/dags/who_health_pipeline_dag.py                           1           0  1.88s           2025-05-22T23:11:52
================================================================================
[2025-05-22T23:12:24.633+0000] {manager.py:878} INFO - 
================================================================================
DAG File Processing Stats

File Path                                       PID  Runtime      # DAGs    # Errors  Last Runtime    Last Run
--------------------------------------------  -----  ---------  --------  ----------  --------------  -------------------
/opt/airflow/dags/who_health_pipeline_dag.py   1828  1.02s             1           0  1.88s           2025-05-22T23:11:52
================================================================================
[2025-05-22T23:12:55.041+0000] {manager.py:878} INFO - 
================================================================================
DAG File Processing Stats

File Path                                     PID    Runtime      # DAGs    # Errors  Last Runtime    Last Run
--------------------------------------------  -----  ---------  --------  ----------  --------------  -------------------
/opt/airflow/dags/who_health_pipeline_dag.py                           1           0  1.87s           2025-05-22T23:12:25
================================================================================
[2025-05-22T23:13:25.494+0000] {manager.py:878} INFO - 
================================================================================
DAG File Processing Stats

File Path                                     PID    Runtime      # DAGs    # Errors  Last Runtime    Last Run
--------------------------------------------  -----  ---------  --------  ----------  --------------  -------------------
/opt/airflow/dags/who_health_pipeline_dag.py                           1           0  2.57s           2025-05-22T23:12:58
================================================================================
[2025-05-22T23:13:55.960+0000] {manager.py:878} INFO - 
================================================================================
DAG File Processing Stats

File Path                                     PID    Runtime      # DAGs    # Errors  Last Runtime    Last Run
--------------------------------------------  -----  ---------  --------  ----------  --------------  -------------------
/opt/airflow/dags/who_health_pipeline_dag.py                           1           0  1.89s           2025-05-22T23:13:30
================================================================================
[2025-05-22T23:14:14.124+0000] {manager.py:737} INFO - Searching for files in /opt/airflow/dags
[2025-05-22T23:14:14.163+0000] {manager.py:740} INFO - There are 1 files in /opt/airflow/dags
[2025-05-22T23:14:26.423+0000] {manager.py:878} INFO - 
================================================================================
DAG File Processing Stats

File Path                                     PID    Runtime      # DAGs    # Errors  Last Runtime    Last Run
--------------------------------------------  -----  ---------  --------  ----------  --------------  -------------------
/opt/airflow/dags/who_health_pipeline_dag.py                           1           0  2.01s           2025-05-22T23:14:03
================================================================================
[2025-05-22T23:14:57.044+0000] {manager.py:878} INFO - 
================================================================================
DAG File Processing Stats

File Path                                     PID    Runtime      # DAGs    # Errors  Last Runtime    Last Run
--------------------------------------------  -----  ---------  --------  ----------  --------------  -------------------
/opt/airflow/dags/who_health_pipeline_dag.py                           1           0  3.98s           2025-05-22T23:14:37
================================================================================
[2025-05-22T23:15:27.832+0000] {manager.py:878} INFO - 
================================================================================
DAG File Processing Stats

File Path                                     PID    Runtime      # DAGs    # Errors  Last Runtime    Last Run
--------------------------------------------  -----  ---------  --------  ----------  --------------  -------------------
/opt/airflow/dags/who_health_pipeline_dag.py                           1           0  3.18s           2025-05-22T23:15:11
================================================================================
[2025-05-22T23:15:58.419+0000] {manager.py:878} INFO - 
================================================================================
DAG File Processing Stats

File Path                                     PID    Runtime      # DAGs    # Errors  Last Runtime    Last Run
--------------------------------------------  -----  ---------  --------  ----------  --------------  -------------------
/opt/airflow/dags/who_health_pipeline_dag.py                           1           0  11.21s          2025-05-22T23:15:53
================================================================================
[2025-05-22T23:16:29.066+0000] {manager.py:878} INFO - 
================================================================================
DAG File Processing Stats

File Path                                       PID  Runtime      # DAGs    # Errors  Last Runtime    Last Run
--------------------------------------------  -----  ---------  --------  ----------  --------------  -------------------
/opt/airflow/dags/who_health_pipeline_dag.py   1882  5.67s             1           0  11.21s          2025-05-22T23:15:53
================================================================================
[2025-05-22T23:16:59.558+0000] {manager.py:878} INFO - 
================================================================================
DAG File Processing Stats

File Path                                     PID    Runtime      # DAGs    # Errors  Last Runtime    Last Run
--------------------------------------------  -----  ---------  --------  ----------  --------------  -------------------
/opt/airflow/dags/who_health_pipeline_dag.py                           1           0  14.43s          2025-05-22T23:16:37
================================================================================
[2025-05-22T23:17:30.067+0000] {manager.py:878} INFO - 
================================================================================
DAG File Processing Stats

File Path                                     PID    Runtime      # DAGs    # Errors  Last Runtime    Last Run
--------------------------------------------  -----  ---------  --------  ----------  --------------  -------------------
/opt/airflow/dags/who_health_pipeline_dag.py                           1           0  3.03s           2025-05-22T23:17:11
================================================================================
[2025-05-22T23:18:00.889+0000] {manager.py:878} INFO - 
================================================================================
DAG File Processing Stats

File Path                                     PID    Runtime      # DAGs    # Errors  Last Runtime    Last Run
--------------------------------------------  -----  ---------  --------  ----------  --------------  -------------------
/opt/airflow/dags/who_health_pipeline_dag.py                           1           0  2.40s           2025-05-22T23:17:44
================================================================================
[2025-05-22T23:18:31.367+0000] {manager.py:878} INFO - 
================================================================================
DAG File Processing Stats

File Path                                     PID    Runtime      # DAGs    # Errors  Last Runtime    Last Run
--------------------------------------------  -----  ---------  --------  ----------  --------------  -------------------
/opt/airflow/dags/who_health_pipeline_dag.py                           1           0  1.55s           2025-05-22T23:18:16
================================================================================
[2025-05-22T23:19:01.762+0000] {manager.py:878} INFO - 
================================================================================
DAG File Processing Stats

File Path                                     PID    Runtime      # DAGs    # Errors  Last Runtime    Last Run
--------------------------------------------  -----  ---------  --------  ----------  --------------  -------------------
/opt/airflow/dags/who_health_pipeline_dag.py                           1           0  1.57s           2025-05-22T23:18:48
================================================================================
[2025-05-22T23:19:14.939+0000] {manager.py:737} INFO - Searching for files in /opt/airflow/dags
[2025-05-22T23:19:15.014+0000] {manager.py:740} INFO - There are 1 files in /opt/airflow/dags
[2025-05-22T23:19:31.770+0000] {manager.py:878} INFO - 
================================================================================
DAG File Processing Stats

File Path                                     PID    Runtime      # DAGs    # Errors  Last Runtime    Last Run
--------------------------------------------  -----  ---------  --------  ----------  --------------  -------------------
/opt/airflow/dags/who_health_pipeline_dag.py                           1           0  3.45s           2025-05-22T23:19:22
================================================================================
[2025-05-22T23:20:02.302+0000] {manager.py:878} INFO - 
================================================================================
DAG File Processing Stats

File Path                                     PID    Runtime      # DAGs    # Errors  Last Runtime    Last Run
--------------------------------------------  -----  ---------  --------  ----------  --------------  -------------------
/opt/airflow/dags/who_health_pipeline_dag.py                           1           0  3.91s           2025-05-22T23:19:56
================================================================================
[2025-05-22T23:20:32.772+0000] {manager.py:878} INFO - 
================================================================================
DAG File Processing Stats

File Path                                     PID    Runtime      # DAGs    # Errors  Last Runtime    Last Run
--------------------------------------------  -----  ---------  --------  ----------  --------------  -------------------
/opt/airflow/dags/who_health_pipeline_dag.py                           1           0  1.82s           2025-05-22T23:20:28
================================================================================
[2025-05-22T23:21:03.196+0000] {manager.py:878} INFO - 
================================================================================
DAG File Processing Stats

File Path                                     PID    Runtime      # DAGs    # Errors  Last Runtime    Last Run
--------------------------------------------  -----  ---------  --------  ----------  --------------  -------------------
/opt/airflow/dags/who_health_pipeline_dag.py                           1           0  2.05s           2025-05-22T23:21:01
================================================================================
[2025-05-22T23:21:33.780+0000] {manager.py:878} INFO - 
================================================================================
DAG File Processing Stats

File Path                                     PID    Runtime      # DAGs    # Errors  Last Runtime    Last Run
--------------------------------------------  -----  ---------  --------  ----------  --------------  -------------------
/opt/airflow/dags/who_health_pipeline_dag.py                           1           0  1.39s           2025-05-22T23:21:33
================================================================================
[2025-05-22T23:22:04.234+0000] {manager.py:878} INFO - 
================================================================================
DAG File Processing Stats

File Path                                       PID  Runtime      # DAGs    # Errors  Last Runtime    Last Run
--------------------------------------------  -----  ---------  --------  ----------  --------------  -------------------
/opt/airflow/dags/who_health_pipeline_dag.py   1942  1.02s             1           0  1.39s           2025-05-22T23:21:33
================================================================================
[2025-05-22T23:22:34.427+0000] {manager.py:878} INFO - 
================================================================================
DAG File Processing Stats

File Path                                     PID    Runtime      # DAGs    # Errors  Last Runtime    Last Run
--------------------------------------------  -----  ---------  --------  ----------  --------------  -------------------
/opt/airflow/dags/who_health_pipeline_dag.py                           1           0  1.78s           2025-05-22T23:22:04
================================================================================
[2025-05-22T23:23:04.435+0000] {manager.py:878} INFO - 
================================================================================
DAG File Processing Stats

File Path                                     PID    Runtime      # DAGs    # Errors  Last Runtime    Last Run
--------------------------------------------  -----  ---------  --------  ----------  --------------  -------------------
/opt/airflow/dags/who_health_pipeline_dag.py                           1           0  1.19s           2025-05-22T23:22:36
================================================================================
[2025-05-22T23:23:34.887+0000] {manager.py:878} INFO - 
================================================================================
DAG File Processing Stats

File Path                                     PID    Runtime      # DAGs    # Errors  Last Runtime    Last Run
--------------------------------------------  -----  ---------  --------  ----------  --------------  -------------------
/opt/airflow/dags/who_health_pipeline_dag.py                           1           0  1.11s           2025-05-22T23:23:07
================================================================================
[2025-05-22T23:24:05.282+0000] {manager.py:878} INFO - 
================================================================================
DAG File Processing Stats

File Path                                     PID    Runtime      # DAGs    # Errors  Last Runtime    Last Run
--------------------------------------------  -----  ---------  --------  ----------  --------------  -------------------
/opt/airflow/dags/who_health_pipeline_dag.py                           1           0  1.13s           2025-05-22T23:23:39
================================================================================
[2025-05-22T23:24:15.466+0000] {manager.py:737} INFO - Searching for files in /opt/airflow/dags
[2025-05-22T23:24:15.529+0000] {manager.py:740} INFO - There are 1 files in /opt/airflow/dags
[2025-05-22T23:24:35.865+0000] {manager.py:878} INFO - 
================================================================================
DAG File Processing Stats

File Path                                     PID    Runtime      # DAGs    # Errors  Last Runtime    Last Run
--------------------------------------------  -----  ---------  --------  ----------  --------------  -------------------
/opt/airflow/dags/who_health_pipeline_dag.py                           1           0  1.10s           2025-05-22T23:24:10
================================================================================
[2025-05-22T23:25:06.228+0000] {manager.py:878} INFO - 
================================================================================
DAG File Processing Stats

File Path                                     PID    Runtime      # DAGs    # Errors  Last Runtime    Last Run
--------------------------------------------  -----  ---------  --------  ----------  --------------  -------------------
/opt/airflow/dags/who_health_pipeline_dag.py                           1           0  1.31s           2025-05-22T23:24:42
================================================================================
[2025-05-22T23:25:36.665+0000] {manager.py:878} INFO - 
================================================================================
DAG File Processing Stats

File Path                                     PID    Runtime      # DAGs    # Errors  Last Runtime    Last Run
--------------------------------------------  -----  ---------  --------  ----------  --------------  -------------------
/opt/airflow/dags/who_health_pipeline_dag.py                           1           0  1.12s           2025-05-22T23:25:13
================================================================================
[2025-05-22T23:26:07.111+0000] {manager.py:878} INFO - 
================================================================================
DAG File Processing Stats

File Path                                     PID    Runtime      # DAGs    # Errors  Last Runtime    Last Run
--------------------------------------------  -----  ---------  --------  ----------  --------------  -------------------
/opt/airflow/dags/who_health_pipeline_dag.py                           1           0  1.33s           2025-05-22T23:25:45
================================================================================
[2025-05-22T23:26:37.530+0000] {manager.py:878} INFO - 
================================================================================
DAG File Processing Stats

File Path                                     PID    Runtime      # DAGs    # Errors  Last Runtime    Last Run
--------------------------------------------  -----  ---------  --------  ----------  --------------  -------------------
/opt/airflow/dags/who_health_pipeline_dag.py                           1           0  1.21s           2025-05-22T23:26:16
================================================================================
[2025-05-22T23:27:07.994+0000] {manager.py:878} INFO - 
================================================================================
DAG File Processing Stats

File Path                                     PID    Runtime      # DAGs    # Errors  Last Runtime    Last Run
--------------------------------------------  -----  ---------  --------  ----------  --------------  -------------------
/opt/airflow/dags/who_health_pipeline_dag.py                           1           0  1.08s           2025-05-22T23:26:47
================================================================================
[2025-05-22T23:27:38.407+0000] {manager.py:878} INFO - 
================================================================================
DAG File Processing Stats

File Path                                     PID    Runtime      # DAGs    # Errors  Last Runtime    Last Run
--------------------------------------------  -----  ---------  --------  ----------  --------------  -------------------
/opt/airflow/dags/who_health_pipeline_dag.py                           1           0  1.21s           2025-05-22T23:27:19
================================================================================
[2025-05-22T23:28:08.800+0000] {manager.py:878} INFO - 
================================================================================
DAG File Processing Stats

File Path                                     PID    Runtime      # DAGs    # Errors  Last Runtime    Last Run
--------------------------------------------  -----  ---------  --------  ----------  --------------  -------------------
/opt/airflow/dags/who_health_pipeline_dag.py                           1           0  1.10s           2025-05-22T23:27:50
================================================================================
[2025-05-22T23:28:39.211+0000] {manager.py:878} INFO - 
================================================================================
DAG File Processing Stats

File Path                                     PID    Runtime      # DAGs    # Errors  Last Runtime    Last Run
--------------------------------------------  -----  ---------  --------  ----------  --------------  -------------------
/opt/airflow/dags/who_health_pipeline_dag.py                           1           0  1.18s           2025-05-22T23:28:22
================================================================================
[2025-05-22T23:29:09.695+0000] {manager.py:878} INFO - 
================================================================================
DAG File Processing Stats

File Path                                     PID    Runtime      # DAGs    # Errors  Last Runtime    Last Run
--------------------------------------------  -----  ---------  --------  ----------  --------------  -------------------
/opt/airflow/dags/who_health_pipeline_dag.py                           1           0  1.07s           2025-05-22T23:28:53
================================================================================
[2025-05-22T23:29:15.783+0000] {manager.py:737} INFO - Searching for files in /opt/airflow/dags
[2025-05-22T23:29:15.834+0000] {manager.py:740} INFO - There are 1 files in /opt/airflow/dags
[2025-05-22T23:29:40.189+0000] {manager.py:878} INFO - 
================================================================================
DAG File Processing Stats

File Path                                     PID    Runtime      # DAGs    # Errors  Last Runtime    Last Run
--------------------------------------------  -----  ---------  --------  ----------  --------------  -------------------
/opt/airflow/dags/who_health_pipeline_dag.py                           1           0  1.37s           2025-05-22T23:29:25
================================================================================
[2025-05-22T23:30:10.328+0000] {manager.py:878} INFO - 
================================================================================
DAG File Processing Stats

File Path                                     PID    Runtime      # DAGs    # Errors  Last Runtime    Last Run
--------------------------------------------  -----  ---------  --------  ----------  --------------  -------------------
/opt/airflow/dags/who_health_pipeline_dag.py                           1           0  1.43s           2025-05-22T23:29:57
================================================================================
[2025-05-22T23:30:40.692+0000] {manager.py:878} INFO - 
================================================================================
DAG File Processing Stats

File Path                                     PID    Runtime      # DAGs    # Errors  Last Runtime    Last Run
--------------------------------------------  -----  ---------  --------  ----------  --------------  -------------------
/opt/airflow/dags/who_health_pipeline_dag.py                           1           0  1.10s           2025-05-22T23:30:28
================================================================================
[2025-05-22T23:31:11.194+0000] {manager.py:878} INFO - 
================================================================================
DAG File Processing Stats

File Path                                     PID    Runtime      # DAGs    # Errors  Last Runtime    Last Run
--------------------------------------------  -----  ---------  --------  ----------  --------------  -------------------
/opt/airflow/dags/who_health_pipeline_dag.py                           1           0  1.20s           2025-05-22T23:31:00
================================================================================
[2025-05-22T23:31:41.614+0000] {manager.py:878} INFO - 
================================================================================
DAG File Processing Stats

File Path                                     PID    Runtime      # DAGs    # Errors  Last Runtime    Last Run
--------------------------------------------  -----  ---------  --------  ----------  --------------  -------------------
/opt/airflow/dags/who_health_pipeline_dag.py                           1           0  1.12s           2025-05-22T23:31:31
================================================================================
[2025-05-22T23:32:12.040+0000] {manager.py:878} INFO - 
================================================================================
DAG File Processing Stats

File Path                                     PID    Runtime      # DAGs    # Errors  Last Runtime    Last Run
--------------------------------------------  -----  ---------  --------  ----------  --------------  -------------------
/opt/airflow/dags/who_health_pipeline_dag.py                           1           0  1.35s           2025-05-22T23:32:03
================================================================================
[2025-05-22T23:32:42.664+0000] {manager.py:878} INFO - 
================================================================================
DAG File Processing Stats

File Path                                     PID    Runtime      # DAGs    # Errors  Last Runtime    Last Run
--------------------------------------------  -----  ---------  --------  ----------  --------------  -------------------
/opt/airflow/dags/who_health_pipeline_dag.py                           1           0  1.42s           2025-05-22T23:32:34
================================================================================
[2025-05-22T23:33:13.118+0000] {manager.py:878} INFO - 
================================================================================
DAG File Processing Stats

File Path                                     PID    Runtime      # DAGs    # Errors  Last Runtime    Last Run
--------------------------------------------  -----  ---------  --------  ----------  --------------  -------------------
/opt/airflow/dags/who_health_pipeline_dag.py                           1           0  1.09s           2025-05-22T23:33:06
================================================================================
[2025-05-22T23:33:43.609+0000] {manager.py:878} INFO - 
================================================================================
DAG File Processing Stats

File Path                                     PID    Runtime      # DAGs    # Errors  Last Runtime    Last Run
--------------------------------------------  -----  ---------  --------  ----------  --------------  -------------------
/opt/airflow/dags/who_health_pipeline_dag.py                           1           0  1.19s           2025-05-22T23:33:37
================================================================================
[2025-05-22T23:34:14.023+0000] {manager.py:878} INFO - 
================================================================================
DAG File Processing Stats

File Path                                     PID    Runtime      # DAGs    # Errors  Last Runtime    Last Run
--------------------------------------------  -----  ---------  --------  ----------  --------------  -------------------
/opt/airflow/dags/who_health_pipeline_dag.py                           1           0  1.37s           2025-05-22T23:34:09
================================================================================
[2025-05-22T23:34:16.048+0000] {manager.py:737} INFO - Searching for files in /opt/airflow/dags
[2025-05-22T23:34:16.127+0000] {manager.py:740} INFO - There are 1 files in /opt/airflow/dags
[2025-05-22T23:34:44.172+0000] {manager.py:878} INFO - 
================================================================================
DAG File Processing Stats

File Path                                     PID    Runtime      # DAGs    # Errors  Last Runtime    Last Run
--------------------------------------------  -----  ---------  --------  ----------  --------------  -------------------
/opt/airflow/dags/who_health_pipeline_dag.py                           1           0  1.57s           2025-05-22T23:34:41
================================================================================
[2025-05-22T23:35:14.336+0000] {manager.py:878} INFO - 
================================================================================
DAG File Processing Stats

File Path                                     PID    Runtime      # DAGs    # Errors  Last Runtime    Last Run
--------------------------------------------  -----  ---------  --------  ----------  --------------  -------------------
/opt/airflow/dags/who_health_pipeline_dag.py                           1           0  1.74s           2025-05-22T23:35:13
================================================================================
[2025-05-22T23:35:44.420+0000] {manager.py:878} INFO - 
================================================================================
DAG File Processing Stats

File Path                                       PID  Runtime      # DAGs    # Errors  Last Runtime    Last Run
--------------------------------------------  -----  ---------  --------  ----------  --------------  -------------------
/opt/airflow/dags/who_health_pipeline_dag.py   2098  1.01s             1           0  1.74s           2025-05-22T23:35:13
================================================================================
[2025-05-22T23:36:14.791+0000] {manager.py:878} INFO - 
================================================================================
DAG File Processing Stats

File Path                                     PID    Runtime      # DAGs    # Errors  Last Runtime    Last Run
--------------------------------------------  -----  ---------  --------  ----------  --------------  -------------------
/opt/airflow/dags/who_health_pipeline_dag.py                           1           0  2.18s           2025-05-22T23:35:45
================================================================================
[2025-05-22T23:36:44.912+0000] {manager.py:878} INFO - 
================================================================================
DAG File Processing Stats

File Path                                     PID    Runtime      # DAGs    # Errors  Last Runtime    Last Run
--------------------------------------------  -----  ---------  --------  ----------  --------------  -------------------
/opt/airflow/dags/who_health_pipeline_dag.py                           1           0  1.72s           2025-05-22T23:36:17
================================================================================
[2025-05-22T23:37:15.109+0000] {manager.py:878} INFO - 
================================================================================
DAG File Processing Stats

File Path                                     PID    Runtime      # DAGs    # Errors  Last Runtime    Last Run
--------------------------------------------  -----  ---------  --------  ----------  --------------  -------------------
/opt/airflow/dags/who_health_pipeline_dag.py                           1           0  1.82s           2025-05-22T23:36:49
================================================================================
[2025-05-22T23:37:45.338+0000] {manager.py:878} INFO - 
================================================================================
DAG File Processing Stats

File Path                                     PID    Runtime      # DAGs    # Errors  Last Runtime    Last Run
--------------------------------------------  -----  ---------  --------  ----------  --------------  -------------------
/opt/airflow/dags/who_health_pipeline_dag.py                           1           0  1.81s           2025-05-22T23:37:22
================================================================================
[2025-05-22T23:37:49.517+0000] {manager.py:452} INFO - Exiting gracefully upon receiving signal 15
