Name,IndicatorCode,IndicatorName,Language
Yth_nonsmoked_svy_yr,Yth_nonsmoked_svy_yr,Year of latest youth prevalence survey (nonsmoked),EN
Yth_nonsmoked_svy_title,Yth_nonsmoked_svy_title,Name of latest youth prevalence survey (nonsmoked),EN
Yth_nonsmoked_national,Yth_nonsmoked_national,Representation of latest youth prevalence survey (nonsmoked),EN
Yth_nonsmoked_age_grp,Yth_nonsmoked_age_grp,Age range of latest youth prevalence survey (nonsmoked),EN
Yth_daily_tob_use,Yth_daily_tob_use,Prevalence of daily tobacco use among adolescents (%),EN
Yth_daily_tob_smoking,Yth_daily_tob_smoking,Prevalence of daily tobacco smoking among adolescents (%),EN
Yth_daily_smokeless,Yth_daily_smokeless,Prevalence of daily smokeless tobacco use among adolescents (%),EN
Yth_daily_e-cig,Yth_daily_e-cig,Prevalence of daily e-cigarette use among adolescents (%),EN
Yth_daily_cig_smoking,Yth_daily_cig_smoking,Prevalence of daily cigarette smoking among adolescents (%),EN
Yth_curr_tob_use,Yth_curr_tob_use,Prevalence of current tobacco use among adolescents (%),EN
Yth_curr_tob_smoking,Yth_curr_tob_smoking,Prevalence of current tobacco smoking among adolescents (%),EN
Yth_curr_smokeless,Yth_curr_smokeless,Prevalence of current smokeless tobacco use among adolescents (%),EN
Yth_curr_e-cig,Yth_curr_e-cig,Prevalence of current e-cigarette use among adolescents (%),EN
Yth_curr_cig_smoking,Yth_curr_cig_smoking,Prevalence of current cigarette smoking among adolescents (%),EN
Youth_svy_yr,Youth_svy_yr,Year of most recent adolescent survey,EN
Youth_svy_national,Youth_svy_national,Representativeness of most recent adolescent survey,EN
Youth_svy_age_range,Youth_svy_age_range,Age range of most recent adolescent survey,EN
Youth_survey_title,Youth_survey_title,Title of most recent adolescent survey,EN
WSH_WATER_SAFELY_MANAGED,WSH_WATER_SAFELY_MANAGED,Population using safely managed drinking-water services (%),EN
WSH_WATER_BASIC,WSH_WATER_BASIC,Population using at least basic drinking-water services (%),EN
WSH_SANITATION_SAFELY_MANAGED,WSH_SANITATION_SAFELY_MANAGED,Population using safely managed sanitation services (%),EN
WSH_SANITATION_OD,WSH_SANITATION_OD,Population practising open defecation (%),EN
WSH_SANITATION_BASIC,WSH_SANITATION_BASIC,Population using at least basic sanitation services (%),EN
WSH_HYGIENE_BASIC,WSH_HYGIENE_BASIC,Population with basic handwashing facilities at home (%),EN
WSH_DOMESTIC_WASTE_SAFELY_TREATED,WSH_DOMESTIC_WASTE_SAFELY_TREATED,SDG 6.3.1 Proportion of safely treated domestic wastewater flows (%),EN
WSH_8,WSH_8,"Water, sanitation and hygiene  attributable DALYs per 100'000 children under 5 years",EN
WSH_7,WSH_7,"Water, sanitation and hygiene attributable DALYs per 100'000 capita",EN
WSH_6,WSH_6,"Water, sanitation and hygiene attributable DALYs ('000) in children under 5 years",EN
WSH_5,WSH_5,"Water, sanitation and hygiene attributable DALYs ('000)",EN
WSH_4,WSH_4,"Water, sanitation and hygiene  attributable deaths per 100'000 children under 5 years",EN
WSH_30_WAT,WSH_30_WAT,Number of diarrhoea DALYs from inadequate water,EN
WSH_30_SAN,WSH_30_SAN,Number of diarrhoea DALYs from inadequate sanitation,EN
WSH_30_HYG,WSH_30_HYG,Number of diarrhoea DALYs from inadequate hygiene,EN
WSH_30,WSH_30,"Number of diarrhoea DALYs from inadequate water, sanitation and hygiene",EN
WSH_3,WSH_3,"Water, sanitation and hygiene attributable deaths per 100'000 capita",EN
WSH_20_WAT,WSH_20_WAT,Attributable fraction of diarrhoea to inadequate water,EN
WSH_20_SAN,WSH_20_SAN,Attributable fraction of diarrhoea to inadequate sanitation,EN
WSH_20_HYG,WSH_20_HYG,Attributable fraction of diarrhoea to inadequate hygiene,EN
WSH_20,WSH_20,"Attributable fraction of diarrhoea to inadequate water, sanitation and hygiene",EN
WSH_2,WSH_2,"Water, sanitation and hygiene attributable deaths ('000) in children under 5 years",EN
WSH_10_WAT,WSH_10_WAT,Number of diarrhoea deaths from inadequate water,EN
WSH_10_SAN,WSH_10_SAN,Number of diarrhoea deaths from inadequate sanitation,EN
WSH_10_HYG,WSH_10_HYG,Number of diarrhoea deaths from inadequate hygiene,EN
WSH_10,WSH_10,"Number of diarrhoea deaths from inadequate water, sanitation and hygiene",EN
WSH_1,WSH_1,SDG 3.9.2 WASH deaths,EN
W-MM_Group,W-MM_Group,Anti-tobacco mass media campaigns,EN
WHS9_CS,WHS9_CS,Cellular subscribers (per 100 population),EN
WHS9_96,WHS9_96,Population living in urban areas (%),EN
WHS9_95,WHS9_95,Total fertility rate (per woman),EN
WHS9_94,WHS9_94,Civil registration coverage of causes of deaths (%),EN
WHS9_93,WHS9_93,Gross national income per capita (PPP int. $),EN
WHS9_92,WHS9_92,Population proportion over 60 (%),EN
WHS9_91,WHS9_91,Civil registration coverage of births (%),EN
WHS9_90,WHS9_90,Population living on <$1 (PPP int. $) a day (%),EN
WHS9_89,WHS9_89,Population proportion under 15 (%),EN
WHS9_88,WHS9_88,Population median age (years),EN
WHS9_87,WHS9_87,Net primary school enrolment ratio (%),EN
WHS9_86,WHS9_86,Population (in thousands) total,EN
WHS9_85,WHS9_85,Literacy rate among adults aged >= 15 years (%),EN
WHS8_110,WHS8_110,Measles-containing-vaccine first-dose (MCV1) immunization coverage among 1-year-olds (%),EN
WHS7_156,WHS7_156,Per capita total expenditure on health at average exchange rate (US$),EN
WHS7_150,WHS7_150,Out-of-pocket expenditure as a percentage of total expenditure on health,EN
WHS7_149,WHS7_149,General government expenditure on health as a percentage of total expenditure on health,EN
WHS7_147,WHS7_147,Private expenditure on health as a percentage of total expenditure on health,EN
WHS7_143,WHS7_143,Total expenditure on health as a percentage of gross domestic product,EN
WHS7_139,WHS7_139,Out-of-pocket expenditure as a percentage of private expenditure on health,EN
WHS7_134,WHS7_134,Social security expenditure on health as a percentage of general government expenditure on health,EN
WHS7_120,WHS7_120,External resources for health as a percentage of total expenditure on health,EN
WHS7_113,WHS7_113,General government expenditure on health as a percentage of total government expenditure,EN
WHS7_108,WHS7_108,Per capita government expenditure on health (PPP int. $),EN
WHS7_105,WHS7_105,Per capita total expenditure on health (PPP int. $),EN
WHS7_104,WHS7_104,Per capita government expenditure on health at average exchange rate (US$),EN
WHS7_103,WHS7_103,Private prepaid plans as a percentage of private expenditure on health,EN
WHS6_520,WHS6_520,Density of environment and public health workers (per 10 000 population),EN
WHS6_519,WHS6_519,Density of pharmaceutical personnel (per 10 000 population),EN
WHS6_518,WHS6_518,Number of environment and public health workers,EN
WHS6_517,WHS6_517,Number of pharmaceutical personnel,EN
WHS6_150,WHS6_150,Community health workers density (per 10 000 population),EN
WHS6_148,WHS6_148,Nursing and midwifery personnel density (per 10 000 population),EN
WHS6_144,WHS6_144,Dentistry personnel density (per 10 000 population),EN
WHS6_140,WHS6_140,Number of community health workers,EN
WHS6_127,WHS6_127,Number of nursing and midwifery personnel,EN
WHS6_123,WHS6_123,Number of dentistry personnel,EN
WHS6_116,WHS6_116,Median consumer price ratio of selected generic medicines - Private,EN
WHS6_102,WHS6_102,Hospital beds (per 10 000 population),EN
WHS6_101,WHS6_101,Median availability of selected generic medicines (%) - Private,EN
WHS6_100,WHS6_100,Radiotherapy units (per 1 000 000 population),EN
WHS5_512,WHS5_512,Population using solid fuels (%),EN
WHS4_99,WHS4_99,Antiretroviral therapy coverage among HIV-infected pregnant women for PMTCT (%),EN
WHS4_544,WHS4_544,Polio (Pol3) immunization coverage among 1-year-olds (%),EN
WHS4_543,WHS4_543,BCG immunization coverage among 1-year-olds (%),EN
WHS4_154,WHS4_154,Antenatal care coverage - at least four visits (%),EN
WHS4_129,WHS4_129,Hib (Hib3) immunization coverage among 1-year-olds (%),EN
WHS4_128,WHS4_128,Neonates protected at birth against neonatal tetanus (PAB) (%),EN
WHS4_124,WHS4_124,Children aged 6-59 months who received vitamin A supplementation (%),EN
WHS4_117,WHS4_117,Hepatitis B (HepB3) immunization coverage among 1-year-olds (%),EN
WHS4_115,WHS4_115,Births by caesarean section (%),EN
WHS4_111_AGE1519,WHS4_111_AGE1519,"Antenatal care coverage - at least one visit, among girls aged 15-19 (%)",EN
WHS4_111,WHS4_111,Antenatal care coverage - at least one visit (%),EN
WHS4_108,WHS4_108,Children aged <5 years with ARI symptoms who took antibiotic treatment (%),EN
WHS4_107,WHS4_107,Children aged <5 years with diarrhoea receiving ORT (%),EN
WHS4_106,WHS4_106,Care-seeking for children with symptoms of acute respiratory infection (%),EN
WHS4_100,WHS4_100,Diphtheria tetanus toxoid and pertussis (DTP3) immunization coverage among 1-year-olds (%),EN
WHS3_62,WHS3_62,Measles - number of reported cases,EN
WHS3_57,WHS3_57,Rubella - number of reported cases,EN
WHS3_56,WHS3_56,Neonatal tetanus - number of reported cases,EN
WHS3_55,WHS3_55,Congenital Rubella Syndrome - number of reported cases,EN
WHS3_54,WHS3_54,Number of reported cases of tuberculosis (DOTS),EN
WHS3_53,WHS3_53,Mumps - number of reported cases,EN
WHS3_522,WHS3_522,Number of reported cases of tuberculosis,EN
WHS3_52,WHS3_52,Plague - number of reported cases,EN
WHS3_51,WHS3_51,H5N1 influenza - number of reported cases,EN
WHS3_50,WHS3_50,Yellow fever - number of reported cases,EN
WHS3_49,WHS3_49,Poliomyelitis - number of reported cases,EN
WHS3_48,WHS3_48,Malaria - number of reported confirmed cases,EN
WHS3_47,WHS3_47,Meningitis - number of reported cases,EN
WHS3_46,WHS3_46,Total tetanus - number of reported cases,EN
WHS3_45,WHS3_45,Number of new leprosy cases,EN
WHS3_43,WHS3_43,Pertussis - number of reported cases,EN
WHS3_42,WHS3_42,Japanese encephalitis - number of reported cases,EN
WHS3_41,WHS3_41,Diphtheria - number of reported cases,EN
WHS3_40,WHS3_40,Cholera - number of reported cases,EN
WHS2_523,WHS2_523,Distribution of causes of death among children aged <5 years (%) - Birth asphyxia,EN
WHS2_516,WHS2_516,Distribution of causes of death among children aged <5 years (%) - Congenital anomalies,EN
WHS2_515,WHS2_515,Distribution of causes of death among children aged <5 years (%) - Neonatal sepsis,EN
WHS2_514,WHS2_514,Distribution of causes of death among children aged <5 years (%) - Prematurity,EN
WHS2_174,WHS2_174,Distribution of years of life lost by broader causes (%) - Injuries,EN
WHS2_171,WHS2_171,Distribution of causes of death among children aged <5 years (%) - Other diseases,EN
WHS2_170,WHS2_170,Distribution of causes of death among children aged <5 years (%) - HIV/AIDS,EN
WHS2_168,WHS2_168,Distribution of causes of death among children aged <5 years (%) - Measles,EN
WHS2_167,WHS2_167,Distribution of causes of death among children aged <5 years (%) - Diarrhoea,EN
WHS2_166,WHS2_166,Distribution of causes of death among children aged <5 years (%) - Injuries,EN
WHS2_165,WHS2_165,Distribution of causes of death among children aged <5 years (%) - Pneumonia,EN
WHS2_164,WHS2_164,Distribution of causes of death among children aged <5 years (%) - Malaria,EN
WHS2_161,WHS2_161,Age-standardized mortality rate by cause (per 100 000 population) - Cardiovascular,EN
WHS2_160,WHS2_160,Age-standardized mortality rate by cause (per 100 000 population) - Cancer,EN
WHS2_152,WHS2_152,Deaths due to malaria (per 100 000 population),EN
WHS2_138,WHS2_138,Deaths due to HIV/AIDS (per 100 000 population),EN
WHS2_131,WHS2_131,Age-standardized NCD mortality rate  (per 100 000 population),EN
WHS2_126,WHS2_126,Distribution of years of life lost by major cause group,EN
WHS10_9,WHS10_9,Ill-defined causes in cause-of-death registration (%),EN
WHS10_8,WHS10_8,Civil registration coverage of cause-of-death (%),EN
WHS10_7,WHS10_7,Number of national population surveys -  adult health,EN
WHS10_6,WHS10_6,Number of national population surveys -  HIV prevalence,EN
WHS10_5,WHS10_5,Number of national population surveys - maternal mortality,EN
WHS10_4,WHS10_4,Number of national population surveys - child mortality,EN
WHS10_3,WHS10_3,Number of national population surveys - child anthropometry,EN
WHS10_2,WHS10_2,Number of cause-of-death registration years available,EN
WHS10_10,WHS10_10,International Statistical Classification of Diseases and Related Health Problems (ICD),EN
WHS10_1,WHS10_1,Most recent census (year),EN
WHS_PBR,WHS_PBR,Preterm birth rate (per 100 live births),EN
WHOSIS_000016,WHOSIS_000016,Mortality rate among children ages 5 to 9 years (per 1000 children aged 5),EN
WHOSIS_000015,WHOSIS_000015,Life expectancy at age 60 (years),EN
WHOSIS_000014,WHOSIS_000014,Stillbirth rate (per 1000 total births),EN
WHOSIS_000013,WHOSIS_000013,Prevalence of current tobacco use among adolescents (13-15 years) (%),EN
WHOSIS_000012,WHOSIS_000012,Prevalence of smoking any tobacco product among adults (&#8805;15 years) (%),EN
WHOSIS_000010,WHOSIS_000010,Adults aged &#8805; 20 years who are obese (%),EN
WHOSIS_000009,WHOSIS_000009,Children aged <5 years overweight (%),EN
WHOSIS_000008,WHOSIS_000008,Children aged <5 years underweight (%),EN
WHOSIS_000007,WHOSIS_000007,Healthy life expectancy (HALE) at age 60 (years),EN
WHOSIS_000006,WHOSIS_000006,Infants exclusively breastfed for the first six months of life (%),EN
WHOSIS_000005,WHOSIS_000005,Low-birth-weight newborns (%),EN
WHOSIS_000004,WHOSIS_000004,Adult mortality rate (probability of dying between 15 and 60 years per 1000 population),EN
WHOSIS_000003,WHOSIS_000003,Neonatal mortality rate (per 1000 live births),EN
WHOSIS_000002,WHOSIS_000002,Healthy life expectancy (HALE) at birth (years),EN
WHOSIS_000001,WHOSIS_000001,Life expectancy at birth (years),EN
WHO_LOCATIONFACILITIES_GROUPED_PER100,WHO_LOCATIONFACILITIES_GROUPED_PER100,Locations and facilities by groups (%),EN
WHO_LOCATIONFACILITIES,WHO_LOCATIONFACILITIES,Locations and facilities,EN
WCO_UNCOLLABORATION_GROUPED_PER100,WCO_UNCOLLABORATION_GROUPED_PER100,Collaboration with United Nations System (%),EN
WCO_UNCOLLABORATION,WCO_UNCOLLABORATION,Collaboration with United Nations System,EN
WCO_TYPEOFSTAFF_CO_PER100,WCO_TYPEOFSTAFF_CO_PER100,"Type of staff in country office, according to WCO typology (%)",EN
WCO_TOTALSTAFFCO_PER100,WCO_TOTALSTAFFCO_PER100,"Total number of staff in country offices, by region (%)",EN
WCO_TOTALSTAFFCO_NUM,WCO_TOTALSTAFFCO_NUM,"Total number of staff in country offices, by region",EN
WCO_TOTALCO_NUM,WCO_TOTALCO_NUM,"Total number country offices, by region",EN
WCO_TEAMCOMPOSITION_PER100,WCO_TEAMCOMPOSITION_PER100,Team composition (%),EN
WCO_TEAMCOMPOSITION_NUM,WCO_TEAMCOMPOSITION_NUM,"Team composition, number of staff",EN
WCO_STAFFING_GPW13_NUM,WCO_STAFFING_GPW13_NUM,WCO staffing under each GPW13 strategic priority,EN
WCO_SEAHPRTRAINING_GROUPED_PER100,WCO_SEAHPRTRAINING_GROUPED_PER100,"Sexual exploitation, abuse and harassment prevention and response training by groups (%)",EN
WCO_SEAHPRTRAINING,WCO_SEAHPRTRAINING,"Sexual exploitation, abuse and harassment prevention and response training",EN
WCO_PROGRAMBUDGET_PER100,WCO_PROGRAMBUDGET_PER100,Programme budget (%),EN
WCO_PROGRAMBUDGET_NUM,WCO_PROGRAMBUDGET_NUM,Programme budget (in US$ million),EN
WCO_PARTNERSDONORS_GROUPED_PER100,WCO_PARTNERSDONORS_GROUPED_PER100,Partners and donors by groups (%),EN
WCO_PARTNERSDONORS,WCO_PARTNERSDONORS,Partners and donors,EN
WCO_KEYFUNCTIONS_GROUPED_PER100,WCO_KEYFUNCTIONS_GROUPED_PER100,Key functions by groups (%),EN
WCO_KEYFUNCTIONS,WCO_KEYFUNCTIONS,Key functions,EN
WCO_INTERGOVERNMENTALORGANIZATIONS_GROUPED_PER100,WCO_INTERGOVERNMENTALORGANIZATIONS_GROUPED_PER100,Collaboration with Intergovernmental Organizations by groups (%),EN
WCO_INTERGOVERNMENTALORGANIZATIONS,WCO_INTERGOVERNMENTALORGANIZATIONS,Collaboration with Intergovernmental Organizations,EN
WCO_HWCO_PER100,WCO_HWCO_PER100,"Percentage of HWCOs/WRs, by sex",EN
WCO_HEADSWHO_WRS_OUTSIDEREGIONS_PER100,WCO_HEADSWHO_WRS_OUTSIDEREGIONS_PER100,Percentage of Heads of WHO Country Offices/WRs from outside the region,EN
WCO_HEADSWHO_WRS_NUM,WCO_HEADSWHO_WRS_NUM,Number of Heads of WHO Country Offices/WRs,EN
WCO_GOVERNMENTCOLLABORATION_GROUPED_PER100,WCO_GOVERNMENTCOLLABORATION_GROUPED_PER100,Collaboration with government sectors by groups (%),EN
WCO_GOVERNMENTCOLLABORATION,WCO_GOVERNMENTCOLLABORATION,Collaboration with government sectors,EN
WCO_FUNDING_TYPE_STRATEGY_PER100,WCO_FUNDING_TYPE_STRATEGY_PER100,Funds available per type of country office by Strategy (%),EN
WCO_FUNDING_TYPE,WCO_FUNDING_TYPE,Financing of WHO country offices - MTR (in US$ million),EN
WCO_FUNDING_LEVEL_PER100,WCO_FUNDING_LEVEL_PER100,Funds available per level of the Organization (%),EN
WCO_DISTRIBUTION_INTANDLOC_PER100,WCO_DISTRIBUTION_INTANDLOC_PER100,Gender distribution between international and local WCO staff,EN
WCO_CSSPRIORITIES_GROUP_PER100,WCO_CSSPRIORITIES_GROUP_PER100,Country Cooperation Strategy Priorities by groups (%),EN
WCO_CSSPRIORITIES,WCO_CSSPRIORITIES,Country Cooperation Strategy Priorities,EN
WCO_CORESTAFFCPCP_PER100,WCO_CORESTAFFCPCP_PER100,Number of WCO staff considered as core by the CPCP initiative (%),EN
WCO_CORESTAFFCPCP_NUM,WCO_CORESTAFFCPCP_NUM,Number of WCO staff considered as core by the CPCP initiative,EN
WCO_COLINKS,WCO_COLINKS,Relevants Country Offices links,EN
wast5,wast5,Wasting prevalence in children aged < 5 years (%),EN
wast3,wast3,Wasting prevalence in children aged < 3 years (%),EN
W9_no_obscure_C,W9_no_obscure_C,Health warnings on smokeless tobacco packaging must not be obscured in any way including by required markings such as tax stamps,EN
W9_no_obscure_B,W9_no_obscure_B,Health warnings on other smoked tobacco packaging must not be obscured in any way including by required markings such as tax stamps,EN
W9_no_obscure_A,W9_no_obscure_A,Health warnings on cigarette packaging must not be obscured in any way including by required markings such as tax stamps,EN
W8_princ_langs_C,W8_princ_langs_C,Are the health warnings on smokeless tobacco packaging written in the principal language(s) of the country?,EN
W8_princ_langs_B,W8_princ_langs_B,Are the health warnings on other smoked tobacco packaging written in the principal language(s) of the country?,EN
W8_princ_langs_A,W8_princ_langs_A,Are the health warnings on cigarette packaging written in the principal language(s) of the country?,EN
W7_rotation_C,W7_rotation_C,Are the health warnings on smokeless tobacco packaging rotating?,EN
W7_rotation_B,W7_rotation_B,Are the health warnings on other smoked tobacco packaging rotating?,EN
W7_rotation_A,W7_rotation_A,Are the health warnings on cigarette packaging rotating?,EN
W6_font_C,W6_font_C,"Does the law mandate font style, font size and colour of health warnings on smokeless tobacco packaging?",EN
W6_font_B,W6_font_B,"Does the law mandate font style, font size and colour of health warnings on other smoked tobacco packaging?",EN
W6_font_A,W6_font_A,"Does the law mandate font style, font size and colour of health warnings on cigarette packaging?",EN
W5_top_side_C,W5_top_side_C,Health warnings on smokeless tobacco packaging must be placed at the top of the principal display areas of the package,EN
W5_top_side_B,W5_top_side_B,Health warnings on other smoked tobacco packaging must be placed at the top of the principal display areas of the package,EN
W5_top_side_A,W5_top_side_A,Health warnings on cigarette packaging must be placed at the top of the principal display areas of the package,EN
W4_pc_back_C,W4_pc_back_C,Percentage of principal display area mandated to be covered by health warnings - back of smokeless tobacco packaging,EN
W4_pc_back_B,W4_pc_back_B,Percentage of principal display area mandated to be covered by health warnings - back of other smoked tobacco packaging,EN
W4_pc_back_A,W4_pc_back_A,Percentage of principal display area mandated to be covered by health warnings - back of cigarette packaging,EN
W3_pc_front_C,W3_pc_front_C,Percentage of principal display area mandated to be covered by health warnings - front of smokeless tobacco packaging,EN
W3_pc_front_B,W3_pc_front_B,Percentage of principal display area mandated to be covered by health warnings - front of other smoked tobacco packaging,EN
W3_pc_front_A,W3_pc_front_A,Percentage of principal display area mandated to be covered by health warnings - front of cigarette packaging,EN
W27_smokeless_prod_ban,W27_smokeless_prod_ban,The sale of all smokeless tobacco products is completely banned,EN
W26_plainSPACEpackaging_A,W26_plainSPACEpackaging_A,Plain packaging of cigarettes is mandatory (ie. the use of logos colours brand images or promotional information on packaging other than brand names and product names displayed in a standard colour and font style is prohibited).,EN
W26_plain_packaging_C,W26_plain_packaging_C,Plain packaging of smokeless tobacco products is mandatory (ie. the use of logos colours brand images or promotional information on packaging other than brand names and product names displayed in a standard colour and font style is prohibited).,EN
W26_plain_packaging_B,W26_plain_packaging_B,Plain packaging of other smoked tobacco products is mandatory (ie. the use of logos colours brand images or promotional information on packaging other than brand names and product names displayed in a standard colour and font style is prohibited).,EN
W26_plain_packaging_A,W26_plain_packaging_A,Plain packaging of cigarettes is mandatory (ie. the use of logos colours brand images or promotional information on packaging other than brand names and product names displayed in a standard colour and font style is prohibited).,EN
W25_quitline_number_C,W25_quitline_number_C,The quit line number must appear on smokeless tobacco packaging or labelling,EN
W25_quitline_number_B,W25_quitline_number_B,The quit line number must appear on other smoked tobacco packaging or labelling,EN
W25_quitline_number_A,W25_quitline_number_A,The quit line number must appear on cigarette packaging or labelling,EN
W24_exp_date_C,W24_exp_date_C,Smokeless tobacco packaging and labelling must not display expiry dates,EN
W24_exp_date_B,W24_exp_date_B,Other smoked tobacco packaging and labelling must not display expiry dates,EN
W24_exp_date_A,W24_exp_date_A,Cigarette packaging and labelling must not display expiry dates,EN
W23_emissions_front_back_C,W23_emissions_front_back_C,Smokeless tobacco packaging and labelling must display qualitative information on constituents and emissions on one or more of the principal display areas,EN
W23_emissions_front_back_B,W23_emissions_front_back_B,Other smoked tobacco packaging and labelling must display qualitative information on constituents and emissions on one or more of the principal display areas,EN
W23_emissions_front_back_A,W23_emissions_front_back_A,Cigarette packaging and labelling must display qualitative information on constituents and emissions on one or more of the principal display areas,EN
W22_emissions_qual_C,W22_emissions_qual_C,Smokeless tobacco packaging and labelling must display qualitative information on relevant constituents and emissions,EN
W22_emissions_qual_B,W22_emissions_qual_B,Other smoked tobacco packaging and labelling must display qualitative information on relevant constituents and emissions,EN
W22_emissions_qual_A,W22_emissions_qual_A,Cigarette packaging and labelling must display qualitative information on relevant constituents and emissions,EN
W21_emissions_quant_C,W21_emissions_quant_C,Smokeless tobacco packaging and labelling must not display quantitative information on emission yields (such as tar nicotine and carbon monoxide) including when used as part of a brand name or trademark,EN
W21_emissions_quant_B,W21_emissions_quant_B,Other smoked tobacco packaging and labelling must not display quantitative information on emission yields (such as tar nicotine and carbon monoxide) including when used as part of a brand name or trademark,EN
W21_emissions_quant_A,W21_emissions_quant_A,Cigarette packaging and labelling must not display quantitative information on emission yields (such as tar nicotine and carbon monoxide) including when used as part of a brand name or trademark,EN
W21_emissions_B,W21_emissions_B,Other smoked tobacco packaging and labelling must not display quantitative information on emission yields (such as tar nicotine and carbon monoxide) including when used as part of a brand name or trademark,EN
W21_emissions_A,W21_emissions_A,Cigarette packaging and labelling must not display quantitative information on emission yields (such as tar nicotine and carbon monoxide) including when used as part of a brand name or trademark,EN
W20_flavours_C,W20_flavours_C,Smokeless tobacco packaging and labelling must not use descriptors depicting flavours,EN
W20_flavours_B,W20_flavours_B,Other smoked tobacco packaging and labelling must not use descriptors depicting flavours,EN
W20_flavours_A,W20_flavours_A,Cigarette packaging and labelling must not use descriptors depicting flavours,EN
W2_pc_front_back_C,W2_pc_front_back_C,Percentage of principal display area mandated to be covered by health warnings - front and back of smokeless tobacco packaging,EN
W2_pc_front_back_B,W2_pc_front_back_B,Percentage of principal display area mandated to be covered by health warnings - front and back of other smoked tobacco packaging,EN
W2_pc_front_back_A,W2_pc_front_back_A,Percentage of principal display area mandated to be covered by health warnings - front and back of cigarette packaging,EN
W19_colours_numbers_C,W19_colours_numbers_C,Smokeless tobacco packaging and labelling must not use figurative or other signs including colors or numbers as substitutes for prohibited misleading terms and descriptors,EN
W19_colours_numbers_B,W19_colours_numbers_B,Other smoked tobacco packaging and labelling must not use figurative or other signs including colors or numbers as substitutes for prohibited misleading terms and descriptors,EN
W19_colours_numbers_A,W19_colours_numbers_A,Cigarette packaging and labelling must not use figurative or other signs including colors or numbers as substitutes for prohibited misleading terms and descriptors,EN
W18_misleading_terms_C,W18_misleading_terms_C,Ban on deceitful terms on smokeless tobacco packaging,EN
W18_misleading_terms_B,W18_misleading_terms_B,Ban on deceitful terms on other smoked tobacco packaging,EN
W18_misleading_terms_A,W18_misleading_terms_A,Ban on deceitful terms on cigarette packaging,EN
W17_fines_C,W17_fines_C,Health warnings on smokeless tobacco packaging law requires or establishes fines for violations,EN
W17_fines_B,W17_fines_B,Health warnings on other smoked tobacco packaging law requires or establishes fines for violations,EN
W17_fines_A,W17_fines_A,Health warnings on cigarette packaging law requires or establishes fines for violations,EN
W16_number_hw_C,W16_number_hw_C,How many health warnings are approved by the law for smokeless tobacco packaging?,EN
W16_number_hw_B,W16_number_hw_B,How many health warnings are approved by the law for other smoked tobacco packaging?,EN
W16_number_hw_A,W16_number_hw_A,How many health warnings are approved by the law for cigarette packaging?,EN
W15_specific_hw_C,W15_specific_hw_C,Does the law mandate specific health warnings on smokeless tobacco packaging?,EN
W15_specific_hw_B,W15_specific_hw_B,Does the law mandate specific health warnings on other smoked tobacco packaging?,EN
W15_specific_hw_A,W15_specific_hw_A,Does the law mandate specific health warnings on cigarette packaging?,EN
W14_harm_effects_C,W14_harm_effects_C,Do health warnings on smokeless tobacco packaging describe the harmful effects of tobacco use on health?,EN
W14_harm_effects_B,W14_harm_effects_B,Do health warnings on other smoked tobacco packaging describe the harmful effects of tobacco use on health?,EN
W14_harm_effects_A,W14_harm_effects_A,Do health warnings on cigarette packaging describe the harmful effects of tobacco use on health?,EN
W13_ind_liability_C,W13_ind_liability_C,Health warnings on smokeless tobacco packaging do not remove or diminish the liability of the tobacco industry,EN
W13_ind_liability_B,W13_ind_liability_B,Health warnings on other smoked tobacco packaging do not remove or diminish the liability of the tobacco industry,EN
W13_ind_liability_A,W13_ind_liability_A,Health warnings on cigarette packaging do not remove or diminish the liability of the tobacco industry,EN
W12_imports_dutyfree_C,W12_imports_dutyfree_C,Health warnings on smokeless tobacco packaging law applys to products whether manufactured domestically imported AND for duty-free sale,EN
W12_imports_dutyfree_B,W12_imports_dutyfree_B,Health warnings on other smoked tobacco packaging law applys to products whether manufactured domestically imported AND for duty-free sale,EN
W12_imports_dutyfree_A,W12_imports_dutyfree_A,Health warnings on cigarette packaging law applys to products whether manufactured domestically imported AND for duty-free sale,EN
W11_outside_pack_C,W11_outside_pack_C,Do health warnings appear on each smokeless tobacco package and any outside packaging and labelling used in the retail sale?,EN
W11_outside_pack_B,W11_outside_pack_B,Do health warnings appear on each other smoked tobacco package and any outside packaging and labelling used in the retail sale?,EN
W11_outside_pack_A,W11_outside_pack_A,Do health warnings appear on each cigarette package and any outside packaging and labelling used in the retail sale?,EN
W10_graphic_C,W10_graphic_C,Do the health warnings on smokeless tobacco packaging include a photograph or graphic?,EN
W10_graphic_B,W10_graphic_B,Do the health warnings on other smoked tobacco packaging include a photograph or graphic?,EN
W10_graphic_A,W10_graphic_A,Do the health warnings on cigarette packaging include a photograph or graphic?,EN
W1_HW_law_C,W1_HW_law_C,Law mandates that health warnings appear on smokeless tobacco packages,EN
W1_HW_law_B,W1_HW_law_B,Law mandates that health warnings appear on other smoked tobacco packages,EN
W1_HW_law_A,W1_HW_law_A,Law mandates that health warnings appear on tobacco packages,EN
W_Group,W_Group,Warning about the dangers of tobacco,EN
vzdpt,vzdpt,One-year-old children who have not received any doses of the DTP vaccine (%),EN
vpolio,vpolio,Polio immunization coverage among one-year-olds (%),EN
vmsl,vmsl,Measles immunization coverage among one-year-olds (%),EN
vita,vita,Children aged 6-59 months who received vitamin A supplementation (%),EN
VIOLENCE_PHYSICAL_FIGHTING,VIOLENCE_PHYSICAL_FIGHTING,"Physical fighting, past 12 months (%)",EN
VIOLENCE_HOMICIDERATE,VIOLENCE_HOMICIDERATE,Estimates of rates of homicides per 100 000 population,EN
VIOLENCE_HOMICIDENUM,VIOLENCE_HOMICIDENUM,Estimates of number of homicides,EN
VIOLENCE_EXTENTIMP_YOUTHLIFESKILLS,VIOLENCE_EXTENTIMP_YOUTHLIFESKILLS,Youth violence: Extent of implementation of life-skills and social development programmes,EN
VIOLENCE_EXTENTIMP_VICTIMSMEDICOLEGAL,VIOLENCE_EXTENTIMP_VICTIMSMEDICOLEGAL,Extent of implementation of medico-legal services for victims of sexual violence,EN
VIOLENCE_EXTENTIMP_PARTNERVIOLPREVENTION,VIOLENCE_EXTENTIMP_PARTNERVIOLPREVENTION,Intimate partner violence: Extent of implementation  of dating violence prevention programmes,EN
VIOLENCE_EXTENTIMP_ELDERCAREGIVER,VIOLENCE_EXTENTIMP_ELDERCAREGIVER,Elder abuse: Extent of implementation  of caregiver-support programmes,EN
VIOLENCE_EXTENTIMP_CHILDPROTECTION,VIOLENCE_EXTENTIMP_CHILDPROTECTION,Extent of implementation of child protection services,EN
VIOLENCE_EXTENTIMP_CHILDHOMEVISIT,VIOLENCE_EXTENTIMP_CHILDHOMEVISIT,Child maltreatment: Extent of implementation of home-visiting programmes,EN
VIOLENCE_EXTENTIMP_ALLTYPES,VIOLENCE_EXTENTIMP_ALLTYPES,Extent of implementation of  mental health services for victims of all types of violence,EN
VIOLENCE_CHILD_SEXUAL,VIOLENCE_CHILD_SEXUAL,Lifetime prevalence of child sexual abuse (%),EN
VIOLENCE_CHILD_PHYSICAL,VIOLENCE_CHILD_PHYSICAL,Lifetime prevalence of child physical abuse (%),EN
VIOLENCE_CHILD_NEGLECT,VIOLENCE_CHILD_NEGLECT,Lifetime prevalence of child physical neglect (%),EN
VIOLENCE_CHILD_EMOTIONAL,VIOLENCE_CHILD_EMOTIONAL,Lifetime prevalence of child emotional abuse (%),EN
VIOLENCE_BULLIED,VIOLENCE_BULLIED,"Bullied, past 30 days (%)",EN
vfull,vfull,Full immunization coverage among one-year-olds (%),EN
vdpt,vdpt,DTP3 immunization coverage among one-year-olds (%),EN
vbcg,vbcg,BCG immunization coverage among one-year-olds (%),EN
VACCINEPREVENTABLE_WILDPOLIO,VACCINEPREVENTABLE_WILDPOLIO,Number of reported cases of poliomyelitis by wild poliovirus (WPV),EN
uwgt5,uwgt5,"xxxxx for deletion: (child underweight, see NUTUNDERWEIGHTPREV)",EN
uweight5,uweight5,Underweight prevalence in children aged < 5 years (%),EN
uweight3,uweight3,Underweight prevalence in children aged < 3 years (%),EN
UV_5,UV_5,UV radiation attributable DALYs per 100'000 capita,EN
UV_4,UV_4,UV radiation attributable deaths per 100'000 capita,EN
UV_3,UV_3,UV radiation attributable DALYs ('000),EN
UV_2,UV_2,UV radiation attributable deaths,EN
UV_1,UV_1,UV radiation,EN
UNICEF_PNCNEWBORN,UNICEF_PNCNEWBORN,Proportion of newborns who have postnatal contact with a health provider within 2 days of delivery (%),EN
UNICEF_PNCMOTHER,UNICEF_PNCMOTHER,Women age 15-49 years who received a health check within 2 days after delivery of their most recent live birth in the last 2 years (%),EN
UNICEF_ORS,UNICEF_ORS,Children aged <5 years with diarrhoea receiving ORS (%),EN
UHCTRANSFATS,UHCTRANSFATS,Best-practice policy implemented for industrially produced trans-fatty acids (TFA) (Y/N),EN
UHC_TOBACCONO,UHC_TOBACCONO,Prevalence of non-use of tobacco,EN
UHC_TB_DT,UHC_TB_DT,Tuberculosis detection and treatment,EN
UHC_SCI_RMNCH,UHC_SCI_RMNCH,"UHC Service Coverage sub-index on reproductive, maternal, newborn and child health",EN
UHC_SCI_NCD,UHC_SCI_NCD,UHC Service Coverage sub-index on noncommunicable diseases,EN
UHC_SCI_INFECT,UHC_SCI_INFECT,UHC Service Coverage sub-index on infectious diseases,EN
UHC_SCI_CAPACITY,UHC_SCI_CAPACITY,UHC Service Coverage sub-index on service capacity and access,EN
UHC_NCD_NONELEVBP,UHC_NCD_NONELEVBP,Prevalence of non-elevated blood pressure (%),EN
UHC_NCD_FPG,UHC_NCD_FPG,Mean fasting plasma glucose,EN
UHC_INDEX_REPORTED,UHC_INDEX_REPORTED,UHC Service Coverage Index (SDG 3.8.1),EN
UHC_INDEX_ACTUAL,UHC_INDEX_ACTUAL,Index of Essential Service Coverage (Actual),EN
UHC_IHR,UHC_IHR,Compliance with international health regulations,EN
UHC_HRHSURGEONDENSITY,UHC_HRHSURGEONDENSITY,Surgeons (per 100 000),EN
UHC_DATA_AVAIL_CODE,UHC_DATA_AVAIL_CODE,Data availability for UHC index of essential service coverage (ranking),EN
UHC_AVAILABILITY_SCORE,UHC_AVAILABILITY_SCORE,Primary data availability for UHC Service Coverage Index (SDG 3.8.1) (%),EN
u5mr,u5mr,Under-five mortality rate (deaths per 1000 live births),EN
TOTENV_90,TOTENV_90,Total environment attributable DALYs  in children under 5 years,EN
TOTENV_9,TOTENV_9,Total environment attributable DALYs ('000) in children under 5 years,EN
TOTENV_8,TOTENV_8,Total environment  attributable deaths per 100'000 children under 5 years,EN
TOTENV_70,TOTENV_70,Total environment attributable deaths in children under 5 years,EN
TOTENV_7,TOTENV_7,Total environment attributable deaths ('000) in children under 5 years,EN
TOTENV_6,TOTENV_6,Disability-adjusted life years (DALYs) attributable to the environment (%),EN
TOTENV_5,TOTENV_5,Deaths attributable to the environment (%),EN
TOTENV_4,TOTENV_4,Age-standardized DALYs attributable to the environment (per 100 000 population),EN
TOTENV_3,TOTENV_3,Disability-adjusted life years (DALYs) attributable to the environment,EN
TOTENV_2,TOTENV_2,Age-standardized deaths attributable to the environment (per 100 000 population),EN
TOTENV_12,TOTENV_12,DALYs attributable to the environment in children under 5 years (%),EN
TOTENV_11,TOTENV_11,Deaths attributable to the environment in children under 5 years (%),EN
TOTENV_10,TOTENV_10,Total environment  attributable DALYs per 100'000 children under 5 years,EN
TOTENV_1,TOTENV_1,Deaths attributable to the environment,EN
TOBACCO_0000000507,TOBACCO_0000000507,Repeating interval for survey of youth (years),EN
TOBACCO_0000000506,TOBACCO_0000000506,Representativeness of youth survey,EN
TOBACCO_0000000505,TOBACCO_0000000505,Year of survey of youth,EN
TOBACCO_0000000396,TOBACCO_0000000396,Health warnings on other smoked tobacco packaging must include a photograph or graphic,EN
TOBACCO_0000000395,TOBACCO_0000000395,Health warnings on other smoked tobacco packaging must be written in the principal language(s) of the country,EN
TOBACCO_0000000394,TOBACCO_0000000394,"Font style, font size and colour of health warnings are mandated for other smoked tobacco packaging",EN
TOBACCO_0000000393,TOBACCO_0000000393,Health warnings on other smoked tobacco packaging describe the harmful effects of tobacco use on health,EN
TOBACCO_0000000392,TOBACCO_0000000392,Health warnings appear on each other smoked tobacco package and any outside packaging and labelling used in the retail sale,EN
TOBACCO_0000000391,TOBACCO_0000000391,Percentage of principal display area mandated to be covered by health warnings - back of other smoked tobacco packaging,EN
TOBACCO_0000000390,TOBACCO_0000000390,Health warnings on other smoked tobacco packaging must be rotated,EN
TOBACCO_0000000389,TOBACCO_0000000389,Number of health warnings approved by the law for other smoked tobacco packaging,EN
TOBACCO_0000000388,TOBACCO_0000000388,Specific health warnings are mandated for other smoked tobacco packaging,EN
TOBACCO_0000000387,TOBACCO_0000000387,Percentage of principal display area mandated to be covered by health warnings - front of other smoked tobacco packaging,EN
TOBACCO_0000000386,TOBACCO_0000000386,Percentage of principal display area mandated to be covered by health warnings - front and back of other smoked tobacco packaging,EN
TOBACCO_0000000372,TOBACCO_0000000372,Varenicline - place available,EN
TOBACCO_0000000371,TOBACCO_0000000371,Varenicline - legally sold,EN
TOBACCO_0000000370,TOBACCO_0000000370,Bupropion - place available,EN
TOBACCO_0000000369,TOBACCO_0000000369,Bupropion - legally sold,EN
TOBACCO_0000000368,TOBACCO_0000000368,Nicotine replacement therapy - place available,EN
TOBACCO_0000000367,TOBACCO_0000000367,Nicotine replacement therapy - legally sold,EN
TOBACCO_0000000366,TOBACCO_0000000366,Smoking cessation support is available in other settings,EN
TOBACCO_0000000365,TOBACCO_0000000365,Smoking cessation support is available in the community,EN
TOBACCO_0000000364,TOBACCO_0000000364,Smoking cessation support is available in offices of health professionals,EN
TOBACCO_0000000363,TOBACCO_0000000363,Smoking cessation support is available in health clinics or other primary care facilities,EN
TOBACCO_0000000362,TOBACCO_0000000362,Smoking cessation support is available in hospitals,EN
TOBACCO_0000000361,TOBACCO_0000000361,Access to a toll-free quit line,EN
TOBACCO_0000000347,TOBACCO_0000000347,Exposure to smoke outside home,EN
TOBACCO_0000000346,TOBACCO_0000000346,Exposure to smoke at home,EN
TOBACCO_0000000345,TOBACCO_0000000345,Current smokers of cigarettes (youth rate),EN
TOBACCO_0000000344,TOBACCO_0000000344,Prevalence of current tobacco use among adolescents aged 13-15 years,EN
TOBACCO_0000000342,TOBACCO_0000000342,Daily users of any smokeless tobacco product (crude rate),EN
TOBACCO_0000000213,TOBACCO_0000000213,Citizen complaints and investigations,EN
TOBACCO_0000000212,TOBACCO_0000000212,Dedicated funds for enforcement,EN
TOBACCO_0000000211,TOBACCO_0000000211,Fines on the patron,EN
TOBACCO_0000000210,TOBACCO_0000000210,Fines on the establishment,EN
TOBACCO_0000000209,TOBACCO_0000000209,Fines for violations,EN
TOBACCO_0000000192,TOBACCO_0000000192,Prevalence of smoking any tobacco product among persons aged >= 15 years,EN
TOB_R_PRICE,TOB_R_PRICE,Retail price for tobacco and nicotine products,EN
TG_SYPHILISPREV_PERCENT,TG_SYPHILISPREV_PERCENT,Transgender: Syphilis prevalence (percent),EN
TG_PSE_NUM,TG_PSE_NUM,Transgender: Population size estimate (number),EN
TG_CONDOMUSE_PERCENT,TG_CONDOMUSE_PERCENT,Transgender: Condom use (percent),EN
tfr,tfr,Total fertility rate (per woman),EN
TB_treatment_coverage,TB_treatment_coverage,xxx,EN
TB_tot_newrel,TB_tot_newrel,Tuberculosis - new and relapse cases,EN
TB_sldst_avail,TB_sldst_avail,Second-line drug susceptibility testing (DST) available,EN
TB_sb,TB_sb,Standards and benchmarks for TB and vital registration system surveillance,EN
TB_rr_mdr,TB_rr_mdr,Confirmed cases of RR-/MDR-TB,EN
TB_ret_taf,TB_ret_taf,Retreatment cases: treatment after failure (pulmonary smear and/or culture positive),EN
TB_ret_tad,TB_ret_tad,Retreatment cases: treatment after default (pulmonary smear and/or culture positive),EN
TB_ret_rel_labconf,TB_ret_rel_labconf,"Relapse cases: Pulmonary, bacteriologically confirmed",EN
TB_ret_rel_ep,TB_ret_rel_ep,Relapse cases: extrapulmonary,EN
TB_ret_rel_clindx,TB_ret_rel_clindx,"Relapse cases: Pulmonary, clinically diagnosed",EN
TB_ret_rel,TB_ret_rel,Relapse cases (pre-2013 definition),EN
TB_ret_oth,TB_ret_oth,Retreatment cases: other,EN
TB_ret_nrel,TB_ret_nrel,"Previously treated  cases, excluding relapse",EN
TB_rdst_num_prct,TB_rdst_num_prct,The number of people with susceptibility test result for rifampicin among bacteriologically confirmed pulmonary TB patients expressed as percentage.,EN
TB_rdst_num,TB_rdst_num,The number of people with susceptibility test result for rifampicin among bacteriologically confirmed pulmonary TB patients.,EN
TB_ps_prev_bc_100k_sp,TB_ps_prev_bc_100k_sp,"Prevalence of bacteriologically-confirmed pulmonary TB who are smear positive among those aged ≥15 years, per 100,000 population",EN
TB_ps_prev_bc_100k_bysex_sp,TB_ps_prev_bc_100k_bysex_sp,"Prevalence of bacteriologically-confirmed pulmonary TB who are smear positive among those aged ≥15 years, per 100,000 population by sex.",EN
TB_ps_prev_bc_100k_bysex,TB_ps_prev_bc_100k_bysex,"Prevalence of bacteriologically-confirmed pulmonary TB among those aged ≥15 years, per 100,000 population by sex.",EN
TB_ps_prev_bc_100k_byagegroup_sp,TB_ps_prev_bc_100k_byagegroup_sp,"Prevalence of bacteriologically-confirmed pulmonary TB who are smear positive among those aged ≥15 years, per 100,000 population by age group",EN
TB_ps_prev_bc_100k_byagegroup,TB_ps_prev_bc_100k_byagegroup,"Prevalence of bacteriologically-confirmed pulmonary TB among those aged ≥15 years, per 100,000 population by age group",EN
TB_ps_prev_bc_100k,TB_ps_prev_bc_100k,"Prevalence of bacteriologically-confirmed pulmonary TB among those aged ≥15 years, per 100,000 population",EN
TB_Notification_agesex_num,TB_Notification_agesex_num,The number of new and relapse cases of tuberculosis detected in a given year by age and sex,EN
TB_notif_num_newrel_ep,TB_notif_num_newrel_ep,Number of people diagnosed with new episode of pulmonary TB who have extrapulmonary TB.,EN
TB_notif_num_newrel_clindx,TB_notif_num_newrel_clindx,Number of people diagnosed with new episode of pulmonary TB who are clinically diagnosed.,EN
TB_notif_num_labconf,TB_notif_num_labconf,Number of people diagnosed with new episode of pulmonary TB who are bacteriologically confirmed.,EN
TB_notif_num_agesex,TB_notif_num_agesex,Number of people diagnosed with new episode TB who by age group and sex.,EN
TB_notif_num,TB_notif_num,Number of people notified with new episode of TB in a given year,EN
TB_newret_oth,TB_newret_oth,Treatment history unknown,EN
TB_new_su,TB_new_su,New cases: pulmonary smear unknown/not done,EN
TB_new_sp,TB_new_sp,"New cases: Pulmonary, smear-positive",EN
TB_new_snuoth,TB_new_snuoth,TB new snuoth,EN
TB_new_snsuoth,TB_new_snsuoth,"New cases: Pulmonary, smear-negative/unknown/not done and other new cases",EN
TB_new_sn,TB_new_sn,New cases: pulmonary smear-negative,EN
TB_new_oth,TB_new_oth,New cases: other,EN
TB_new_labconf,TB_new_labconf,"New or unknown treatment history cases: Pulmonary, bacteriologically confirmed",EN
TB_new_ep,TB_new_ep,New cases: extrapulmonary,EN
TB_new_clindx,TB_new_clindx,"New or unknown treatment history cases: Pulmonary, clinically diagnosed",EN
TB_mdr,TB_mdr,Confirmed cases of MDR-TB,EN
TB_hivtest_pos_pct,TB_hivtest_pos_pct,Tested TB patients HIV-positive (%),EN
TB_hivtest_pct,TB_hivtest_pct,TB patients with known HIV status (%),EN
TB_hiv_cpt_pct,TB_hiv_cpt_pct,HIV-positive TB patients on CPT (co-trimoxazole preventive therapy) (%),EN
TB_hiv_art_pct,TB_hiv_art_pct,HIV-positive TB patients on ART (antiretroviral therapy) (%),EN
TB_effective_treatment_coverage,TB_effective_treatment_coverage,Tuberculosis effective treatment coverage (%),EN
TB_e_prev_num,TB_e_prev_num,Number of prevalent tuberculosis cases,EN
TB_e_mort_exc_tbhiv_num,TB_e_mort_exc_tbhiv_num,"Number of deaths due to tuberculosis, excluding HIV",EN
TB_e_mdr_num,TB_e_mdr_num,Estimated MDR-TB cases among notified pulmonary TB cases,EN
TB_e_inc_tbhiv_num,TB_e_inc_tbhiv_num,"Number of incident tuberculosis cases,  (HIV-positive cases)",EN
TB_e_inc_tbhiv_100k,TB_e_inc_tbhiv_100k,Incidence of tuberculosis (per 100 000 population) (HIV-positive cases),EN
TB_e_inc_rr_num,TB_e_inc_rr_num,Estimated number of MDR/RR-TB incident cases,EN
TB_e_inc_num_014,TB_e_inc_num_014,Number of incident tuberculosis cases in children aged 0 - 14,EN
TB_e_inc_num,TB_e_inc_num,Number of incident tuberculosis cases,EN
TB_drs_rr_prct,TB_drs_rr_prct,Prevalence of rifampicin resistance among pulmonary TB cases.,EN
TB_conf_mdr_tx_pct,TB_conf_mdr_tx_pct,Confirmed cases of MDR-TB started treatment for MDR-TB (%),EN
TB_cc_prct_Q5,TB_cc_prct_Q5,Percentage of TB-affected households facing costs >20% of household income or expenditure due to TB among Q5 (highest) income or expenditure quantile.,EN
TB_cc_prct_Q4,TB_cc_prct_Q4,Percentage of TB-affected households facing costs >20% of household income or expenditure due to TB among Q4 income or expenditure quantile.,EN
TB_cc_prct_Q3,TB_cc_prct_Q3,Percentage of TB-affected households facing costs >20% of household income or expenditure due to TB among Q3 income or expenditure quantile.,EN
TB_cc_prct_Q2,TB_cc_prct_Q2,Percentage of TB-affected households facing costs >20% of household income or expenditure due to TB among Q2 income or expenditure quantile.,EN
TB_cc_prct_Q1,TB_cc_prct_Q1,Percentage of TB-affected households facing costs >20% of household income or expenditure due to TB among Q1 (lowest) income or expenditure quantile.,EN
TB_cc_prct_DSTB,TB_cc_prct_DSTB,Percentage of TB-affected households facing costs >20% of household income or expenditure due to DS-TB.,EN
TB_cc_prct_DRTB,TB_cc_prct_DRTB,Percentage of TB-affected households facing costs >20% of household income or expenditure due to DR-TB.,EN
TB_cc_prct,TB_cc_prct,Percentage of TB-affected households facing costs >20% of household income or expenditure due to TB.,EN
TB_c_xdr_tsr,TB_c_xdr_tsr,Treatment success rate: XDR-TB cases,EN
TB_c_tbhiv_tsr,TB_c_tbhiv_tsr,Treatment success rate: HIV-positive TB cases,EN
TB_c_ret_tsr,TB_c_ret_tsr,Treatment success rate: previously treated TB cases,EN
TB_c_notified,TB_c_notified,Total number of notified TB cases,EN
TB_c_newinc,TB_c_newinc,Tuberculosis - new and relapse cases,EN
TB_c_new_tsr,TB_c_new_tsr,Treatment success rate: new TB cases,EN
TB_c_new_snep_tsr,TB_c_new_snep_tsr,Treatment success rate for new pulmonary smear-negative and extrapulmonary tuberculosis cases,EN
TB_c_mdr_tx,TB_c_mdr_tx,Cases started on MDR-TB treatment,EN
TB_c_mdr_tsr,TB_c_mdr_tsr,Treatment success rate for patients treated for MDR-TB (%),EN
TB_c_lab_sm_100k,TB_c_lab_sm_100k,Laboratories providing tuberculosis diagnostic services using sputum smear microscopy (per 100 000 population),EN
TB_c_lab_dst_5m,TB_c_lab_dst_5m,Laboratories providing drug susceptibility testing (DST) (per 5 million population),EN
TB_c_lab_cul_5m,TB_c_lab_cul_5m,Laboratories providing tuberculosis diagnostic services using culture (per 5 million population),EN
TB_c_dst_rlt_ret_pct,TB_c_dst_rlt_ret_pct,Previously treated cases tested for RR-/MDR-TB (%),EN
TB_c_dst_rlt_new_pct,TB_c_dst_rlt_new_pct,New cases tested for RR-/MDR-TB (%),EN
TB_1,TB_1,Tuberculosis treatment coverage,EN
TAXBEV_VATSALES,TAXBEV_VATSALES,Value-added/sales tax on beverages (%),EN
TAXBEV_TOTALTAXES,TAXBEV_TOTALTAXES,Total taxes on beverages (%),EN
TAXBEV_SUGARCONTENT,TAXBEV_SUGARCONTENT,Sugar-content of beverage per 100ml,EN
TAXBEV_SUGARBASEDTIERED,TAXBEV_SUGARBASEDTIERED,"If tiered on the beverage, the tiers are sugar-content-based",EN
TAXBEV_PRICE,TAXBEV_PRICE,Beverage price,EN
TAXBEV_OTHERTAXES,TAXBEV_OTHERTAXES,Other taxes on beverages (%),EN
TAXBEV_MOSTSOLDSPIRIT,TAXBEV_MOSTSOLDSPIRIT,Most sold type of spirit,EN
TAXBEV_IMPORTDUTIES,TAXBEV_IMPORTDUTIES,Import duties on beverages (%),EN
TAXBEV_EXCISE_UNIFORMTIERED_NONALCOHOLIC,TAXBEV_EXCISE_UNIFORMTIERED_NONALCOHOLIC,Uniform or tiered excise tax system applied on non-alcoholic beverage,EN
TAXBEV_EXCISE_UNIFORMTIERED_ALCOHOLIC,TAXBEV_EXCISE_UNIFORMTIERED_ALCOHOLIC,Uniform or tiered excise tax system applied on alcoholic beverage,EN
TAXBEV_EXCISE_TYPE,TAXBEV_EXCISE_TYPE,Type of excise tax applied on beverage,EN
TAXBEV_EXCISE_AUTOADJUST,TAXBEV_EXCISE_AUTOADJUST,Automatic adjustment of specific excise on beverage,EN
TAXBEV_EXCISE_APPLIED_YN,TAXBEV_EXCISE_APPLIED_YN,Excise taxes are applied on beverages,EN
TAXBEV_EXCISE,TAXBEV_EXCISE,Excise taxes on beverages (%),EN
TAXBEV_EARMARKEDEXCISETAX,TAXBEV_EARMARKEDEXCISETAX,Use of earmarked excise tax on beverages,EN
TAXBEV_ALCOHOLSALESTATUS,TAXBEV_ALCOHOLSALESTATUS,Status of alcohol sale,EN
TAXBEV_ALCOHOLBASEDTIERED,TAXBEV_ALCOHOLBASEDTIERED,"If tiered on the beverage, the tiers are alcohol-based",EN
TAXBEV_ADVALOREMBASE,TAXBEV_ADVALOREMBASE,Base for ad valorem excise tax on beverage,EN
TAXBEV_ABV,TAXBEV_ABV,"Alcohol content in beverage in percent of volume, (alcohol by volume) (ABV %)",EN
SW_SYPHILISPREV_PERCENT,SW_SYPHILISPREV_PERCENT,Sex workers: Syphilis prevalence (percent),EN
SW_PSE_NUM,SW_PSE_NUM,Sex workers: Population size estimate (number),EN
SW_CONDOMUSE_PERCENT,SW_CONDOMUSE_PERCENT,Sex workers: Condom use (percent),EN
SUNBEDREG_TRAINING,SUNBEDREG_TRAINING,Training requirements,EN
SUNBEDREG_SAFETY,SUNBEDREG_SAFETY,Safety requirements,EN
SUNBEDREG_INFO,SUNBEDREG_INFO,Information requirements,EN
SUNBEDREG_CONTROL,SUNBEDREG_CONTROL,Restriction and inspection of facilities,EN
SUNBEDREG_ACCESS,SUNBEDREG_ACCESS,Access restrictions,EN
SUNBEDEXISTYEAR,SUNBEDEXISTYEAR,Year of national implementation of regulation,EN
SUNBEDEXISTSUBNATIONAL,SUNBEDEXISTSUBNATIONAL,Existence of subnational regulation,EN
SUNBEDEXIST,SUNBEDEXIST,Existence of national regulation,EN
SUD_TREATMENTSERVICES_COVERAGE,SUD_TREATMENTSERVICES_COVERAGE,Contact coverage of treatment services for substance use disorders (%),EN
SUD_SERVICECAPACITYINDEX,SUD_SERVICECAPACITYINDEX,Service Capacity Index for Substance Use Disorders (SCI-SUD),EN
stunt5,stunt5,Stunting prevalence in children aged < 5 years (%),EN
stunt3,stunt3,Stunting prevalence in children aged < 3 years (%),EN
STI_URETHRAL_CASES_NUM,STI_URETHRAL_CASES_NUM,Reported cases of urethral discharge among men (number),EN
STI_TRICHOMONIASIS_PREVALENTCASES,STI_TRICHOMONIASIS_PREVALENTCASES,Prevalent cases of trichomoniasis in individuals (in thousands),EN
STI_TRICHOMONIASIS_PREVALENCE_PER100,STI_TRICHOMONIASIS_PREVALENCE_PER100,Prevalence of trichomoniasis in individuals (%),EN
STI_TRICHOMONIASIS_INCIDENTCASES,STI_TRICHOMONIASIS_INCIDENTCASES,Incident cases of trichomoniasis in individuals (in thousands),EN
STI_TRICHOMONIASIS_INCIDENCE_PER1000,STI_TRICHOMONIASIS_INCIDENCE_PER1000,Incident cases of trichomoniasis in individuals (per 1000),EN
STI_SYPHILIS_PREVALENTCASES,STI_SYPHILIS_PREVALENTCASES,Prevalent cases of active syphilis (in thousands),EN
STI_SYPHILIS_PREVALENCE_PER100,STI_SYPHILIS_PREVALENCE_PER100,Prevalence of active syphilis in 15-49 year olds (%),EN
STI_SYPHILIS_INCIDENTCASES,STI_SYPHILIS_INCIDENTCASES,Incident cases of active syphilis in 15-49 year olds (in thousands),EN
STI_SYPHILIS_INCIDENCE_PER1000,STI_SYPHILIS_INCIDENCE_PER1000,Incident rate of active syphilis (per 1000),EN
STI_SYPHILIS_CASES_NUM,STI_SYPHILIS_CASES_NUM,Reported cases of syphilis (number),EN
STI_GONORRHOEA_PREVALENTCASES,STI_GONORRHOEA_PREVALENTCASES,Prevalent cases of gonorrhoea in individuals (in thousands),EN
STI_GONORRHOEA_PREVALENCE_PER100,STI_GONORRHOEA_PREVALENCE_PER100,Prevalence of gonorrhoea in individuals (%),EN
STI_GONORRHOEA_INCIDENTCASES,STI_GONORRHOEA_INCIDENTCASES,Incident cases of gonorrhoea in individuals (in thousands),EN
STI_GONORRHOEA_INCIDENCE_PER1000,STI_GONORRHOEA_INCIDENCE_PER1000,Incident cases of gonorrhoea in individuals (per 1000),EN
STI_GONORRHEA_CASES_NUM,STI_GONORRHEA_CASES_NUM,Reported cases of gonorrhea (number),EN
STI_CHLAMYDIA_PREVALENTCASES,STI_CHLAMYDIA_PREVALENTCASES,Prevalent cases of chlamydia in individuals (in thousands),EN
STI_CHLAMYDIA_PREVALENCE_PER100,STI_CHLAMYDIA_PREVALENCE_PER100,Prevalence of chlamydia in individuals (%),EN
STI_CHLAMYDIA_INCIDENTCASES,STI_CHLAMYDIA_INCIDENTCASES,Incident cases of chlamydia in individuals (in thousands),EN
STI_CHLAMYDIA_INCIDENCE_PER1000,STI_CHLAMYDIA_INCIDENCE_PER1000,Incident cases of chlamydia in individuals (per 1000),EN
STI_CHLAMYDIA_CASES_NUM,STI_CHLAMYDIA_CASES_NUM,Reported cases of chlamydia (number),EN
SRHINSTITUTIONALBIRTH,SRHINSTITUTIONALBIRTH,Proportion of births delivered in a health facility (Facility births) (%),EN
SRH_PREGNANCY_UNINTENDED_RATE,SRH_PREGNANCY_UNINTENDED_RATE,Unintended pregnancy rate (model-estimated),EN
SRH_ABORTION_RATE,SRH_ABORTION_RATE,Abortion rate (model-estimated),EN
SP_DYN_MRBF18,SP_DYN_MRBF18,Proportion of women aged 20-24 years who were married or in a union by age 18 (%),EN
SP_DYN_MRBF15,SP_DYN_MRBF15,Proportion of women aged 20-24 years who were married or in a union by age 15 (%),EN
SI_POV_EMP1,SI_POV_EMP1,Employed population below the international poverty line of US$1.90 per day (the working poor) (%),EN
SI_POV_DAY1,SI_POV_DAY1,Proportion of population below the international poverty line of US$1.90 per day (%),EN
SHS_9,SHS_9,Second-hand smoke  attributable deaths per 100'000 children under 5 years,EN
SHS_8,SHS_8,Second-hand smoke attributable deaths ('000) in children under 5 years,EN
SHS_7,SHS_7,Second-hand smoke attributable DALYs per 100'000 capita,EN
SHS_6,SHS_6,Second-hand smoke attributable deaths per 100'000 capita,EN
SHS_5,SHS_5,Second-hand smoke attributable DALYs ('000),EN
SHS_4,SHS_4,Second-hand smoke attributable deaths,EN
SHS_3,SHS_3,Percentage of men (15+ years) exposed to second-hand smoke,EN
SHS_2,SHS_2,Percentage of women (15+ years) exposed to second-hand smoke,EN
SHS_11,SHS_11,Second-hand smoke  attributable DALYs per 100'000 children under 5 years,EN
SHS_10,SHS_10,Second-hand smoke attributable DALYs ('000) in children under 5 years,EN
SHS_1,SHS_1,Percentage of children under 15 years exposed to second-hand smoke,EN
SH_STA_FGMS,SH_STA_FGMS,Proportion of girls and women aged 15-49 years who have undergone female genital mutilation/cutting (FMG/C) (%),EN
SG_REG_CENSUSN,SG_REG_CENSUSN,Number of countries that have conducted at least one population and housing census in the last 10 years,EN
SG_REG_CENSUS,SG_REG_CENSUS,Proportion of countries that have conducted at least one population and housing census in the last 10 years (%),EN
SG_REG_BRTH,SG_REG_BRTH,Proportion of children under 5 years of age whose births have been registered with a civil authority,EN
SG_DMK_SRCR_FN_ZS,SG_DMK_SRCR_FN_ZS,"Proportion of women aged 15-49 years who make their own informed decisions regarding sexual relations, contraceptive use and reproductive health care (%)",EN
sevwast5,sevwast5,see NUTSEVWASTINGPREV,EN
SE_PRM_RDNG,SE_PRM_RDNG,Proportion of children at the end of primary achieving at least a minimum proficiency level in reading (%),EN
SE_PRM_PRSL_ZS,SE_PRM_PRSL_ZS,Persistence to last grade of primary (% of cohort),EN
SE_PRM_MATH,SE_PRM_MATH,Proportion of children at the end of primary achieving at least a minimum proficiency level in mathematics (%),EN
SE_PRE_PARTN,SE_PRE_PARTN,Participation rate in organized learning (one year before the official primary entry age) (%),EN
SE_LSC_RDNG,SE_LSC_RDNG,Proportion of children at the end of lower secondary achieving at least a minimum proficiency level in reading (%),EN
SE_LSC_MATH,SE_LSC_MATH,Proportion of children at the end of lower secondary achieving at least a minimum proficiency level in mathematics (%),EN
SE_G23_RDG,SE_G23_RDG,Proportion of children in grades 2/3 achieving at least a minimum proficiency level in reading (%),EN
SE_G23_MATH,SE_G23_MATH,Proportion of children in grades 2/3 achieving at least a minimum proficiency level in mathematics (%),EN
SE_DEV_ONTRK,SE_DEV_ONTRK,"Children aged 36-59 months who are developmentally on track in at least three of the following domains: literacy-numeracy, physical development, social-emotional development and learning (%)",EN
SDGWSHBOD,SDGWSHBOD,Mortality rate attributed to exposure to unsafe WASH services (per 100 000 population) (SDG 3.9.2),EN
SDGTOBACCO,SDGTOBACCO,Age-standardized prevalence of current tobacco smoking among persons aged 15 years and older,EN
SDGSUICIDE,SDGSUICIDE,Crude suicide rates (per 100 000 population),EN
SDGSHP,SDGSHP,Skilled health professionals density (per 10 000 population),EN
SDGROADAGE,SDGROADAGE,Age-standardized road traffic  mortality (per 100 000 population),EN
SDGPOISON,SDGPOISON,Mortality rate attributed to unintentional poisoning (per 100 000 population),EN
SDGPM25,SDGPM25,Concentrations of fine particulate matter (PM2.5),EN
SDGOOP,SDGOOP,Out-of-pocket expenditure as a percentage of total expenditure on health,EN
SDGODAWS,SDGODAWS,Amount of water- and sanitation-related official development assistance that is part of a government-coordinated spending plan (constant 2023 US$ millions),EN
SDGODA02,SDGODA02,"Official development assistance for medical research and basic health sectors as a percentage of GNI (%), by donor country",EN
SDGODA01,SDGODA01,"Total net official development assistance to medical research and basic health sectors per capita (US$), by recipient country",EN
SDGODA,SDGODA,"Total net official development assistance to medical research and basic health sectors per capita (constant 2014 US$), by recipient",EN
SDGNTDTREATMENT,SDGNTDTREATMENT,Reported number of people requiring interventions against NTDs,EN
SDGMALARIA,SDGMALARIA,Malaria incidence (per 1 000 population at risk),EN
SDGIPVLT,SDGIPVLT,Proportion of ever-partnered women and girls aged 15–49 years subjected to physical and/or sexual violence by a current or former intimate partner in their lifetime,EN
SDGIPV12M,SDGIPV12M,Proportion of ever-partnered women and girls aged 15–49 years subjected to physical and/or sexual violence by a current or former intimate partner in the previous 12 months,EN
SDGIPV,SDGIPV,Proportion of ever-partnered women and girls aged 15-49 years subjected to physical and/or sexual violence by a current or former intimate partner in the previous 12 months,EN
SDGIHR2021,SDGIHR2021,"Average of 15 International Health Regulations core capacity scores, SPAR version, 2nd edition",EN
SDGIHR2018,SDGIHR2018,"Average of 13 International Health Regulations core capacity scores, SPAR version, 1st edition",EN
SDGIHR,SDGIHR,Average of 13 International Health Regulations core capacity scores,EN
SDGHPVRECEIVED,SDGHPVRECEIVED,HPV immunization coverage estimates among primary target cohort (9-14 years old girls) (%),EN
SDGHIV1524,SDGHIV1524,New HIV infections among adults 15-24 years old (per 1000 uninfected population),EN
SDGHIV,SDGHIV,New HIV infections (per 1000 uninfected population),EN
SDGHEPHBSAGPRV,SDGHEPHBSAGPRV,Hepatitis B surface antigen (HBsAg) prevalence (%),EN
SDGHEALTHFACILITIESESSENTIALMEDS,SDGHEALTHFACILITIESESSENTIALMEDS,Proportion of health facilities with a core set of relevant essential medicines available and affordable on a sustainable basis,EN
SDGFPALL,SDGFPALL,Women of reproductive age (aged 15-49 years) who have their need for family planning satisfied with modern methods (%),EN
SDGDISASTER,SDGDISASTER,Average death rate due to natural disasters (per 100 000 population),EN
SDGCONFLICT,SDGCONFLICT,Estimated direct deaths from major conflicts (per 100 000 population),EN
SDGCODCOMPLETENESS,SDGCODCOMPLETENESS,Completeness of cause-of-death data (%),EN
SDGAIRBODA,SDGAIRBODA,"Ambient and household air pollution attributable death rate (per 100 000 population, age-standardized)",EN
SDGAIRBOD,SDGAIRBOD,Ambient and household air pollution attributable death rate (per 100 000 population),EN
SDG_SH_STA_SCIDEN,SDG_SH_STA_SCIDEN,Number of suicide deaths,EN
SDG_SH_DTH_RNCOM,SDG_SH_DTH_RNCOM,"Number of deaths attributed to non-communicable diseases, by type of disease and sex",EN
SCSUD_STSPROGRESS,SCSUD_STSPROGRESS,"Substance use disorders service coverage, specialized treatment services progress",EN
SCSUD_STS,SCSUD_STS,"Substance use disorders service coverage, specialized treatment services",EN
SCSUD_SBIPROGRESS,SCSUD_SBIPROGRESS,"Substance use disorders service coverage, screening and brief interventions progress",EN
SCSUD_SBI,SCSUD_SBI,"Substance use disorders service coverage, screening and brief interventions",EN
SCSUD_REHABPROGRESS,SCSUD_REHABPROGRESS,"Substance use disorders service coverage, rehabilitation programmes progress",EN
SCSUD_REHAB,SCSUD_REHAB,"Substance use disorders service coverage, rehabilitation programmes",EN
SCSUD_PSYCHPROGRESS,SCSUD_PSYCHPROGRESS,"Substance use disorders service coverage, psychosocial treatment services progress",EN
SCSUD_PSYCH,SCSUD_PSYCH,"Substance use disorders service coverage, psychosocial treatment services",EN
SCSUD_PHARMPROGRESS,SCSUD_PHARMPROGRESS,"Substance use disorders service coverage, pharmacological treatment services progress",EN
SCSUD_PHARM,SCSUD_PHARM,"Substance use disorders service coverage, pharmacological treatment services",EN
SCSUD_NSSPROGRESS,SCSUD_NSSPROGRESS,"Substance use disorders service coverage, non-structured services progress",EN
SCSUD_NSS,SCSUD_NSS,"Substance use disorders service coverage, non-structured services",EN
SCSUD_MEDREG,SCSUD_MEDREG,"Substance use disorders service coverage, medicine registered in the country",EN
SCSUD_MEDPUBLIC,SCSUD_MEDPUBLIC,"Substance use disorders service coverage, medicine provided for free in public health care",EN
SCSUD_MEDNUM,SCSUD_MEDNUM,"Substance use disorders service coverage, medicine quantitative data on the number of prescriptions/sales is available",EN
SCSUD_MEDNTG,SCSUD_MEDNTG,"Substance use disorders service coverage, medicine included into official manual/ national treatment guidelines",EN
SCSUD_MEDDF,SCSUD_MEDDF,"Substance use disorders service coverage, medicine included in drug formulary",EN
SCSUD_MEDBIS,SCSUD_MEDBIS,"Substance use disorders service coverage, medicine included in basic insurance package",EN
SCSUD_MEDACCESSPROGRESS,SCSUD_MEDACCESSPROGRESS,"Substance use disorders service coverage, access to medicine progress",EN
SCSUD_HWFSUPPORT,SCSUD_HWFSUPPORT,"Substance use disorders service coverage, system of ongoing support for health workforce",EN
SCSUD_HWFPROGRESS,SCSUD_HWFPROGRESS,"Substance use disorders service coverage, health workforce progress",EN
SCSUD_HWFDEV,SCSUD_HWFDEV,"Substance use disorders service coverage, health workforce access to professional development and education",EN
SCSUD_HWFAVAILABILITY,SCSUD_HWFAVAILABILITY,"Substance use disorders service coverage, availability and quantity of specialized human workforce",EN
SCSUD_HEALTHINFOPROGRESS,SCSUD_HEALTHINFOPROGRESS,"Substance use disorders service coverage, health information system progress",EN
SCSUD_GOVPROGRESS,SCSUD_GOVPROGRESS,"Substance use disorders service coverage, governance progress",EN
SCSUD_GOVPAL,SCSUD_GOVPAL,"Substance use disorders service coverage, availability of policy, action plan and legislation",EN
SCSUD_GOVGUIDELINES,SCSUD_GOVGUIDELINES,"Substance use disorders service coverage, national guidelines",EN
SCSUD_FINANCINGSUPPORT,SCSUD_FINANCINGSUPPORT,"Substance use disorders service coverage, information on governmental support available",EN
SCSUD_FINANCINGPROGRESS,SCSUD_FINANCINGPROGRESS,"Substance use disorders service coverage, financing progress",EN
SCSUD_FINANCINGEXP,SCSUD_FINANCINGEXP,"Substance use disorders service coverage, information on governmental expenditures",EN
SCSUD_DATASERVUTIL,SCSUD_DATASERVUTIL,"Substance use disorders service coverage, data on service utilization",EN
SCSUD_DATASERVPROV,SCSUD_DATASERVPROV,"Substance use disorders service coverage, data on service provision",EN
SCSUD_DATAPREV,SCSUD_DATAPREV,"Substance use disorders service coverage, data on prevalence of substance use/ substance use disorders",EN
sba5,sba5,Births attended by skilled health personnel (in the five years preceding the survey) (%),EN
sba,sba,Births attended by skilled health personnel (in the two or three years preceding the survey) (%),EN
SA_0000001845,SA_0000001845,"Average daily intake in grams of alcohol, population (15+)",EN
SA_0000001844,SA_0000001844,"Alcohol-attributable all-cause deaths (all ages), (number)",EN
SA_0000001843,SA_0000001843,"Alcohol-attributable DALYs lost from all causes (all ages), (number)",EN
SA_0000001842,SA_0000001842,"Alcohol, 15-19 years heavy continuous drinkers, drinkers only, past year (%)",EN
SA_0000001841,SA_0000001841,"Alcohol, 15-19 years heavy continuous drinkers past year (%)",EN
SA_0000001840,SA_0000001840,"Alcohol, heavy continuous drinkers, drinkers only, past year (%)",EN
SA_0000001839,SA_0000001839,"Alcohol, heavy continuous drinkers past year (%)",EN
SA_0000001838,SA_0000001838,Alcohol-related cardiomyopathy deaths (% of all cardiomyopathy deaths),EN
SA_0000001837,SA_0000001837,"Alcohol poisoning deaths, per 100,000 population",EN
SA_0000001836,SA_0000001836,Alcohol-related road traffic deaths (% of all road traffic deaths),EN
SA_0000001835,SA_0000001835,"Alcohol-related road traffic deaths, per 100,000 population",EN
SA_0000001834,SA_0000001834,Percent of all DALYs attributable to alcohol,EN
SA_0000001833,SA_0000001833,"Alcohol-attributable DALYs per 100,000 people (age standardized)",EN
SA_0000001832,SA_0000001832,"Alcohol-attributable all-cause deaths per 100,000, age standardized",EN
SA_0000001831,SA_0000001831,Average price 500 mls Spirits in US$,EN
SA_0000001830,SA_0000001830,Average price 750 mls Wine in US$,EN
SA_0000001829,SA_0000001829,Average price 500 mls Beer in US$,EN
SA_0000001828_AA,SA_0000001828_AA,"Regional prevalence, alcohol-attributable DALYs, (%)",EN
SA_0000001828,SA_0000001828,"Regional prevalence, AAFs ,all-cause deaths (%)",EN
SA_0000001827,SA_0000001827,"Regional prevalence, AAFs (15+), cancer",EN
SA_0000001826,SA_0000001826,"Regional prevalence, AAFs (15+), road traffic crash deaths (%)",EN
SA_0000001825,SA_0000001825,"Regional prevalence, AAFs (15+), liver cirrhosis deaths (%)",EN
SA_0000001824,SA_0000001824,"Alcohol, regional alcohol per capita (15+) consumption (in litres of pure alcohol)",EN
SA_0000001823_ARCHIVED,SA_0000001823_ARCHIVED,"Alcohol, tourist consumption (in litres of pure alcohol)",EN
SA_0000001823,SA_0000001823,"Alcohol, tourist consumption (in litres of pure alcohol), three-year average",EN
SA_0000001822_ARCHIVED,SA_0000001822_ARCHIVED,"Alcohol, total per capita (15+) consumption (in litres of pure alcohol) with 95%CI",EN
SA_0000001822,SA_0000001822,"Alcohol, total per capita (15+) consumption (in litres of pure alcohol) with 95%CI",EN
SA_0000001821_ARCHIVED,SA_0000001821_ARCHIVED,"Alcohol, unrecorded per capita (15+) consumption (in litres of pure alcohol) with 95%CI",EN
SA_0000001821,SA_0000001821,"Alcohol, unrecorded per capita (15+) consumption (in litres of pure alcohol), three-year average",EN
SA_0000001820,SA_0000001820,"Heavy episodic drinking (youth 15 -19 years), drinkers only, past 30 days (%)",EN
SA_0000001819,SA_0000001819,Heavy episodic drinking (youth 15 -19 years) past 30 days (%),EN
SA_0000001818,SA_0000001818,"Alcohol, total  (recorded + unrecorded) per capita (15+) consumption, projections",EN
SA_0000001817,SA_0000001817,Tax incentives for production of other alcoholic beverages,EN
SA_0000001816,SA_0000001816,Tax incentives for production low/no alcohol content beer,EN
SA_0000001815,SA_0000001815,Ethanol tax deducted from excise tax,EN
SA_0000001814,SA_0000001814,Taxation of ethanol production,EN
SA_0000001813,SA_0000001813,National organization for monitoring alcohol,EN
SA_0000001812,SA_0000001812,Report with data from health services on alcohol use and AUDs,EN
SA_0000001811,SA_0000001811,Report with epidemiological data on lcohol use and AUDs,EN
SA_0000001810,SA_0000001810,National system of data collection based on health service delivery,EN
SA_0000001809,SA_0000001809,National system of epidemiological data collection for alcohol use,EN
SA_0000001808,SA_0000001808,"Alcohol-attributable fractions (15+), cancer deaths",EN
SA_0000001807_AA,SA_0000001807_AA,"Cancer, alcohol-attributable, age-standardized death rates, per 100,000 population",EN
SA_0000001807,SA_0000001807,"Cancer, age-standardized death rates (15+), per 100,000 population",EN
SA_0000001806,SA_0000001806,Legal requirement for size of health warning labels,EN
SA_0000001805,SA_0000001805,Health warning labels on drink-driving,EN
SA_0000001804,SA_0000001804,Health warning labels on under-age drinking,EN
SA_0000001803,SA_0000001803,Health warning labels on pregnancy,EN
SA_0000001802,SA_0000001802,Monopoly on wholesale /distribution of alcoholic beverages,EN
SA_0000001801,SA_0000001801,Monopoly on imports of alcoholic beverages,EN
SA_0000001800,SA_0000001800,Monopoly on exports of alcoholic beverages,EN
SA_0000001799,SA_0000001799,"Licenses issued for wholesale/distribution, change since 2010",EN
SA_0000001798,SA_0000001798,"Licenses issued for retail sale, change since 2010",EN
SA_0000001797,SA_0000001797,"Licenses issued for production, change since 2010",EN
SA_0000001796,SA_0000001796,Licensing required for wholesale/distribution of alcoholic beverages,EN
SA_0000001795,SA_0000001795,Licensing required for imports of alcoholic beverages,EN
SA_0000001794,SA_0000001794,Licensing required for exports of alcoholic beverages,EN
SA_0000001793,SA_0000001793,"Penalties for drink driving, repeated offense",EN
SA_0000001792,SA_0000001792,National legislation to prevent illegal alcohol sales,EN
SA_0000001791,SA_0000001791,Graduated licensing,EN
SA_0000001790,SA_0000001790,National drinking guidelines,EN
SA_0000001789_ARCHIVED,SA_0000001789_ARCHIVED,Alcohol-related crimes (% of all crimes),EN
SA_0000001789,SA_0000001789,Alcohol-related crimes (% of all crimes),EN
SA_0000001788_ARCHIVED,SA_0000001788_ARCHIVED,"Alcohol-related road traffic crashes with fatalities, per 100,000  population",EN
SA_0000001788,SA_0000001788,"Alcohol-related road traffic crashes with fatalities, per 100,000  population",EN
SA_0000001787_ARCHIVED,SA_0000001787_ARCHIVED,"13-15-years old first drink before age 14, (%)",EN
SA_0000001787,SA_0000001787,"13-15-years old first drink before age 14, (%)",EN
SA_0000001786_ARCHIVED,SA_0000001786_ARCHIVED,"13-15-years old any alcoholic beverage consumed in past 30 days, (%)",EN
SA_0000001786,SA_0000001786,"13-15-years old any alcoholic beverage consumed in past 30 days, (%)",EN
SA_0000001784_ARCHIVED,SA_0000001784_ARCHIVED,"15-years old, any alcoholic beverage consumed at least once a week, (%)",EN
SA_0000001784,SA_0000001784,"15-years old, any alcoholic beverage consumed at least once a week, (%)",EN
SA_0000001783_ARCHIVED,SA_0000001783_ARCHIVED,"15-years old any alcoholic beverage consumed in past 30 days, (%)",EN
SA_0000001783,SA_0000001783,"15-years old any alcoholic beverage consumed in past 30 days, (%)",EN
SA_0000001782_ARCHIVED,SA_0000001782_ARCHIVED,"15-years old first drink at 13 years or younger, (%)",EN
SA_0000001782,SA_0000001782,"15-years old first drink at 13 years or younger, (%)",EN
SA_0000001781_ARCHIVED,SA_0000001781_ARCHIVED,"15-years old any alcoholic beverage consumed in past 12 months, (%)",EN
SA_0000001781,SA_0000001781,"15-years old any alcoholic beverage consumed in past 12 months, (%)",EN
SA_0000001779,SA_0000001779,Level of enforcement of BAC limits,EN
SA_0000001777_ARCHIVED,SA_0000001777_ARCHIVED,Data collected on harm from alcohol at workplace,EN
SA_0000001777,SA_0000001777,Data collected on harm from alcohol at workplace,EN
SA_0000001776_ARCHIVED,SA_0000001776_ARCHIVED,Data collection on Foetal Alcohol Syndome,EN
SA_0000001776,SA_0000001776,Data collection on Foetal Alcohol Syndome,EN
SA_0000001775_ARCHIVED,SA_0000001775_ARCHIVED,National surveys on heavy espisodic drinking,EN
SA_0000001775,SA_0000001775,National surveys on heavy espisodic drinking,EN
SA_0000001774_ARCHIVED,SA_0000001774_ARCHIVED,National surveys on youth alcohol consumption,EN
SA_0000001774,SA_0000001774,National surveys on youth alcohol consumption,EN
SA_0000001773_ARCHIVED,SA_0000001773_ARCHIVED,National surveys on adult alcohol consumption,EN
SA_0000001773,SA_0000001773,National surveys on adult alcohol consumption,EN
SA_0000001772_ARCHIVED,SA_0000001772_ARCHIVED,Clinical guidelines for brief interventions,EN
SA_0000001772,SA_0000001772,Clinical guidelines for brief interventions,EN
SA_0000001771_ARCHIVED,SA_0000001771_ARCHIVED,Comprehensive and regular reporting of alcohol situation,EN
SA_0000001771,SA_0000001771,Comprehensive and regular reporting of alcohol situation,EN
SA_0000001770_ARCHIVED,SA_0000001770_ARCHIVED,Regular reports from national monitoring systems,EN
SA_0000001770,SA_0000001770,Regular reports from national monitoring systems,EN
SA_0000001769_ARCHIVED,SA_0000001769_ARCHIVED,National systems for monitoring alcohol consumption and harms,EN
SA_0000001769,SA_0000001769,National systems for monitoring alcohol consumption and harms,EN
SA_0000001768_ARCHIVED,SA_0000001768_ARCHIVED,Standard drink defined,EN
SA_0000001768,SA_0000001768,Standard drink defined,EN
SA_0000001767_ARCHIVED,SA_0000001767_ARCHIVED,Legislation on alcohol testing at workplaces,EN
SA_0000001767,SA_0000001767,Legislation on alcohol testing at workplaces,EN
SA_0000001766_ARCHIVED,SA_0000001766_ARCHIVED,Legal obligation for schools to interact with parents regarding education and well-being,EN
SA_0000001766,SA_0000001766,Legal obligation for schools to interact with parents regarding education and well-being,EN
SA_0000001765_ARCHIVED,SA_0000001765_ARCHIVED,Legal obligation for schools to include alcohol use prevention,EN
SA_0000001765,SA_0000001765,Legal obligation for schools to include alcohol use prevention,EN
SA_0000001764_ARCHIVED,SA_0000001764_ARCHIVED,Server training,EN
SA_0000001764,SA_0000001764,Server training,EN
SA_0000001763_ARCHIVED,SA_0000001763_ARCHIVED,Workplace representatives nationally involved to prevent and address alcohol-related harm,EN
SA_0000001763,SA_0000001763,Workplace representatives nationally involved to prevent and address alcohol-related harm,EN
SA_0000001762_ARCHIVED,SA_0000001762_ARCHIVED,National guidelines for alcohol problem prevention and counselling at workplaces,EN
SA_0000001762,SA_0000001762,National guidelines for alcohol problem prevention and counselling at workplaces,EN
SA_0000001761_ARCHIVED,SA_0000001761_ARCHIVED,National guidelines for the prevention and reduction of alcohol-related harm in schools,EN
SA_0000001761,SA_0000001761,National guidelines for the prevention and reduction of alcohol-related harm in schools,EN
SA_0000001760_ARCHIVED,SA_0000001760_ARCHIVED,15-19 years old total alcohol consumption in litres of pure alcohol,EN
SA_0000001760,SA_0000001760,15-19 years old total alcohol consumption in litres of pure alcohol,EN
SA_0000001759_ARCHIVED,SA_0000001759_ARCHIVED,"15-19 years old, current drinkers (%)",EN
SA_0000001759,SA_0000001759,"15-19 years old, current drinkers (%)",EN
SA_0000001758_ARCHIVED,SA_0000001758_ARCHIVED,15-19 years old former drinkers (%),EN
SA_0000001758,SA_0000001758,15-19 years old former drinkers (%),EN
SA_0000001757_ARCHIVED,SA_0000001757_ARCHIVED,"15-19 years old abstainers, lifetime (%)",EN
SA_0000001757,SA_0000001757,"15-19 years old abstainers, lifetime (%)",EN
SA_0000001756_ARCHIVED,SA_0000001756_ARCHIVED,"15-19 years old heavy episodic drinkers (drinkers only), %",EN
SA_0000001756,SA_0000001756,"15-19 years old heavy episodic drinkers (drinkers only), %",EN
SA_0000001755_ARCHIVED,SA_0000001755_ARCHIVED,"15-19 years old heavy episodic drinkers (population), % with 95%CI",EN
SA_0000001755,SA_0000001755,"15-19 years old heavy episodic drinkers (population), % with 95%CI",EN
SA_0000001754_ARCHIVED,SA_0000001754_ARCHIVED,"Alcohol, harmful use (15+), 12 month prevalence (%) with 95%CI",EN
SA_0000001754,SA_0000001754,"Alcohol, harmful use (15+), 12 month prevalence (%) with 95%CI",EN
SA_0000001753_ARCHIVED,SA_0000001753_ARCHIVED,"Alcohol use disorders (15+), 12 month prevalence (%), age standardized, with 95%CI",EN
SA_0000001752_ARCHIVED,SA_0000001752_ARCHIVED,"Alcohol, total (recorded + unrecorded) per capita (15+) consumption, projected estimates for 2016",EN
SA_0000001752,SA_0000001752,"Alcohol, total (recorded + unrecorded) per capita (15+) consumption, projected estimates for 2016",EN
SA_0000001751_ARCHIVED,SA_0000001751_ARCHIVED,"Alcohol, average daily intake in grams among drinkers with 95%CI",EN
SA_0000001751,SA_0000001751,"Alcohol, average daily intake in grams among drinkers, three-year average",EN
SA_0000001749_ARCHIVED,SA_0000001749_ARCHIVED,"Alcohol, total (recorded 3 year average + unrecorded) per capita (15+) consumption (in litres of pure alcohol) with 95%CI",EN
SA_0000001749,SA_0000001749,"Alcohol, total (recorded 3 year average + unrecorded) per capita (15+) consumption (in litres of pure alcohol) with 95%CI",EN
SA_0000001748_ARCHIVED,SA_0000001748_ARCHIVED,"Alcohol, unrecorded per capita (15+) consumption (in litres of pure alcohol) with 95%CI",EN
SA_0000001748,SA_0000001748,"Alcohol, unrecorded per capita (15+) consumption (in litres of pure alcohol) with 95%CI",EN
SA_0000001747_ARCHIVED,SA_0000001747_ARCHIVED,"Alcohol, recorded per capita (15+) consumption (in litres of pure alcohol), three-year average with 95%CI",EN
SA_0000001747,SA_0000001747,"Alcohol, recorded per capita (15+) consumption (in litres of pure alcohol), three-year average",EN
SA_0000001746_ARCHIVED,SA_0000001746_ARCHIVED,"Alcohol, total  (recorded + unrecorded) per capita (15+) consumption with 95%CI, projections to 2025",EN
SA_0000001746,SA_0000001746,"Alcohol, total  (recorded + unrecorded) per capita (15+) consumption with 95%CI, projections to 2025",EN
SA_0000001745_ARCHIVED,SA_0000001745_ARCHIVED,"Alcohol, regional prevalence of alcohol use disorders (%)",EN
SA_0000001745,SA_0000001745,"Alcohol, regional prevalence of alcohol use disorders (%)",EN
SA_0000001744_ARCHIVED,SA_0000001744_ARCHIVED,"Alcohol, regional prevalence of alcohol dependence (%)",EN
SA_0000001744,SA_0000001744,"Alcohol, regional prevalence of alcohol dependence (%)",EN
SA_0000001743_ARCHIVED,SA_0000001743_ARCHIVED,"Alcohol-attributable fractions, all-cause deaths (%)",EN
SA_0000001743,SA_0000001743,"Alcohol-attributable fractions, all-cause deaths (%)",EN
SA_0000001742_ARCHIVED,SA_0000001742_ARCHIVED,"Alcohol-attributable fractions (15+), road traffic crash deaths (%)",EN
SA_0000001742,SA_0000001742,"Alcohol-attributable fractions (15+), road traffic crash deaths (%)",EN
SA_0000001741_ARCHIVED,SA_0000001741_ARCHIVED,"Alcohol-attributable fractions (15+), liver cirrhosis deaths (%)",EN
SA_0000001741,SA_0000001741,"Alcohol-attributable fractions (15+), liver cirrhosis deaths (%)",EN
SA_0000001740_ARCHIVED,SA_0000001740_ARCHIVED,Alcohol-attributable Years of Life Lost (YLL) score,EN
SA_0000001740,SA_0000001740,Alcohol-attributable Years of Life Lost (YLL) score,EN
SA_0000001739_ARCHIVED,SA_0000001739_ARCHIVED,"Alcohol, heavy episodic drinking (15+) past 30 days (%), age-standardized with 95%CI",EN
SA_0000001739,SA_0000001739,"Alcohol, heavy episodic drinking (15+) past 30 days (%), age-standardized",EN
SA_0000001737_ARCHIVED,SA_0000001737_ARCHIVED,"Alcohol, regional per capita (15+) consumption (in litres of pure alcohol)",EN
SA_0000001737,SA_0000001737,"Alcohol, regional per capita (15+) consumption (in litres of pure alcohol)",EN
SA_0000001736_ARCHIVED,SA_0000001736_ARCHIVED,Action Plan for implementation of alcohol policy,EN
SA_0000001736,SA_0000001736,Action Plan for implementation of alcohol policy,EN
SA_0000001735_ARCHIVED,SA_0000001735_ARCHIVED,Alcohol content displayed on containers,EN
SA_0000001735,SA_0000001735,Alcohol content displayed on containers,EN
SA_0000001734_ARCHIVED,SA_0000001734_ARCHIVED,Number of standard alcoholic drinks displayed on containers,EN
SA_0000001734,SA_0000001734,Number of standard alcoholic drinks displayed on containers,EN
SA_0000001733_ARCHIVED,SA_0000001733_ARCHIVED,"Consumer information about calories, additives, etc on containers",EN
SA_0000001733,SA_0000001733,"Consumer information about calories, additives, etc on containers",EN
SA_0000001732_ARCHIVED,SA_0000001732_ARCHIVED,New types of alcoholic beverages emerging,EN
SA_0000001732,SA_0000001732,New types of alcoholic beverages emerging,EN
SA_0000001731_ARCHIVED,SA_0000001731_ARCHIVED,Level of taxation adjusted for inflation,EN
SA_0000001731,SA_0000001731,Level of taxation adjusted for inflation,EN
SA_0000001730_ARCHIVED,SA_0000001730_ARCHIVED,Price measures,EN
SA_0000001730,SA_0000001730,Price measures,EN
SA_0000001729_ARCHIVED,SA_0000001729_ARCHIVED,Penalties for marketing infringements,EN
SA_0000001729,SA_0000001729,Penalties for marketing infringements,EN
SA_0000001728_ARCHIVED,SA_0000001728_ARCHIVED,Detection of marketing infringements,EN
SA_0000001728,SA_0000001728,Detection of marketing infringements,EN
SA_0000001727_ARCHIVED,SA_0000001727_ARCHIVED,Sobriety checkpoints,EN
SA_0000001727,SA_0000001727,Sobriety checkpoints,EN
SA_0000001726_ARCHIVED,SA_0000001726_ARCHIVED,Penalties for drink driving,EN
SA_0000001726,SA_0000001726,Penalties for drink driving,EN
SA_0000001725_ARCHIVED,SA_0000001725_ARCHIVED,National alcohol policy specifically involves young people activities,EN
SA_0000001725,SA_0000001725,National alcohol policy specifically involves young people activities,EN
SA_0000001724_ARCHIVED,SA_0000001724_ARCHIVED,National guidelines for implementing effective community-based interventions,EN
SA_0000001724,SA_0000001724,National guidelines for implementing effective community-based interventions,EN
SA_0000001723_ARCHIVED,SA_0000001723_ARCHIVED,Community-based interventions involving stakeholders,EN
SA_0000001723,SA_0000001723,Community-based interventions involving stakeholders,EN
SA_0000001722_ARCHIVED,SA_0000001722_ARCHIVED,Government support for community action,EN
SA_0000001722,SA_0000001722,Government support for community action,EN
SA_0000001721_ARCHIVED,SA_0000001721_ARCHIVED,Importance of measures for enhancing compliance with age limits,EN
SA_0000001721,SA_0000001721,Importance of measures for enhancing compliance with age limits,EN
SA_0000001720_ARCHIVED,SA_0000001720_ARCHIVED,Restrictions on product placement in films/movies,EN
SA_0000001720,SA_0000001720,Restrictions on product placement in films/movies,EN
SA_0000001719_ARCHIVED,SA_0000001719_ARCHIVED,Advertising restrictions on social media,EN
SA_0000001719,SA_0000001719,Advertising restrictions on social media,EN
SA_0000001717,SA_0000001717,Prevention/counselling at workplaces for those with alcohol problems,EN
SA_0000001716,SA_0000001716,Counselling to pregnant women with alcohol problems,EN
SA_0000001715,SA_0000001715,Counselling to children in families with alcohol problems,EN
SA_0000001714,SA_0000001714,Training in screening and brief interventions for alcohol problems,EN
SA_0000001713,SA_0000001713,Interventions/projects actively involving young people and civil society,EN
SA_0000001712,SA_0000001712,Community-based interventions/projects involving stakeholders,EN
SA_0000001711,SA_0000001711,"Public funds designated for alcohol research/monitoring programmes, in Euros",EN
SA_0000001710,SA_0000001710,Public-funded alcohol research/monitoring programmes,EN
SA_0000001709,SA_0000001709,National surveys on drink-driving,EN
SA_0000001708,SA_0000001708,Designation of alcohol tax revenues to health services,EN
SA_0000001707,SA_0000001707,Persons with alcohol use disorders receiving treatment (%),EN
SA_0000001706,SA_0000001706,National treatment policy for alcohol use disorders,EN
SA_0000001705,SA_0000001705,System for monitoring alcohol-related harm,EN
SA_0000001704,SA_0000001704,Data collection on alcohol-related health indicators,EN
SA_0000001703,SA_0000001703,Server training on a regular basis,EN
SA_0000001702,SA_0000001702,Brief interventions as health promotion/disease prevention,EN
SA_0000001701,SA_0000001701,Educational programmes involving target groups in school curriculum,EN
SA_0000001700,SA_0000001700,Consumer information on alcohol and health at points of sale,EN
SA_0000001699_ARCHIVED,SA_0000001699_ARCHIVED,Age limits off-premise sales,EN
SA_0000001699,SA_0000001699,Age limits off-premise sales,EN
SA_0000001698_ARCHIVED,SA_0000001698_ARCHIVED,"Adopted written national policy on alcohol, year revised",EN
SA_0000001698,SA_0000001698,"Adopted written national policy on alcohol, year revised",EN
SA_0000001697_ARCHIVED,SA_0000001697_ARCHIVED,"Adopted written national policy on alcohol, year adopted",EN
SA_0000001697,SA_0000001697,"Adopted written national policy on alcohol, year adopted",EN
SA_0000001696_ARCHIVED,SA_0000001696_ARCHIVED,Alcohol-related road traffic crashes with fatalities (% of all road traffic crashes with fatalities),EN
SA_0000001696,SA_0000001696,Alcohol-related road traffic crashes with fatalities (% of all road traffic crashes with fatalities),EN
SA_0000001695_ARCHIVED,SA_0000001695_ARCHIVED,"Cautions and arrests for public drunkenness, per 100,000 population",EN
SA_0000001695,SA_0000001695,"Cautions and arrests for public drunkenness, per 100,000 population",EN
SA_0000001694_ARCHIVED,SA_0000001694_ARCHIVED,Sectors represented in national alcohol policy,EN
SA_0000001694,SA_0000001694,Sectors represented in national alcohol policy,EN
SA_0000001693_ARCHIVED,SA_0000001693_ARCHIVED,Level of adoption of national alcohol policy,EN
SA_0000001693,SA_0000001693,Level of adoption of national alcohol policy,EN
SA_0000001692_ARCHIVED,SA_0000001692_ARCHIVED,Framework of national alcohol policy,EN
SA_0000001692,SA_0000001692,Framework of national alcohol policy,EN
SA_0000001691_ARCHIVED,SA_0000001691_ARCHIVED,Central coordinating entity for alcohol policy implementation,EN
SA_0000001691,SA_0000001691,Central coordinating entity for alcohol policy implementation,EN
SA_0000001690,SA_0000001690,"Age-standardized death rates, cerebrovascular disease, per 100,000",EN
SA_0000001689,SA_0000001689,"Age-standardized DALYs, cerebrovascular disease, per 100,000",EN
SA_0000001688_ARCHIVED,SA_0000001688_ARCHIVED,Total (recorded+unrecorded) alcohol per capita (15+) consumption,EN
SA_0000001688,SA_0000001688,"Alcohol, total per capita (15+) consumption (in litres of pure alcohol) (SDG Indicator 3.5.2), three-year average",EN
SA_0000001687,SA_0000001687,Exports of spirits in 1000s hectolitres,EN
SA_0000001686,SA_0000001686,Exports of wine (grape) in 1000s hectolitres,EN
SA_0000001685,SA_0000001685,Sales of spirits in 1000s hectolitres,EN
SA_0000001684,SA_0000001684,Sales of wine in 1000s hectolitres,EN
SA_0000001683,SA_0000001683,Perceived trend in exports,EN
SA_0000001682,SA_0000001682,Perceived trend in sales,EN
SA_0000001681,SA_0000001681,Perceived trend in imports,EN
SA_0000001680,SA_0000001680,Perceived trend in production,EN
SA_0000001679,SA_0000001679,Exports of beer (barley) in 1000s hectolitres,EN
SA_0000001678,SA_0000001678,Sales of beer in 1000s hectolitres,EN
SA_0000001677,SA_0000001677,Imports in 1000s hectolitres,EN
SA_0000001676,SA_0000001676,Production in 1000s hectolitres,EN
SA_0000001655,SA_0000001655,Counselling,EN
SA_0000001654,SA_0000001654,"Surveys, research",EN
SA_0000001653,SA_0000001653,"Treatment, services",EN
SA_0000001652,SA_0000001652,"Interventions, projects, training",EN
SA_0000001651,SA_0000001651,Monitoring,EN
SA_0000001650_ARCHIVED,SA_0000001650_ARCHIVED,"Standard drink measures, in grams per unit",EN
SA_0000001650,SA_0000001650,"Standard drink measures, in grams per unit",EN
SA_0000001649,SA_0000001649,National drinking guidelines,EN
SA_0000001648,SA_0000001648,"Information, education, prevention",EN
SA_0000001647_ARCHIVED,SA_0000001647_ARCHIVED,Awareness activities,EN
SA_0000001647,SA_0000001647,Awareness activities,EN
SA_0000001555_ARCHIVED,SA_0000001555_ARCHIVED,Health warning labels on alcohol containers,EN
SA_0000001555,SA_0000001555,Health warning labels on alcohol containers,EN
SA_0000001554_ARCHIVED,SA_0000001554_ARCHIVED,Health warning labels on alcohol advertising,EN
SA_0000001554,SA_0000001554,Health warning labels on alcohol advertising,EN
SA_0000001553_ARCHIVED,SA_0000001553_ARCHIVED,Restrictions on alcohol use in public places,EN
SA_0000001553,SA_0000001553,Restrictions on alcohol use in public places,EN
SA_0000001551_ARCHIVED,SA_0000001551_ARCHIVED,Value-added tax (VAT) on alcohol (%),EN
SA_0000001551,SA_0000001551,Value-added tax (VAT) on alcohol (%),EN
SA_0000001550_ARCHIVED,SA_0000001550_ARCHIVED,Excise tax on alcoholic beverages,EN
SA_0000001550,SA_0000001550,Excise tax on alcoholic beverages,EN
SA_0000001549_ARCHIVED,SA_0000001549_ARCHIVED,Duty paid or excise stamp on alcohol container,EN
SA_0000001549,SA_0000001549,Duty paid or excise stamp on alcohol container,EN
SA_0000001548_ARCHIVED,SA_0000001548_ARCHIVED,Excise tax as a per cent of the total retail price for 1 litre of pure alcohol,EN
SA_0000001548,SA_0000001548,Excise tax as a per cent of the total retail price for 1 litre of pure alcohol,EN
SA_0000001547_ARCHIVED,SA_0000001547_ARCHIVED,Excise duty (average) per hectolitre in Euros,EN
SA_0000001547,SA_0000001547,Excise duty (average) per hectolitre in Euros,EN
SA_0000001546_ARCHIVED,SA_0000001546_ARCHIVED,Excise tax as a per cent of the retail price of alcoholic beverages,EN
SA_0000001546,SA_0000001546,Excise tax as a per cent of the retail price of alcoholic beverages,EN
SA_0000001545_ARCHIVED,SA_0000001545_ARCHIVED,Licence required for retail sales,EN
SA_0000001545,SA_0000001545,Licence required for retail sales,EN
SA_0000001544_ARCHIVED,SA_0000001544_ARCHIVED,Licence required for production,EN
SA_0000001544,SA_0000001544,Licence required for production,EN
SA_0000001543_ARCHIVED,SA_0000001543_ARCHIVED,Government monopoly on retail sales,EN
SA_0000001543,SA_0000001543,Government monopoly on retail sales,EN
SA_0000001542_ARCHIVED,SA_0000001542_ARCHIVED,Government monopoly on production,EN
SA_0000001542,SA_0000001542,Government monopoly on production,EN
SA_0000001541_ARCHIVED,SA_0000001541_ARCHIVED,Restrictions on sales promotion from owners of pubs and bars (alcohol for free),EN
SA_0000001541,SA_0000001541,Restrictions on sales promotion from owners of pubs and bars (alcohol for free),EN
SA_0000001540_ARCHIVED,SA_0000001540_ARCHIVED,Restrictions on sales promotion from retailers (sales below cost),EN
SA_0000001540,SA_0000001540,Restrictions on sales promotion from retailers (sales below cost),EN
SA_0000001539_ARCHIVED,SA_0000001539_ARCHIVED,"Restrictions on sales promotion from producers (parties, events)",EN
SA_0000001539,SA_0000001539,"Restrictions on sales promotion from producers (parties, events)",EN
SA_0000001538_ARCHIVED,SA_0000001538_ARCHIVED,Restrictions on sponsorship of youth events,EN
SA_0000001538,SA_0000001538,Restrictions on sponsorship of youth events,EN
SA_0000001537_ARCHIVED,SA_0000001537_ARCHIVED,Restrictions on sponsorship of sporting events,EN
SA_0000001537,SA_0000001537,Restrictions on sponsorship of sporting events,EN
SA_0000001536_ARCHIVED,SA_0000001536_ARCHIVED,On-premise sales restrictions to intoxicated persons,EN
SA_0000001536,SA_0000001536,On-premise sales restrictions to intoxicated persons,EN
SA_0000001535_ARCHIVED,SA_0000001535_ARCHIVED,On-premise sales restrictions at specific events,EN
SA_0000001535,SA_0000001535,On-premise sales restrictions at specific events,EN
SA_0000001534_ARCHIVED,SA_0000001534_ARCHIVED,On-premise sales restrictions on outlet density,EN
SA_0000001534,SA_0000001534,On-premise sales restrictions on outlet density,EN
SA_0000001533_ARCHIVED,SA_0000001533_ARCHIVED,On-premise sales restrictions on places,EN
SA_0000001533,SA_0000001533,On-premise sales restrictions on places,EN
SA_0000001532_ARCHIVED,SA_0000001532_ARCHIVED,On-premise sales restrictions on hours,EN
SA_0000001532,SA_0000001532,On-premise sales restrictions on hours,EN
SA_0000001531_ARCHIVED,SA_0000001531_ARCHIVED,On-premise sales restrictions on days,EN
SA_0000001531,SA_0000001531,On-premise sales restrictions on days,EN
SA_0000001530_ARCHIVED,SA_0000001530_ARCHIVED,Off-premise sales restrictions at petrol stations,EN
SA_0000001530,SA_0000001530,Off-premise sales restrictions at petrol stations,EN
SA_0000001529_ARCHIVED,SA_0000001529_ARCHIVED,Off-premise sales restrictions at specific events,EN
SA_0000001529,SA_0000001529,Off-premise sales restrictions at specific events,EN
SA_0000001528_ARCHIVED,SA_0000001528_ARCHIVED,Off-premise sales restrictions on outlet density,EN
SA_0000001528,SA_0000001528,Off-premise sales restrictions on outlet density,EN
SA_0000001527_ARCHIVED,SA_0000001527_ARCHIVED,Off-premise sales restrictions on places,EN
SA_0000001527,SA_0000001527,Off-premise sales restrictions on places,EN
SA_0000001526_ARCHIVED,SA_0000001526_ARCHIVED,Off-premise sales restrictions on hours,EN
SA_0000001526,SA_0000001526,Off-premise sales restrictions on hours,EN
SA_0000001525_ARCHIVED,SA_0000001525_ARCHIVED,Off-premise sales restrictions on days,EN
SA_0000001525,SA_0000001525,Off-premise sales restrictions on days,EN
SA_0000001523_ARCHIVED,SA_0000001523_ARCHIVED,"Prices for alcoholic beverages (average, US$)",EN
SA_0000001523,SA_0000001523,"Prices for alcoholic beverages (average, US$)",EN
SA_0000001521_ARCHIVED,SA_0000001521_ARCHIVED,Random breath testing (RBT) use,EN
SA_0000001521,SA_0000001521,Random breath testing (RBT) use,EN
SA_0000001520_ARCHIVED,SA_0000001520_ARCHIVED,Legal blood alcohol concentration (BAC) limits,EN
SA_0000001520,SA_0000001520,Legal blood alcohol concentration (BAC) limits,EN
SA_0000001519,SA_0000001519,Minimum legal drinking age,EN
SA_0000001518_ARCHIVED,SA_0000001518_ARCHIVED,Age limits on-premise service,EN
SA_0000001518,SA_0000001518,Age limits on-premise service,EN
SA_0000001517_ARCHIVED,SA_0000001517_ARCHIVED,Restrictions on product placement on cable television,EN
SA_0000001517,SA_0000001517,Restrictions on product placement on cable television,EN
SA_0000001516_ARCHIVED,SA_0000001516_ARCHIVED,Restrictions on product placement on national television,EN
SA_0000001516,SA_0000001516,Restrictions on product placement on national television,EN
SA_0000001515_ARCHIVED,SA_0000001515_ARCHIVED,Advertising restrictions on the internet,EN
SA_0000001515,SA_0000001515,Advertising restrictions on the internet,EN
SA_0000001514_ARCHIVED,SA_0000001514_ARCHIVED,Advertising restrictions at point-of-sale,EN
SA_0000001514,SA_0000001514,Advertising restrictions at point-of-sale,EN
SA_0000001513_ARCHIVED,SA_0000001513_ARCHIVED,Advertising restrictions on billboards,EN
SA_0000001513,SA_0000001513,Advertising restrictions on billboards,EN
SA_0000001512_ARCHIVED,SA_0000001512_ARCHIVED,Advertising restrictions at cinemas,EN
SA_0000001512,SA_0000001512,Advertising restrictions at cinemas,EN
SA_0000001511_ARCHIVED,SA_0000001511_ARCHIVED,Advertising restrictions in print media,EN
SA_0000001511,SA_0000001511,Advertising restrictions in print media,EN
SA_0000001510_ARCHIVED,SA_0000001510_ARCHIVED,Advertising restrictions on local radio,EN
SA_0000001510,SA_0000001510,Advertising restrictions on local radio,EN
SA_0000001509_ARCHIVED,SA_0000001509_ARCHIVED,Advertising restrictions on national radio,EN
SA_0000001509,SA_0000001509,Advertising restrictions on national radio,EN
SA_0000001508_ARCHIVED,SA_0000001508_ARCHIVED,Advertising restrictions on cable television,EN
SA_0000001508,SA_0000001508,Advertising restrictions on cable television,EN
SA_0000001507_ARCHIVED,SA_0000001507_ARCHIVED,Advertising restrictions on national television,EN
SA_0000001507,SA_0000001507,Advertising restrictions on national television,EN
SA_0000001506_ARCHIVED,SA_0000001506_ARCHIVED,National legislation to prevent illegal alcohol,EN
SA_0000001506,SA_0000001506,National legislation to prevent illegal alcohol,EN
SA_0000001504_ARCHIVED,SA_0000001504_ARCHIVED,Alcohol use is banned,EN
SA_0000001504,SA_0000001504,Alcohol use is banned,EN
SA_0000001503_ARCHIVED,SA_0000001503_ARCHIVED,Alcoholic beverage legally defined,EN
SA_0000001503,SA_0000001503,Alcoholic beverage legally defined,EN
SA_0000001502_ARCHIVED,SA_0000001502_ARCHIVED,Adopted written national policy on alcohol,EN
SA_0000001502,SA_0000001502,Adopted written national policy on alcohol,EN
SA_0000001477_ARCHIVED,SA_0000001477_ARCHIVED,Social costs of alcohol use in millions US$,EN
SA_0000001477,SA_0000001477,Social costs of alcohol use in millions US$,EN
SA_0000001476_ARCHIVED,SA_0000001476_ARCHIVED,Alcohol expenditure as a per cent of total household expenditure,EN
SA_0000001476,SA_0000001476,Alcohol expenditure as a per cent of total household expenditure,EN
SA_0000001475_ARCHIVED,SA_0000001475_ARCHIVED,Annual revenues from alcohol excise tax in millions US$,EN
SA_0000001475,SA_0000001475,Annual revenues from alcohol excise tax in millions US$,EN
SA_0000001474_ARCHIVED,SA_0000001474_ARCHIVED,Alcoholic excise tax revenue as a per cent of government revenue,EN
SA_0000001474,SA_0000001474,Alcoholic excise tax revenue as a per cent of government revenue,EN
SA_0000001473,SA_0000001473,"Alcohol-related disease mortality, per 100,000 (15+ years)",EN
SA_0000001472,SA_0000001472,"Alcohol-related injury mortality, per 1,000",EN
SA_0000001471_ARCHIVED,SA_0000001471_ARCHIVED,Alcohol-related road traffic crashes (% of all traffic crashes),EN
SA_0000001471,SA_0000001471,Alcohol-related road traffic crashes (% of all traffic crashes),EN
SA_0000001470_ARCHIVED,SA_0000001470_ARCHIVED,"Alcohol-related road traffic crashes, per 100,000 population",EN
SA_0000001470,SA_0000001470,"Alcohol-related road traffic crashes, per 100,000 population",EN
SA_0000001469,SA_0000001469,"Treatment admissions (inpatient), alcoholic psychosis, per 100,000",EN
SA_0000001468,SA_0000001468,"Treatment admissions (inpatient), alcohol dependence, per 100,000",EN
SA_0000001467,SA_0000001467,Perceived trend in alcohol-related harm and consequences,EN
SA_0000001466,SA_0000001466,"Hospital discharges, alcoholic liver disease, per 100,000",EN
SA_0000001465,SA_0000001465,"Hospital discharges, alcohol-related injuries and poisoning, per 100,000",EN
SA_0000001464_ARCHIVED,SA_0000001464_ARCHIVED,"Cautions and arrests for drink-driving, per 100,000 population",EN
SA_0000001464,SA_0000001464,"Cautions and arrests for drink-driving, per 100,000 population",EN
SA_0000001463_ARCHIVED,SA_0000001463_ARCHIVED,"Alcoholic psychosis, incidence, per 100,000",EN
SA_0000001463,SA_0000001463,"Alcoholic psychosis, incidence, per 100,000",EN
SA_0000001462_ARCHIVED,SA_0000001462_ARCHIVED,"Alcohol use disorders (15+), 12 month prevalence (%) with 95%",EN
SA_0000001462,SA_0000001462,"Alcohol use disorders (15+), 12 month prevalence (%) with 95%",EN
SA_0000001461_ARCHIVED,SA_0000001461_ARCHIVED,"Alcohol dependence (15+ ), 12-month prevalence (%) with 95%CI",EN
SA_0000001461,SA_0000001461,"Alcohol dependence (15+ ), 12-month prevalence (%) with 95%CI",EN
SA_0000001460,SA_0000001460,"Age-standardized death rates (15+ years), violence, per 100,000",EN
SA_0000001459_ARCHIVED,SA_0000001459_ARCHIVED,"Road traffic crash deaths, age-standardized death rates (15+), per 100,000 population",EN
SA_0000001459_AA,SA_0000001459_AA,"Road traffic crash deaths, alcohol-attributable, age-standardized death rates, per 100,000 population",EN
SA_0000001459,SA_0000001459,"Road traffic crash deaths, age-standardized death rates (15+), per 100,000 population",EN
SA_0000001458,SA_0000001458,"Age-standardized death rates (15+ years), poisoning, per 100,000",EN
SA_0000001457_ARCHIVED,SA_0000001457_ARCHIVED,"Liver cirrhosis, age-standardized death rates (15+), per 100,000 population",EN
SA_0000001457_AA,SA_0000001457_AA,"Liver cirrhosis, alcohol-attributable, age-standardized death rates, per 100,000 population",EN
SA_0000001457,SA_0000001457,"Liver cirrhosis, age-standardized death rates (15+), per 100,000 population",EN
SA_0000001456,SA_0000001456,"Age-standardized death rates (15+ years), alcoholic liver disease, per 100,000",EN
SA_0000001455,SA_0000001455,"Age-standardized death rates, violence, per 100,000",EN
SA_0000001454,SA_0000001454,"Age-standardized death rates, other unintentional injuries, per 100,000",EN
SA_0000001453,SA_0000001453,"Age-standardized death rates, self-inflicted injury, per 100,000",EN
SA_0000001452,SA_0000001452,"Age-standardized death rates, road traffic accidents, per 100,000",EN
SA_0000001451,SA_0000001451,"Age-standardized death rates, prematurity and low birth rate, per 100,000",EN
SA_0000001450,SA_0000001450,"Age-standardized death rates, poisoning, per 100,000",EN
SA_0000001449,SA_0000001449,"Age-standardized death rates, oesophagus cancer, per 100,000",EN
SA_0000001448,SA_0000001448,"Age-standardized death rates, mouth and oropharynx cancer, per 100,000",EN
SA_0000001446,SA_0000001446,"Age-standardized death rates, liver cirrhosis, per 100,000",EN
SA_0000001445,SA_0000001445,"Age-standardized death rates, liver cancer, per 100,000",EN
SA_0000001444,SA_0000001444,"Age-standardized death rates, ischaemic heart disease, per 100,000",EN
SA_0000001443,SA_0000001443,"Age-standardized death rates, fires, per 100,000",EN
SA_0000001442,SA_0000001442,"Age-standardized death rates, falls, per 100,000",EN
SA_0000001441,SA_0000001441,"Age-standardized death rates, drownings, per 100,000",EN
SA_0000001440,SA_0000001440,"Age-standardized death rates, diabetes mellitus, per 100,000",EN
SA_0000001439,SA_0000001439,"Age-standardized death rates, colon and rectum cancers, per 100,000",EN
SA_0000001438,SA_0000001438,"Age-standardized death rates, breast cancer, per 100,000",EN
SA_0000001437,SA_0000001437,"Age-standardized death rates, alcohol use disorders, per 100,000",EN
SA_0000001436,SA_0000001436,"Age-standardized DALYs, violence, per 100,000",EN
SA_0000001435,SA_0000001435,"Age-standardized DALYs, other unintentional injuries, per 100,000",EN
SA_0000001434,SA_0000001434,"Age-standardized DALYs, self-inflicted injury, per 100,000",EN
SA_0000001433,SA_0000001433,"Age-standardized DALYs, road traffic accidents, per 100,000",EN
SA_0000001432,SA_0000001432,"Age-standardized DALYs, prematurity and low birth rate, per 100,000",EN
SA_0000001431,SA_0000001431,"Age-standardized DALYs, poisoning, per 100,000",EN
SA_0000001430,SA_0000001430,"Age-standardized DALYs, oesophagus cancer, per 100,000",EN
SA_0000001429,SA_0000001429,"Age-standardized DALYs, mouth and oropharynx cancer, per 100,000",EN
SA_0000001427,SA_0000001427,"Age-standardized DALYs, liver cirrhosis, per 100,000",EN
SA_0000001426,SA_0000001426,"Age-standardized DALYs, liver cancer, per 100,000",EN
SA_0000001425,SA_0000001425,"Age-standardized DALYs, ischaemic heart disease, per 100,000",EN
SA_0000001424,SA_0000001424,"Age-standardized DALYs, fires, per 100,000",EN
SA_0000001423,SA_0000001423,"Age-standardized DALYs, falls, per 100,000",EN
SA_0000001422,SA_0000001422,"Age-standardized DALYs, drownings, per 100,000",EN
SA_0000001421,SA_0000001421,"Age-standardized DALYs, diabetes mellitus, per 100,000",EN
SA_0000001420,SA_0000001420,"Age-standardized DALYs, colon and rectum cancers, per 100,000",EN
SA_0000001419,SA_0000001419,"Age-standardized DALYs, breast cancer, per 100,000",EN
SA_0000001418,SA_0000001418,"Age-standardized DALYs, alcohol use disorders, per 100,000",EN
SA_0000001417_ARCHIVED,SA_0000001417_ARCHIVED,"Alcohol, patterns of drinking score",EN
SA_0000001417,SA_0000001417,"Alcohol, patterns of drinking score",EN
SA_0000001416_ARCHIVED,SA_0000001416_ARCHIVED,"Alcohol, heavy episodic drinking (15+), drinkers only, past 30 days (%)",EN
SA_0000001416,SA_0000001416,"Alcohol, heavy episodic drinking (15+), drinkers only, past 30 days (%), age-standardized",EN
SA_0000001415_ARCHIVED,SA_0000001415_ARCHIVED,"Alcohol, heavy episodic drinking (population) past 30 days (%)",EN
SA_0000001414_ARCHIVED,SA_0000001414_ARCHIVED,"Alcohol, former drinkers (%)",EN
SA_0000001414,SA_0000001414,"Alcohol, former drinkers (%), age-standardized",EN
SA_0000001413_ARCHIVED,SA_0000001413_ARCHIVED,"Alcohol, consumers past 12 months (%)",EN
SA_0000001413,SA_0000001413,"Alcohol, consumers past 12 months (%), age-standardized",EN
SA_0000001412,SA_0000001412,"Abstainers (15-19 years), past 12 months (%)",EN
SA_0000001411_ARCHIVED,SA_0000001411_ARCHIVED,"Alcohol, abstainers past 12 months (%)",EN
SA_0000001411,SA_0000001411,"Alcohol, abstainers past 12 months (%), age-standardized",EN
SA_0000001410,SA_0000001410,"Abstainers (15-19 years), lifetime (%)",EN
SA_0000001409_ARCHIVED,SA_0000001409_ARCHIVED,"Alcohol, abstainers lifetime (%)",EN
SA_0000001409,SA_0000001409,"Alcohol, abstainers lifetime (%), age-standardized",EN
SA_0000001406_ARCHIVED,SA_0000001406_ARCHIVED,"Alcohol, unrecorded per capita (15+) consumption (in litres of pure alcohol)",EN
SA_0000001406,SA_0000001406,"Alcohol, unrecorded per capita (15+) consumption (in litres of pure alcohol)",EN
SA_0000001405_ARCHIVED,SA_0000001405_ARCHIVED,"Alcohol, tourist consumption (in litres of pure alcohol)",EN
SA_0000001405,SA_0000001405,"Alcohol, tourist consumption (in litres of pure alcohol)",EN
SA_0000001404_ARCHIVED,SA_0000001404_ARCHIVED,"Alcohol, drinkers only per capita (15+)consumption in litres of pure alcohol",EN
SA_0000001404,SA_0000001404,"Alcohol, drinkers only per capita (15+) consumption in litres of pure alcohol, three-year average",EN
SA_0000001403_ARCHIVED,SA_0000001403_ARCHIVED,"Alcohol, total (recorded 3 year average + unrecorded) per capita (15+) consumption (in litres of pure alcohol)",EN
SA_0000001403,SA_0000001403,"Alcohol, total (recorded 3 year average + unrecorded) per capita (15+) consumption (in litres of pure alcohol)",EN
SA_0000001402_ARCHIVED,SA_0000001402_ARCHIVED,"Alcohol, estimate of five-year change in recorded per capita (15+) consumption 2006-2010",EN
SA_0000001402,SA_0000001402,"Alcohol, estimate of five-year change in recorded per capita (15+) consumption 2006-2010",EN
SA_0000001401_ARCHIVED,SA_0000001401_ARCHIVED,"Alcohol, recorded per capita (15+) consumption (in litres of pure alcohol), three-year average",EN
SA_0000001401,SA_0000001401,"Alcohol, recorded per capita (15+) consumption (in litres of pure alcohol), three-year average",EN
SA_0000001400_ARCHIVED,SA_0000001400_ARCHIVED,"Alcohol, recorded per capita (15+) consumption (in litres of pure alcohol)",EN
SA_0000001400,SA_0000001400,"Alcohol, recorded per capita (15+) consumption (in litres of pure alcohol), by beverage type",EN
SA_0000001398_ARCHIVED,SA_0000001398_ARCHIVED,"Alcohol, consumption of pure alcohol by type of beverage (%)",EN
SA_0000001398,SA_0000001398,"Alcohol, consumption of pure alcohol by type of beverage (%)",EN
RSUD_900,RSUD_900,Treatment programmes for children and adolescents with drug use disorders,EN
RSUD_9,RSUD_9,Service delivery data collection system for substance use disorders,EN
RSUD_890,RSUD_890,Treatment programmes for children and adolescents with alcohol use disorders,EN
RSUD_89,RSUD_89,Opioid agonist pharmacotherapy for the treatment of opioid dependence (maintenance),EN
RSUD_880,RSUD_880,Epidemiological data collection system for substance use among children and adolescents,EN
RSUD_88,RSUD_88,Groups and agencies for the prevention of substance use disorders,EN
RSUD_870,RSUD_870,Epidemiological data collection system for substance use among children and adolescents,EN
RSUD_87,RSUD_87,Self-help groups for substance use disorders,EN
RSUD_860,RSUD_860,System of monitoring drugs involvement in forensic pathology,EN
RSUD_86,RSUD_86,NGOs for drug use disorders,EN
RSUD_850,RSUD_850,System of monitoring alcohol involvement in forensic pathology,EN
RSUD_85,RSUD_85,NGOs for alcohol use disorders,EN
RSUD_840,RSUD_840,Regular reports on epidemiological and service delivery data for substance use,EN
RSUD_84,RSUD_84,"Standards of care for health professionals, human rights",EN
RSUD_830,RSUD_830,Service delivery data collection for substance use,EN
RSUD_83,RSUD_83,"Standards of care for health professionals, maintenance",EN
RSUD_820,RSUD_820,Epidemiological data collection for substance use,EN
RSUD_82,RSUD_82,Standards of care for health professionals,EN
RSUD_810,RSUD_810,Continuing professional development in treatment,EN
RSUD_81,RSUD_81,Clinical supervision of health care staff,EN
RSUD_800,RSUD_800,Postgraduate training programme in treatment,EN
RSUD_80,RSUD_80,Health professionals mostly involved in treatment of substance use disorders,EN
RSUD_8,RSUD_8,Epidemiological data collection system for substance use disorders,EN
RSUD_790,RSUD_790,Educational attainment in treatment,EN
RSUD_79,RSUD_79,Harm reduction programmes for IDUs,EN
RSUD_780,RSUD_780,Continuing professional development in prevention,EN
RSUD_78,RSUD_78,Screening and brief interventions for substance use and substance use disorders,EN
RSUD_770,RSUD_770,Postgraduate training programme in prevention,EN
RSUD_77,RSUD_77,Programmes for the prevention of substance use disorders for special populations,EN
RSUD_760,RSUD_760,Educational attainment in prevention,EN
RSUD_76,RSUD_76,"Prevention activities for substance use disorders, main focus",EN
RSUD_750,RSUD_750,Standards of care for professionals providing treatment for alcohol and drug use disorders,EN
RSUD_75,RSUD_75,Funding method for substance use disorder prevention,EN
RSUD_740,RSUD_740,Health professionals providing treatment for alcohol and drug use disorders,EN
RSUD_74,RSUD_74,Budget line for substance use disorder prevention,EN
RSUD_730,RSUD_730,Open access interventions for drugs,EN
RSUD_73,RSUD_73,Government unit for substance use disorder prevention,EN
RSUD_720,RSUD_720,Open access interventions for alcohol,EN
RSUD_72,RSUD_72,"Essential list of medicines, pharmacotherapy for substance use disorders",EN
RSUD_710,RSUD_710,Employment services for drug use disorders,EN
RSUD_71,RSUD_71,Essential list of medicines,EN
RSUD_700,RSUD_700,Employment services for alcohol use disorders,EN
RSUD_70,RSUD_70,Pharmacotherapy used for the management of cannabis withdrawal,EN
RSUD_7,RSUD_7,Psychoactive substance causing entry into treatment,EN
RSUD_690,RSUD_690,Special housing services for drug use disorders,EN
RSUD_69,RSUD_69,Pharmacotherapy used for the management of benzodiazepine withdrawal,EN
RSUD_680,RSUD_680,Special housing services for alcohol use disorders,EN
RSUD_68,RSUD_68,Pharmacotherapy used for the management of alcohol withdrawal,EN
RSUD_670,RSUD_670,Treatment programmes for women with drug use disorders,EN
RSUD_67,RSUD_67,Commencement of treatment with opioid agonists,EN
RSUD_660,RSUD_660,Treatment programmes for women with alcohol use disorders,EN
RSUD_66,RSUD_66,Prescription requirements for buprenorphine/naloxone,EN
RSUD_650,RSUD_650,Special treatment programmes for gambling disorder,EN
RSUD_65,RSUD_65,Prescription requirements for buprenorphine,EN
RSUD_640,RSUD_640,Standards of treatment and care for public specialized treatment facilities,EN
RSUD_64,RSUD_64,Prescription requirements for methadone,EN
RSUD_630,RSUD_630,Programmes readily available,EN
RSUD_63,RSUD_63,Supervision requirements for buprenorphine/naloxone administration,EN
RSUD_620,RSUD_620,"HIV, Hepatitis counselling and treatment availability in specialized facilities and services",EN
RSUD_62,RSUD_62,Supervision requirements for buprenorphine administration,EN
RSUD_610,RSUD_610,Prevention programmes for specific populations for drugs,EN
RSUD_61,RSUD_61,Supervision requirements for methadone administration,EN
RSUD_600,RSUD_600,Prevention programmes for drugs,EN
RSUD_60,RSUD_60,Buprenorphine/naloxone provision in clinical and community-based settings,EN
RSUD_590,RSUD_590,Prevention programmes for specific populations for alcohol,EN
RSUD_59,RSUD_59,Buprenorphine provision in clinical and community-based settings,EN
RSUD_580,RSUD_580,Prevention programmes for alcohol,EN
RSUD_58,RSUD_58,Methadone provision in clinical and community-based settings,EN
RSUD_570,RSUD_570,Groups and agencies involved in prevention programs,EN
RSUD_57,RSUD_57,Buprenorphine/naloxone used for detoxification or maintenance,EN
RSUD_560,RSUD_560,Recommendations for screening and brief interventions for substance use in antenatal services,EN
RSUD_56,RSUD_56,Buprenorphine/naloxone used for the treatment of opioid dependence,EN
RSUD_550,RSUD_550,Recommendations for screening and brief interventions for substance use in primary health care,EN
RSUD_55,RSUD_55,Buprenorphine used for detoxification or maintenance,EN
RSUD_540,RSUD_540,Screening and brief intervention for substance use in antenatal services,EN
RSUD_54,RSUD_54,Buprenorphine used for the treatment of opioid dependence,EN
RSUD_530,RSUD_530,Screening and brief intervention for substance use in primary health care,EN
RSUD_53,RSUD_53,Methadone formulation used for the treatment of opiod dependence,EN
RSUD_520,RSUD_520,Availability of naloxone,EN
RSUD_52,RSUD_52,Methadone used for detoxification or maintenance,EN
RSUD_510,RSUD_510,Registration of naloxone for injection for opioid overdose,EN
RSUD_51,RSUD_51,Methadone used for the treatment of opioid dependence,EN
RSUD_500,RSUD_500,Registration of medications for opioid withdrawal,EN
RSUD_50,RSUD_50,Timeframe of opioid agonist treatment,EN
RSUD_5,RSUD_5,"Age-standardized DALYs, alcohol and drug use disorders, per 100 000",EN
RSUD_490,RSUD_490,Registration of medications for opioid dependence,EN
RSUD_49,RSUD_49,Opioid agonist pharmacotherapy for the treatment of opioid dependence (detoxification or maintenance),EN
RSUD_480,RSUD_480,Registration of medications for alcohol dependence and withdrawal,EN
RSUD_48,RSUD_48,"Length of stay for inpatient long-term residential treatment, days",EN
RSUD_470,RSUD_470,Timeframe for maintenance treatment of opioid dependence,EN
RSUD_47,RSUD_47,"Length of stay for inpatient short-term treatment, days",EN
RSUD_460,RSUD_460,Access restrictions to maintenance treatment,EN
RSUD_46,RSUD_46,"Length of stay for inpatient detoxification, days",EN
RSUD_450,RSUD_450,Pharmacotherapy with buprenorphine/naloxone,EN
RSUD_45,RSUD_45,"Beds for the treatment of substance use disorders, per 100 000",EN
RSUD_440,RSUD_440,Pharmacotherapy with buprenorphine,EN
RSUD_44,RSUD_44,"Treatment slots for alcohol and drug use disorders, outpatient, per 10 000",EN
RSUD_430,RSUD_430,Pharmacotherapy with methadone,EN
RSUD_43,RSUD_43,Open access services for substance use disorders,EN
RSUD_420,RSUD_420,Guidelines on pharmacological treatment for substance use disorders,EN
RSUD_42,RSUD_42,Specialized treatment services for substance use disorders and TB,EN
RSUD_410,RSUD_410,Reported treatment coverage for substance dependence,EN
RSUD_41,RSUD_41,Specialized treatment services for drug use disoders and HIV/AIDS,EN
RSUD_400,RSUD_400,Main substance at treatment entry,EN
RSUD_40,RSUD_40,"Treatment setting for substance use disorders, most common",EN
RSUD_390,RSUD_390,Self-help groups,EN
RSUD_39,RSUD_39,Treatment system for substance use disorders,EN
RSUD_380,RSUD_380,Specialized treatment facilities for drug use disorders,EN
RSUD_38,RSUD_38,Sector for residential long-term rehabilitation of drug use disorders,EN
RSUD_370,RSUD_370,Specialized treatment facilities for alcohol use disorders,EN
RSUD_37,RSUD_37,Sector for substitution maintenance therapy of opioid dependence,EN
RSUD_360,RSUD_360,Specialized treatment facilities for substance use disorders,EN
RSUD_36,RSUD_36,Sector for outpatient treatment of drug dependence,EN
RSUD_350,RSUD_350,Treatment programmes for children and adolescents with drug use disorders,EN
RSUD_35,RSUD_35,Sector for inpatient treatment of drug dependence,EN
RSUD_340,RSUD_340,Treatment programmes for children and adolescents with alcohol use disorders,EN
RSUD_34,RSUD_34,Sector for inpatient detoxification of drug use disorders,EN
RSUD_330,RSUD_330,Main sector for treatment for drug use disorders,EN
RSUD_33,RSUD_33,Sector for residential long-term rehabilitation of alcohol use disorders,EN
RSUD_320,RSUD_320,Main sector for treatment for alcohol use disorders,EN
RSUD_32,RSUD_32,Sector for the treatment of alcohol-induced psychoses and other alcohol-induced psychiatric conditions,EN
RSUD_310,RSUD_310,Government benefits for people with drug use disorders,EN
RSUD_31,RSUD_31,Sector for outpatient treatment of alcohol dependence,EN
RSUD_300,RSUD_300,Government benefits for people with alcohol use disorders,EN
RSUD_30,RSUD_30,Sector for inpatient treatment of alcohol dependence,EN
RSUD_3,RSUD_3,"Age-standardized death rates, alcohol and drug use disorders, per 100 000",EN
RSUD_290,RSUD_290,Hypothecated taxes to be spent on prevention and treatment for substance use disorders,EN
RSUD_29,RSUD_29,Sector for inpatient detoxification of alcohol use disorders,EN
RSUD_280,RSUD_280,Financing methods for treatment for drug use disorders,EN
RSUD_28,RSUD_28,"Government benefits for drug use disorders, subsidy or disability pension",EN
RSUD_270,RSUD_270,Financing methods for treatment for alcohol use disorders,EN
RSUD_27,RSUD_27,"Government benefits for alcohol use disorders, subsidy or disability pension",EN
RSUD_260,RSUD_260,Five-year change in government resources for treatment of substance use disorders,EN
RSUD_26,RSUD_26,Governement benefits for persons with substance use disorders,EN
RSUD_250,RSUD_250,Five-year change in government resources for prevention for substance use,EN
RSUD_240,RSUD_240,Compulsory treatment for people with drug use disorders in the criminal justice system,EN
RSUD_230,RSUD_230,Compulsory treatment for people with alcohol use disorders in the criminal justice system,EN
RSUD_23,RSUD_23,Financing method for substance use disorder treatment,EN
RSUD_220,RSUD_220,Voluntary treatment for people with drug use disorders in the criminal justice system,EN
RSUD_22,RSUD_22,Budget line for substance use disorder treatment,EN
RSUD_210,RSUD_210,Voluntary treatment for people with alcohol use disorders in the criminal justice system,EN
RSUD_21,RSUD_21,Government unit for substance use disorder treatment,EN
RSUD_200,RSUD_200,Confidentiality of people in treatment for substance use disorders,EN
RSUD_20,RSUD_20,Confidentiality of health records on substance use disorders  protected by law,EN
RSUD_2,RSUD_2,"Point prevalence (%), drug use disorders, 15+ years",EN
RSUD_190,RSUD_190,Five years change in international cooperation for treatment of substance use disorders,EN
RSUD_19,RSUD_19,Programmes diverting clients from the justice system towards treatment,EN
RSUD_180,RSUD_180,Involvement of representatives of affected or targeted populations in the development and implementation of national programmes for prevention for alcohol and drugs,EN
RSUD_18,RSUD_18,Drug courts,EN
RSUD_170,RSUD_170,Involvement of representatives of affected or targeted populations in the development and formulation of policies and strategies for prevention for alcohol and drugs,EN
RSUD_17,RSUD_17,Legislative provision for compulsory treatment,EN
RSUD_160,RSUD_160,Involvement of representatives of affected or targeted populations in the development and implementation of national programmes for treatment of substance use disorders,EN
RSUD_16,RSUD_16,Legislative provision for treatment and rehabilitation of substance use disorders,EN
RSUD_150,RSUD_150,Involvement of representatives of affected or targeted populations in the development and formulation of policies and strategies for treatment of substance use disorders,EN
RSUD_15,RSUD_15,Guidelines on the pharmacological treatment of substance use disorders,EN
RSUD_140,RSUD_140,Ministry/office that takes primary responsibility for treatment of substance use disorders,EN
RSUD_14,RSUD_14,Policy documents on the pharmacological treatment of substance use disorders,EN
RSUD_130,RSUD_130,Government unit/official responsible for treatment of substance use disorders,EN
RSUD_13,RSUD_13,"Substance use policy at the national level, level of integration",EN
RSUD_120,RSUD_120,Five years change in international cooperation for prevention for substance use,EN
RSUD_12,RSUD_12,Substance use policy at the national level,EN
RSUD_110,RSUD_110,Ministry/office that takes primary responsibility for prevention for substance use,EN
RSUD_11,RSUD_11,Data on substance use disorders disseminated in national annual reports,EN
RSUD_100,RSUD_100,Government unit/official responsible for prevention for substance use,EN
RSUD_10,RSUD_10,National survey on substance use among children and adolescents,EN
RSUD_1,RSUD_1,"Point prevalence (%), alcohol use disorders, 15+ years",EN
RS_576,RS_576,Gross national income per capita (Atlas method),EN
RS_246,RS_246,Distribution of road traffic deaths by type of road user (%),EN
RS_242,RS_242,Vehicle standards,EN
RS_238,RS_238,Existence of a universal access telephone number for pre-hospital care,EN
RS_237,RS_237,Existence of a formal pre-hospital care system,EN
RS_229,RS_229,Availability of funding for national road safety strategy,EN
RS_228,RS_228,Existence of a national road safety strategy,EN
RS_225,RS_225,Existence of a road safety lead agency,EN
RS_223_BIS,RS_223_BIS,Law requires helmet to be fastened,EN
RS_219,RS_219,Applicability of national motorcycle helmet law to all occupants,EN
RS_217,RS_217,Maximum speed limits,EN
RS_214,RS_214,Existence of national speed limits,EN
RS_213,RS_213,Existence of a national child-restraint law,EN
RS_212,RS_212,Seat-belt wearing rate (%),EN
RS_210,RS_210,Applicability of seat-belt law to all occupants,EN
RS_209,RS_209,Existence of a national seat-belt law,EN
RS_208,RS_208,Attribution of road traffic deaths to alcohol (%),EN
RS_207,RS_207,Blood Alcohol Concentration (BAC) limit for drivers,EN
RS_205,RS_205,Definition of drink-driving by BAC,EN
RS_204,RS_204,Existence of a national drink-driving law,EN
RS_198,RS_198,Estimated road traffic death rate (per 100 000 population),EN
RS_196,RS_196,Estimated number of road traffic deaths,EN
RS_194,RS_194,Number of registered vehicles,EN
RS_193,RS_193,Income level,EN
RS_1845,RS_1845,Population,EN
ROTAC,ROTAC,Rotavirus vaccines completed dose (RotaC) immunization coverage among 1-year-olds (%),EN
RHR_NPSV,RHR_NPSV,Non-partner sexual violence prevalence (%),EN
RHR_IPV,RHR_IPV,Intimate partner violence prevalence among ever partnered women (%),EN
Rev_year,Rev_year,Annual tax revenues - year,EN
Rev_VAT,Rev_VAT,Annual tax revenues - value added tax (vat) and other sales taxes,EN
Rev_type,Rev_type,Annual tax revenues - tobacco products included,EN
Rev_other,Rev_other,Tobacco tax revenues - other,EN
Rev_import,Rev_import,Tobacco tax revenues - import duties,EN
Rev_imp_other,Rev_imp_other,Annual tax revenues - import duties and all other taxes (excluding corporate taxes on tobacco companies),EN
Rev_govt_total,Rev_govt_total,Annual tax revenues - total revenues,EN
Rev_excise,Rev_excise,Annual tax revenues - total excise (specific and ad valorem),EN
Rev_curr,Rev_curr,Annual tax revenues - currency,EN
RegionCountry,,,
Region,,,
RateCS,RateCS,"Congenital syphilis rate per 100 000 live births, reported",EN
RADON_Q803,RADON_Q803,Inclusion of radon in national cancer control strategy,EN
RADON_Q802,RADON_Q802,Inclusion of radon measurements in property transactions,EN
RADON_Q801,RADON_Q801,Existence of national radon risk communication strategy,EN
RADON_Q707,RADON_Q707,Inclusion of radon education for building professionals,EN
RADON_Q706,RADON_Q706,Existence of training/education on prevention/mitigation,EN
RADON_Q705,RADON_Q705,Official standards/guidelines for prevention/mitigation,EN
RADON_Q704,RADON_Q704,Authorization/accreditation required for prevention/mitigation service providers,EN
RADON_Q703,RADON_Q703,Financial support provided for mitigation (existing dwellings),EN
RADON_Q702,RADON_Q702,Mandatory mitigation measures if legal value is exceeded (existing buildings),EN
RADON_Q701,RADON_Q701,Mandatory preventive measures (new buildings),EN
RADON_Q605,RADON_Q605,Authorization/accreditation required for official radon measurement providers,EN
RADON_Q604,RADON_Q604,Authorization/accreditation required for official radon measurement providers,EN
RADON_Q603,RADON_Q603,Radon concentration measurements for existing buildings,EN
RADON_Q602,RADON_Q602,Radon concentration measurements for new buildings,EN
RADON_Q601,RADON_Q601,Existence of official protocols for radon measurements,EN
RADON_Q503_1,RADON_Q503_1,Reference level for workplaces (Bq/m3),EN
RADON_Q503,RADON_Q503,Existence of national reference level for workplaces,EN
RADON_Q502_1,RADON_Q502_1,Reference level for buildings with high public occupancy (Bq/m3),EN
RADON_Q502,RADON_Q502,Existence of national reference level for buildings with high public occupancy,EN
RADON_Q501_1,RADON_Q501_1,Reference level for dwellings (Bq/m3),EN
RADON_Q501,RADON_Q501,Existence of national reference level for dwellings and buildings with high public occupancy,EN
RADON_Q405,RADON_Q405,Radon in national drinking-water regulations,EN
RADON_Q404,RADON_Q404,Radon in building regulations for existing buildings i.e. renovation/remodeling/major alteration,EN
RADON_Q403,RADON_Q403,Radon in building regulations for new buildings,EN
RADON_Q402,RADON_Q402,Existence of national radon regulations,EN
RADON_Q401_1,RADON_Q401_1,Existence of national radon action plan - Years covered,EN
RADON_Q401,RADON_Q401,Existence of national radon action plan,EN
RADON_Q305,RADON_Q305,Existence of national radon map,EN
RADON_Q304,RADON_Q304,Data in national radon database,EN
RADON_Q303,RADON_Q303,Existence of national radon database,EN
RADON_Q302,RADON_Q302,National radon concentration levels,EN
RADON_Q301,RADON_Q301,Existence of national radon survey(s),EN
RADON_Q202,RADON_Q202,Existence of any subnational radon activity,EN
RADON_Q201,RADON_Q201,Existence of any national radon activity,EN
R_VAT_estimate,R_VAT_estimate,Most sold brand of cigarettes - taxes as a % of price - value added tax,EN
R_VAT_average,R_VAT_average,Average - taxes as a % of cigarette price - value added tax,EN
R_VAT,R_VAT,Taxes as a % of price: value added tax,EN
R_type_variant,R_type_variant,Most sold brand of other tobacco type,EN
R_total_tax_estimate,R_total_tax_estimate,Most sold brand of cigarettes - taxes as a % of price - total tax,EN
R_total_tax_average,R_total_tax_average,Average - taxes as a % of cigarette price - total tax,EN
R_Total_tax,R_Total_tax,Taxes as a % of price: total tax,EN
R_tax_other,R_tax_other,Taxes as a % of price: other taxes,EN
R_Sp_excise_estimate,R_Sp_excise_estimate,Most sold brand of cigarettes - taxes as a % of price - specific excise,EN
R_Sp_excise_average,R_Sp_excise_average,Average - taxes as a % of cigarette price - specific excise,EN
R_Sp_excise,R_Sp_excise,Taxes as a % of price: specific excise,EN
R_Price_premium_usd,R_Price_premium_usd,Premium brand of cigarettes - price in US$ at official exchange rates,EN
R_Price_premium_ppp,R_Price_premium_ppp,Premium brand of cigarettes - price in international dollars,EN
R_Price_premium_estimate,R_Price_premium_estimate,Premium brand of cigarettes - price in currency reported,EN
R_Price_mp_estimate_usd,R_Price_mp_estimate_usd,Most sold brand of cigarettes - price in US$ at official exchange rates,EN
R_Price_mp_estimate_ppp,R_Price_mp_estimate_ppp,Most sold brand of cigarettes - price in PPP$,EN
R_Price_mp_estimate,R_Price_mp_estimate,Most sold brand of cigarettes - price in currency reported,EN
R_Price_lowest_cost_usd,R_Price_lowest_cost_usd,Cheapest brand of cigarettes - price in US$ at official exchange rates,EN
R_Price_lowest_cost_ppp,R_Price_lowest_cost_ppp,Cheapest brand of cigarettes - price in PPP$,EN
R_Price_lowest_cost_estimate,R_Price_lowest_cost_estimate,Cheapest brand of cigarettes - price in currency reported,EN
R_Other_estimate,R_Other_estimate,Most sold brand of cigarettes - taxes as a % of price - other taxes,EN
R_Other_average,R_Other_average,Average - taxes as a % of cigarette price - other taxes,EN
R_min_price_policy,R_min_price_policy,Tobacco tax structure: A minimum price policy is implemented,EN
R_imp_duty_estimate,R_imp_duty_estimate,Most sold brand of cigarettes - taxes as a % of price - import duties,EN
R_imp_duty_average,R_imp_duty_average,Average - taxes as a % of cigarette price - import duties,EN
R_Imp_duty,R_Imp_duty,Taxes as a % of price: import duties,EN
R_Group,R_Group,Raising taxes on tobacco,EN
R_excise_uniform_varied,R_excise_uniform_varied,Tax structure: Uniform excise tax,EN
R_excise_type,R_excise_type,Tax structure: Type of excise tax applied,EN
R_excise_specific_reliance,R_excise_specific_reliance,Tax structure: Greater reliance on specific tax in mixed excise regime,EN
R_excise_retail_price_base,R_excise_retail_price_base,Tax structure: Retail price used as base of ad valorem component in ad valorem or mixed excise regime (or retail price exclusive of VAT),EN
R_excise_proportion,R_excise_proportion,Tax structure: Excise tax proportion of price,EN
R_excise_min_specific,R_excise_min_specific,Tax structure: Minimum specific tax applied in ad valorem or mixed excise regime,EN
R_excise_incr,R_excise_incr,Tobacco excises increased over the survey period,EN
R_earmarking,R_earmarking,Reported use of earmarked tobacco taxes,EN
R_Curr_premium_cost,R_Curr_premium_cost,Premium brand of cigarettes - currency reported,EN
R_Curr_mp,R_Curr_mp,Most sold brand of cigarettes - currency reported,EN
R_Curr_lowest_cost,R_Curr_lowest_cost,Cheapest brand of cigarettes - currency reported,EN
R_contains_nicotine,R_contains_nicotine,Cheapest breand of e-liquid contains nicotine or not,EN
R_afford_trend_growth_rate,R_afford_trend_growth_rate,Affordability - trend growth rate,EN
R_afford_tax_auto_adjust,R_afford_tax_auto_adjust,Tobacco tax structure: Specific tax component automatically adjusted for inflation (or other),EN
R_afford_price_gap_decreased,R_afford_price_gap_decreased,Tobacco tax structure: Price gap decreased over the last two years (cheapest brand of cigarettes versus the premium brand),EN
R_afford_price_dispersion,R_afford_price_dispersion,Tobacco tax structure: Price dispersion: Share of cheapest brand price in premium brand price (%) (the higher the % the smaller the gap),EN
R_afford_inflation_adjusted_price_ppp,R_afford_inflation_adjusted_price_ppp,Inflation-adjusted prices for most sold brand of cigarettes: Prices in purchasing power parity adjusted by year on year changes in average consumer prices in the United States of America,EN
R_afford_inflation_adjusted_price_lcu,R_afford_inflation_adjusted_price_lcu,Inflation-adjusted prices for most sold brand of cigarettes: Price in local currency adjusted by year on year changes in average consumer prices in each country,EN
R_afford_gdp,R_afford_gdp,Affordability - percentage of GDP per capita required to purchase 2000 cigarettes of the most sold brand,EN
R_afford_cat_2,R_afford_cat_2,Affordability of cigarettes: category of change over past 2 years,EN
R_afford_cat,R_afford_cat,"Affordability of cigarettes: category of change in the last 10 years (Yes (less affordable), No (more affordable), No change)",EN
R_admin_unique_identifier,R_admin_unique_identifier,Tobacco tax administration: Unique identifier,EN
R_admin_tax_stamps_other,R_admin_tax_stamps_other,"Tobacco tax administration: Tax stamps, fiscal marks, banderole or other types of marking are applied on other tobacco products",EN
R_admin_tax_stamps_cig,R_admin_tax_stamps_cig,"Tobacco tax administration: Tax stamps, fiscal marks, banderole or other types of marking are applied on cigarettes",EN
R_admin_tax_stamps,R_admin_tax_stamps,Tax administration: Tax stamps applied on tobacco products,EN
R_admin_overt_marking,R_admin_overt_marking,Tobacco tax administration: Marking is overt,EN
R_admin_identifier_track_and_trace,R_admin_identifier_track_and_trace,Tobacco tax administration: Marking/unique identifier contains data for track and tracing purposes,EN
R_admin_duty_free_limited,R_admin_duty_free_limited,Tax administration: Bans or limits on duty free imports by travellers,EN
R_admin_duty_free_banned,R_admin_duty_free_banned,Tobacco tax administration: Sales of duty (or excise) free cigarettes banned,EN
R_admin_duty_free_allowance,R_admin_duty_free_allowance,"Tax administration: If duty free imports are limited, duty free allowance (number of cigarette sticks)",EN
R_admin_covert_marking,R_admin_covert_marking,Tobacco tax administration: Marking is covert,EN
R_Ad_val_estimate,R_Ad_val_estimate,Most sold brand of cigarettes - taxes as a % of price - ad valorem excise,EN
R_Ad_val_average,R_Ad_val_average,Average - taxes as a % of cigarette price - ad valorem excise,EN
R_Ad_val,R_Ad_val,Taxes as a % of price: ad valorem excise,EN
PWID_PSE_NUM,PWID_PSE_NUM,People who inject drugs: Population size estimates (number),EN
PRISON_F1_TOBACCO_TOT,PRISON_F1_TOBACCO_TOT,In-prison people who currently use tobacco  (number of prisoners),EN
PRISON_F1_INJECTDRUGUSERS_TOT,PRISON_F1_INJECTDRUGUSERS_TOT,"In-prison people who inject/have injected drugs (number of prisoners, over the last 12 months)",EN
PRISON_F1_EXERCISE_TOT,PRISON_F1_EXERCISE_TOT,In-prison people who regularly exercise for a minimum of 150 minutes/week (number of prisoners),EN
PRISON_F1_DRUGUSERS_TOT,PRISON_F1_DRUGUSERS_TOT,"In-prison people who use/have used drugs (number of prisoners, in the last 12 months)",EN
PRISON_F1_BMI30_TOT,PRISON_F1_BMI30_TOT,In-prison people who have BMI >= 30 (number of prisoners who are obese),EN
PRISON_F1_BMI25_TOT,PRISON_F1_BMI25_TOT,In-prison people who have BMI >= 25 (number of prisoners who are overweight),EN
PRISON_F1_ALCOHOL_TOT,PRISON_F1_ALCOHOL_TOT,"In-prison people who drink/drank alcohol (number of prisoners, in the last 12 months)",EN
PRISON_D4_TB_DIAG_TOT,PRISON_D4_TB_DIAG_TOT,In-prison TB diagnosis (number of diagnoses),EN
PRISON_D4_SUD_DIAG_TOT,PRISON_D4_SUD_DIAG_TOT,In-prison active drug use diagnosis (number of diagnoses),EN
PRISON_D4_STI_DIAG_TOT,PRISON_D4_STI_DIAG_TOT,In-prison STIs diagnosis (number of diagnoses),EN
PRISON_D4_MH_DIAG_TOT,PRISON_D4_MH_DIAG_TOT,In-prison mental disorder diagnosis (number of diagnoses),EN
PRISON_D4_MDRTB_DIAG_TOT,PRISON_D4_MDRTB_DIAG_TOT,In-prison MDR-TB diagnosis (number of diagnoses),EN
PRISON_D4_HIV_DIAG_TOT,PRISON_D4_HIV_DIAG_TOT,In-prison HIV diagnosis (number of diagnoses),EN
PRISON_D4_HEPC_DIAG_TOT,PRISON_D4_HEPC_DIAG_TOT,In-prison Hepatitis C diagnosis (number of diagnoses),EN
PRISON_D4_HEPB_DIAG_TOT,PRISON_D4_HEPB_DIAG_TOT,In-prison Hepatitis B diagnosis (number of diagnoses),EN
PRISON_D4_DIABETES_DIAG_TOT,PRISON_D4_DIABETES_DIAG_TOT,In-prison diabetes mellitus diagnosis (number of diagnoses),EN
PRISON_D4_COVID_TOT,PRISON_D4_COVID_TOT,In-prison COVID-19 diagnosis (number of diagnoses),EN
PRISON_D4_CARDIOVASC_DIAG_TOT,PRISON_D4_CARDIOVASC_DIAG_TOT,In-prison cardiovascular disease diagnosis (number of diagnoses),EN
PRISON_D4_CANCER_DIAG_TOT,PRISON_D4_CANCER_DIAG_TOT,In-prison cancer diagnosis (number of diagnoses),EN
PRISON_D3_DEATHS_TOT,PRISON_D3_DEATHS_TOT,In-prison total deaths,EN
PRISON_D3_DEATHS_SUICIDE_MRATE,PRISON_D3_DEATHS_SUICIDE_MRATE,In-prison suicide mortality rate (per 100 000 incarcerated persons per year),EN
PRISON_D3_DEATHS_DRUG_MRATE,PRISON_D3_DEATHS_DRUG_MRATE,In-prison drug overdose mortality rate (per 100 000 incarcerated persons per year),EN
PRISON_D3_DEATHS_COVID_MRATE,PRISON_D3_DEATHS_COVID_MRATE,In-prison COVID-19 mortality rate (per 100 000 incarcerated persons per year),EN
PRISON_C8_NEEDLES,PRISON_C8_NEEDLES,In-prison needles free of charge,EN
PRISON_C8_CONDOMS,PRISON_C8_CONDOMS,In-prison condoms free of charge,EN
PRISON_C16_LABTESTS,PRISON_C16_LABTESTS,In-prison laboratory tests,EN
PRISON_B9_STAFF_RATIO,PRISON_B9_STAFF_RATIO,Healthcare staff in prisons (FTEs per 1000 prisoners),EN
PRISON_B9_1_PHYSICIANS_RATIO,PRISON_B9_1_PHYSICIANS_RATIO,Physicians in prisons (FTEs per 1000 prisoners),EN
PRISON_B9_1_PHYCHIATRISTS_RATIO,PRISON_B9_1_PHYCHIATRISTS_RATIO,Psychiatrists in prisons (FTEs per 1000 prisoners),EN
PRISON_B9_1_NURSES_RATIO,PRISON_B9_1_NURSES_RATIO,Nurses in prisons (FTEs per 1000 prisoners),EN
PRISON_B9_1_DENTISTS_RATIO,PRISON_B9_1_DENTISTS_RATIO,Dentists in prisons (FTEs per 1000 prisoners),EN
PRISON_B3_DELIVHEALTHCARE,PRISON_B3_DELIVHEALTHCARE,Agencies responsible for delivering prison healthcare,EN
PRISON_B20_CLINICALREP,PRISON_B20_CLINICALREP,In-prison clinical health records,EN
PRISON_B17_INVOLVEMENT,PRISON_B17_INVOLVEMENT,In-prison patient involvement in healthcare planning and reform,EN
PRISON_B16_SUICIDERISK,PRISON_B16_SUICIDERISK,In-prison standardized protocol for suicide,EN
PRISON_B15_REPDRUGEVENTS,PRISON_B15_REPDRUGEVENTS,In-prison standardized process for adverse drug events,EN
PRISON_B14_ERRORS,PRISON_B14_ERRORS,In-prison standardized process for medication errors,EN
PRISON_B13_ASSESSMENTS,PRISON_B13_ASSESSMENTS,In-prison regular assessments of essential medicines,EN
PRISON_B11_VACPREV_MMR,PRISON_B11_VACPREV_MMR,In-prison vaccination for MMR,EN
PRISON_B11_VACPREV_HPV,PRISON_B11_VACPREV_HPV,In-prison vaccination for HPV,EN
PRISON_B11_VACPREV_HEPB,PRISON_B11_VACPREV_HEPB,In-prison vaccination for Hepatitis B,EN
PRISON_B11_VACPREV_HEPA,PRISON_B11_VACPREV_HEPA,In-prison vaccination for Hepatitis A,EN
PRISON_B11_VACPREV_FLU,PRISON_B11_VACPREV_FLU,In-prison vaccination for seasonal flu,EN
PRISON_B11_VACPREV_DTP,PRISON_B11_VACPREV_DTP,In-prison vaccination for DTP,EN
PRISON_A4_NEWPRISONERS_PER100KPOP,PRISON_A4_NEWPRISONERS_PER100KPOP,Number of people newly-admitted to prison (per 100 000 inhabitants),EN
PRISON_A2_PRISIONERS_PER100KPOP,PRISON_A2_PRISIONERS_PER100KPOP,Number of prisoners (per 100 000 inhabitants),EN
PRISON_A2_PRISIONERS_N,PRISON_A2_PRISIONERS_N,Number of prisoners,EN
PRISON_A1_CAPACITY,PRISON_A1_CAPACITY,Official prison capacity (count),EN
PRETERMBIRTH_RATE,PRETERMBIRTH_RATE,Preterm birth rate (per 100 live births),EN
PRETERMBIRTH_NUMBER,PRETERMBIRTH_NUMBER,Preterm birth (number),EN
POP_TOTAL_BIRTHS_NUM,POP_TOTAL_BIRTHS_NUM,Total number of live births,EN
poliov,poliov,Polio immunization coverage among one-year-olds (%),EN
pnchome5,pnchome5,Postnatal care visit within two days of birth - born outside a health facility (in the five years preceding the survey) (%),EN
pnchome3,pnchome3,Postnatal care visit within two days of birth - born outside a health facility (in the three years preceding the survey) (%),EN
pnchome,pnchome,Postnatal care visit within two days of birth - born outside a health facility (in the x years preceding the survey) (%),EN
pncall5,pncall5,Postnatal care visit within two days of birth (in the five years preceding the survey) (%),EN
pncall3,pncall3,Postnatal care visit within two days of birth (in the three years preceding the survey) (%),EN
pncall,pncall,Postnatal care visit within two days of birth (in the x years preceding the survey) (%),EN
PHE_HHAIR_PROP_POP_POLLUTING_FUELS,PHE_HHAIR_PROP_POP_POLLUTING_FUELS,Proportion of population with primary reliance on polluting fuels and technologies for cooking (%),EN
PHE_HHAIR_PROP_POP_CLEAN_FUELS,PHE_HHAIR_PROP_POP_CLEAN_FUELS,Proportion of population with primary reliance on clean fuels and technologies for cooking (%),EN
PHE_HHAIR_PROP_POP_CATEGORY_FUELS,PHE_HHAIR_PROP_POP_CATEGORY_FUELS,"Proportion of population with primary reliance on fuels and technologies for cooking, by fuel type (%)",EN
PHE_HHAIR_POP_POLLUTING_FUELS,PHE_HHAIR_POP_POLLUTING_FUELS,Population with primary reliance on polluting fuels and technologies for cooking (in millions),EN
PHE_HHAIR_POP_CLEAN_FUELS,PHE_HHAIR_POP_CLEAN_FUELS,Population with primary reliance on clean fuels and technologies for cooking (in millions),EN
PHE_HHAIR_POP_CATEGORY_FUELS,PHE_HHAIR_POP_CATEGORY_FUELS,"Population with primary reliance on fuels and technologies for cooking, by fuel type (in millions)",EN
PerctreatedANC,PerctreatedANC,"Antenatal care attendees positive for syphilis who received treatment (%), reported",EN
PerctestedANC,PerctestedANC,"Women accessing antenatal care (ANC) services who were tested for syphilis (%), reported",EN
PercposSW,PercposSW,Sex workers with active syphilis (%),EN
PercposMSM,PercposMSM,Men who have sex with men (MSM) with active syphilis (%),EN
PercposANC,PercposANC,"Antenatal care attendees who were positive for syphilis (%), reported",EN
PCV3,PCV3,Pneumoccocal conjugate vaccines (PCV3) immunization coverage among 1-year-olds (%),EN
PC_sfe_compliance,PC_sfe_compliance,Compliance with regulations on smoke-free environments (national legislation),EN
PATIENTSAFETY_STRATEGYSCORE,PATIENTSAFETY_STRATEGYSCORE,Patient safety strategy score,EN
PATIENTSAFETY_STRATEGICOBJECTIVEAGGREGATE,PATIENTSAFETY_STRATEGICOBJECTIVEAGGREGATE,Patient safety strategic objective (%),EN
PATIENTSAFETY_COREINDICATORRESPONSE,PATIENTSAFETY_COREINDICATORRESPONSE,Patient safety core indicator survey response,EN
PATIENTSAFETY_COREINDICATORAGGREGATE,PATIENTSAFETY_COREINDICATORAGGREGATE,Patient safety core indicator aggregated (%),EN
P9_all_other,P9_all_other,National smoking ban in ALL OTHER INDOOR PUBLIC PLACES,EN
P8_pub_transp,P8_pub_transp,National smoking ban in PUBLIC TRANSPORT,EN
P8_compliance,P8_compliance,Compliance of ban on smoking in PUBLIC TRANSPORT,EN
P7_pubs,P7_pubs,National smoking ban in PUBS AND BARS,EN
P7_compliance,P7_compliance,Compliance of ban on smoking in PUBS AND BARS,EN
P6_restaurants,P6_restaurants,National smoking ban in RESTAURANTS,EN
P6_compliance,P6_compliance,Compliance of ban on smoking in RESTAURANTS,EN
P5_indoor_off,P5_indoor_off,National smoking ban in INDOOR OFFICES,EN
P5_compliance,P5_compliance,Compliance of ban on smoking in INDOOR OFFICES,EN
P4_govt,P4_govt,National smoking ban in GOVERNMENT FACILITIES,EN
P4_compliance,P4_compliance,Compliance of ban on smoking in GOVERNMENT FACILITIES,EN
P3_universities,P3_universities,National smoking ban in UNIVERSITIES,EN
P3_compliance,P3_compliance,Compliance of ban on smoking in UNIVERSITIES,EN
P2_education,P2_education,National smoking ban in EDUCATIONAL FACILITIES EXCEPT UNIVERSITIES,EN
P2_compliance,P2_compliance,Compliance of ban on smoking in EDUCATIONAL FACILITIES EXCEPT UNIVERSITIES,EN
P16_subnat_complete_bans_exist,P16_subnat_complete_bans_exist,Comprehensive bans in place subnationally,EN
P15_complaints,P15_complaints,National smoking ban: CITIZEN COMPLAINTS AND INVESTIGATIONS,EN
P14_funds_for_enforce,P14_funds_for_enforce,National smoking ban: DEDICATED FUNDS FOR ENFORCEMENT,EN
P13_fines_smoker,P13_fines_smoker,National smoking ban: FINES ON THE PATRON,EN
P12_fines_establishment,P12_fines_establishment,National smoking ban: FINES ON THE ESTABLISHMENT,EN
P11_fines_any,P11_fines_any,National smoking ban: FINES FOR VIOLATIONS,EN
P10_subnat_auth_exists,P10_subnat_auth_exists,Subnational smoking bans - authority exists,EN
P1_healthcare,P1_healthcare,National smoking ban in HEALTH-CARE FACILITIES,EN
P1_compliance,P1_compliance,Compliance of ban on smoking in HEALTH-CARE FACILITIES,EN
P_Group,P_Group,Protecting people from tobacco smoke,EN
P_count_places_sf,P_count_places_sf,National smoking ban: NUMBER OF PLACES SMOKE-FREE,EN
P_comprehensive_subnat,P_comprehensive_subnat,Subnational smoking bans - at least one jurisdiction has a comprehensive ban in place,EN
P_compl_p8,P_compl_p8,Compliance with smoke-free public transport law (score),EN
P_compl_p7,P_compl_p7,Compliance with smoke-free pubs and bars law (score),EN
P_compl_p6,P_compl_p6,Compliance with smoke-free restaurants law (score),EN
P_compl_p5,P_compl_p5,Compliance with smoke-free indoor offices law (score),EN
P_compl_p4,P_compl_p4,Compliance with smoke-free government facilities law (score),EN
P_compl_p3,P_compl_p3,Compliance with smoke-free universities law (score),EN
P_compl_p2,P_compl_p2,Compliance with smoke-free education facilities except universities law (score),EN
P_compl_p1,P_compl_p1,Compliance with smoke-free health-care facilities law (score),EN
P_compl_all_sfe,P_compl_all_sfe,Overall compliance with regulations on smoke-free environments (score),EN
overwgt5,overwgt5,Overweight prevalence in children aged <five years (%),EN
overwgt3,overwgt3,Overweight prevalence in children aged <three years (%),EN
ort,ort,Children aged < 5 years with diarrhoea receiving oral rehydration therapy and continued feeding (%),EN
ors,ors,Children aged < 5 years with diarrhoea receiving oral rehydration salts (%),EN
ORGANTOTALRATE,ORGANTOTALRATE,Total organs transplanted (per million),EN
ORGANTOTALNUM,ORGANTOTALNUM,Total organs transplanted (absolute number),EN
ORGANTOTALDECRATE,ORGANTOTALDECRATE,Total actual deceased donors (per million),EN
ORGANTOTALDECNUM,ORGANTOTALDECNUM,Total actual deceased donors (absolute number),EN
ORGANPOP,ORGANPOP,Population (millions),EN
ORGANLIVERRATE,ORGANLIVERRATE,Liver transplants (per million),EN
ORGANLIVERNUM,ORGANLIVERNUM,Liver transplants (absolute number),EN
ORGANKIDNEYRATE,ORGANKIDNEYRATE,Kidney transplants (per million),EN
ORGANKIDNEYNUM,ORGANKIDNEYNUM,Kidney transplants (absolute number),EN
ORALHEALTH_UNTREATEDCARIESPERMANENT,ORALHEALTH_UNTREATEDCARIESPERMANENT,Prevalence of untreated caries of permanent teeth in people 5+ years (%),EN
ORALHEALTH_UNTREATEDCARIESDECIDUOUS,ORALHEALTH_UNTREATEDCARIESDECIDUOUS,Prevalence of untreated caries of deciduous teeth in children 1-9 years (%),EN
ORALHEALTH_UHC_REHABILITATION,ORALHEALTH_UHC_REHABILITATION,Oral health interventions as part of health benefit packages: Rehabilitatative oral health care,EN
ORALHEALTH_UHC_PREVENTIVE,ORALHEALTH_UHC_PREVENTIVE,Oral health interventions as part of health benefit packages: Routine and preventive oral health care,EN
ORALHEALTH_UHC_GOVSCHEME,ORALHEALTH_UHC_GOVSCHEME,Oral health interventions as part of health benefit packages: Coverage of the largest government health financing scheme (%),EN
ORALHEALTH_UHC_ESSENTIAL_CURATIVE,ORALHEALTH_UHC_ESSENTIAL_CURATIVE,Oral health interventions as part of health benefit packages: Essential curative oral health care,EN
ORALHEALTH_UHC_ADVANCE_CURATIVE,ORALHEALTH_UHC_ADVANCE_CURATIVE,Oral health interventions as part of health benefit packages: Advanced curative oral health care,EN
ORALHEALTH_SUGAR_AVAILABILITY,ORALHEALTH_SUGAR_AVAILABILITY,Per capita availability of refined sugar (g/day),EN
ORALHEALTH_SEVEREPERIODONTALDISEASE,ORALHEALTH_SEVEREPERIODONTALDISEASE,Prevalence of severe periodontal disease in people 15+ year (%),EN
ORALHEALTH_SERVICESPHCFACILITIES,ORALHEALTH_SERVICESPHCFACILITIES,Oral health care services generally available in primary health care facilities,EN
ORALHEALTH_PRODLOSS_ORALDISEASES,ORALHEALTH_PRODLOSS_ORALDISEASES,Total productivity losses due to 5 oral diseases in million (US$),EN
ORALHEALTH_ORALDISEASES,ORALHEALTH_ORALDISEASES,Oral diseases prevalence (%),EN
ORALHEALTH_NOMA,ORALHEALTH_NOMA,Oral health: Noma recognized as a national public health problem,EN
ORALHEALTH_NCD_STAFF,ORALHEALTH_NCD_STAFF,Presence of dedicated staff for oral health working on NCDs at the MoH,EN
ORALHEALTH_HWF_DENTALPROSTHETICTECH_10K,ORALHEALTH_HWF_DENTALPROSTHETICTECH_10K,Dental prosthetic technicians (per 10 000 population),EN
ORALHEALTH_FREESUGARSREDUCTION,ORALHEALTH_FREESUGARSREDUCTION,Implementing policy measures aiming to reduce free sugars intake,EN
ORALHEALTH_FLUORIDETOOTHPHASTE_LABOURDAYS,ORALHEALTH_FLUORIDETOOTHPHASTE_LABOURDAYS,Number of labour days needed to buy annual supply of fluoride toothpaste per person,EN
ORALHEALTH_EMLDENTALPREP,ORALHEALTH_EMLDENTALPREP,Presence of an EML with dental preparations,EN
ORALHEALTH_EDENTULISM_PREVALENCE,ORALHEALTH_EDENTULISM_PREVALENCE,Prevalence of edentulism in people 20+ years (%),EN
ORALHEALTH_DENTALHEALTHCARE_EXP_TOTAL,ORALHEALTH_DENTALHEALTHCARE_EXP_TOTAL,Total expenditure on dental healthcare in million (US$),EN
ORALHEALTH_DENTALHEALTHCARE_EXP_PERCAP,ORALHEALTH_DENTALHEALTHCARE_EXP_PERCAP,Per capita expenditure on dental healthcare (US$),EN
ORALHEALTH_DENTALAMALGAMPHASEDOWN,ORALHEALTH_DENTALAMALGAMPHASEDOWN,Measures to phase down the use of dental amalgam,EN
ORALHEALTH_DENOMINATOR_TTLPOP,ORALHEALTH_DENOMINATOR_TTLPOP,Total population in thousands (oral health),EN
ORALHEALTH_DENOMINATOR_CHEPPP,ORALHEALTH_DENOMINATOR_CHEPPP,Per capita current health expenditure in PPP (oral health),EN
ORALHEALTH_AVAILABILITY_URGENTCARE,ORALHEALTH_AVAILABILITY_URGENTCARE,Oral health: Urgent treatment for providing emergency oral care and pain relief,EN
ORALHEALTH_AVAILABILITY_SCREENING,ORALHEALTH_AVAILABILITY_SCREENING,Oral health screening for early detection of oral diseases,EN
ORALHEALTH_AVAILABILITY_RESTORATIVE,ORALHEALTH_AVAILABILITY_RESTORATIVE,Oral health: Basic restorative dental procedures to treat existing dental decay,EN
ORALHEALTH_AFFORDABILITY_FLUORIDETOOTHPASTE,ORALHEALTH_AFFORDABILITY_FLUORIDETOOTHPASTE,Affordability of fluoride toothpaste,EN
ORAL_HEALTH_CANCER_LIPORALCAVITY_NEWCASE_NUMBER,ORAL_HEALTH_CANCER_LIPORALCAVITY_NEWCASE_NUMBER,Number of new cases of lip and oral cavity cancer,EN
ORAL_HEALTH_CANCER_LIPORALCAVITY_100K,ORAL_HEALTH_CANCER_LIPORALCAVITY_100K,Incidence rate of lip and oral cavity cancer (per 100 000 population),EN
OHS_POLICYSTATUS,OHS_POLICYSTATUS,Existence of national policy instruments for occupational health and safety for health workers,EN
ODA_4,ODA_4,"Disbursements to recipient countries (Million, constant 2009 US$)",EN
ODA_3,ODA_3,"Donor disbursements (Million, constant 2009 US$)",EN
ODA_2,ODA_2,"Commitments to recipient countries (Million, constant 2009 US$)",EN
ODA_1,ODA_1,"Donor commitments (Million, constant 2009 US$)",EN
OCC_9,OCC_9,Occupational carcinogens attributable deaths,EN
OCC_8,OCC_8,Occupational airborne particulates attributable DALYs per 100'000 capita,EN
OCC_7,OCC_7,Occupational airborne particulates attributable deaths per 100'000 capita,EN
OCC_6,OCC_6,Occupational airborne particulates attributable DALYs ('000),EN
OCC_5,OCC_5,Occupational airborne particulates attributable deaths,EN
OCC_4,OCC_4,Occupational risk factors attributable DALYs per 100'000 capita,EN
OCC_3,OCC_3,Occupational risk factors attributable deaths per 100'000 capita,EN
OCC_22,OCC_22,Occupational injuries attributable DALYs per 100'000 capita,EN
OCC_21,OCC_21,Occupational injuries attributable deaths per 100'000 capita,EN
OCC_20,OCC_20,Occupational injuries attributable DALYs ('000),EN
OCC_2,OCC_2,Occupational risk factors attributable DALYs ('000),EN
OCC_19,OCC_19,Occupational injuries attributable deaths,EN
OCC_18,OCC_18,Occupational ergonomic stressors attributable DALYs per 100'000 capita,EN
OCC_17,OCC_17,Occupational ergonomic stressors attributable deaths per 100'000 capita,EN
OCC_16,OCC_16,Occupational ergonomic stressors attributable DALYs ('000),EN
OCC_15,OCC_15,Occupational ergonomic stressors attributable deaths,EN
OCC_14,OCC_14,Occupational noise attributable DALYs per 100'000 capita,EN
OCC_13,OCC_13,Occupational noise attributable DALYs ('000),EN
OCC_12,OCC_12,Occupational carcinogens attributable DALYs per 100'000 capita,EN
OCC_11,OCC_11,Occupational carcinogens attributable deaths per 100'000 capita,EN
OCC_10,OCC_10,Occupational carcinogens attributable DALYs ('000),EN
OCC_1,OCC_1,Occupational risk factors attributable deaths,EN
obesewm,obesewm,"Obesity prevalence in non-pregnant women aged 15-49 years, BMI >= 30 (%)",EN
OA_DMFT,OA_DMFT,"Decayed, missing, or filled teeth",EN
O_Varen_where,O_Varen_where,Varenicline - place available,EN
O_Varen_sold,O_Varen_sold,Varenicline - legally sold,EN
O_Varen_ins,O_Varen_ins,Varenicline - cost covered,EN
O_Quitline,O_Quitline,Access to a toll-free quit line,EN
O_NRT_where,O_NRT_where,Nicotine replacement therapy - place available,EN
O_NRT_sold,O_NRT_sold,Nicotine replacement therapy - legally sold,EN
O_NRT_ins,O_NRT_ins,Nicotine replacement therapy - cost covered,EN
O_NRT_EML,O_NRT_EML,Nicotine replacement therapy on the Essential Medicines List,EN
O_mCessation,O_mCessation,Provision of a mobile cessation service,EN
O_Ins_other,O_Ins_other,Treatment for tobacco dependence in other settings cost covered,EN
O_Ins_off_hlth_prof,O_Ins_off_hlth_prof,Treatment for tobacco dependence in offices of health professionals cost covered,EN
O_Ins_hosp,O_Ins_hosp,Treatment for tobacco dependence in hospitals cost covered,EN
O_Ins_hlth_clin,O_Ins_hlth_clin,Treatment for tobacco dependence in health clinics or other primary care facilities cost covered,EN
O_Ins_community,O_Ins_community,Treatment for tobacco dependence in the community cost covered,EN
O_Group,O_Group,Offering help to quit tobacco use,EN
O_Cytisine_where,O_Cytisine_where,Cytisine - place available,EN
O_Cytisine_sold,O_Cytisine_sold,Cytisine - legally sold,EN
O_Cytisine_ins,O_Cytisine_ins,Cytisine - cost covered,EN
O_Bup_where,O_Bup_where,Bupropion - place available,EN
O_Bup_sold,O_Bup_sold,Bupropion - legally sold,EN
O_Bup_ins,O_Bup_ins,Bupropion - cost covered,EN
O_Avail_other,O_Avail_other,Treatment for tobacco dependence available in other settings,EN
O_Avail_off_hlth_prof,O_Avail_off_hlth_prof,Treatment for tobacco dependence available in offices of health professionals,EN
O_Avail_hosp,O_Avail_hosp,Treatment for tobacco dependence available in hospitals,EN
O_Avail_hlthSPACEclin,O_Avail_hlthSPACEclin,Treatment for tobacco dependence available in health clinics or other primary care facilities,EN
O_Avail_hlth_clin,O_Avail_hlth_clin,Treatment for tobacco dependence available in health clinics or other primary care facilities,EN
O_Avail_community,O_Avail_community,Treatment for tobacco dependence available in the community,EN
NUTWASTINGPREV,NUTWASTINGPREV,"Wasted prevalence among children under 5 years of age (%), model-based estimates",EN
NUTWASTINGNUM,NUTWASTINGNUM,"Wasted numbers among children under 5 years of age (millions), model-based estimates",EN
NUTUNDERWEIGHTPREV,NUTUNDERWEIGHTPREV,"Underweight prevalence among children under 5 years of age (%), model-based estimates",EN
NUTUNDERWEIGHTNUM,NUTUNDERWEIGHTNUM,"Underweight numbers among children under 5 years of age (millions), model-based estimates",EN
NUTSTUNTINGPREV,NUTSTUNTINGPREV,"Stunting prevalence among children under 5 years of age (% height-for-age <-2 SD), model-based estimates",EN
NUTSTUNTINGNUM,NUTSTUNTINGNUM,"Stunting numbers among children under 5 years of age (millions), model-based estimates",EN
NUTSEVWASTINGPREV,NUTSEVWASTINGPREV,"Severe wasted prevalence among children under 5 years of age (%), model-based estimates",EN
NUTSEVWASTINGNUM,NUTSEVWASTINGNUM,"Severe wasted numbers among children under 5 years of age (millions), model-based estimates",EN
NUTRITION_WH_3,NUTRITION_WH_3,"Severe wasted prevalence among children under 5 years of age   (% weight-for-height <-3 SD), survey-based estimates",EN
NUTRITION_WH_2_NUM,NUTRITION_WH_2_NUM,"Wasting  among children under 5 years of age (weight-for-height <-2 SD), number (in thousands), survey-based estimates",EN
NUTRITION_WH_2,NUTRITION_WH_2,"Wasting prevalence among children under 5 years of age (% weight-for-height <-2 SD), survey-based estimates",EN
NUTRITION_WA_2,NUTRITION_WA_2,"Underweight prevalence among children under 5 years of age   (% weight-for-age <-2 SD), survey-based estimates",EN
NUTRITION_VOLTRON,NUTRITION_VOLTRON,Chimera voltron indicator to show summary table,EN
NUTRITION_ANT_WHZ_NE2,NUTRITION_ANT_WHZ_NE2,"Overweight prevalence among children under 5 years of age (% weight-for-height >+2 SD), survey-based estimates",EN
NUTRITION_ANT_HAZ_NE2,NUTRITION_ANT_HAZ_NE2,"Stunting prevalence among children under 5 years of age (% height-for-age <-2 SD), survey-based estimates",EN
NUTRITION_ANE_IFA_W_90P,NUTRITION_ANE_IFA_W_90P,Percentage of women consuming at least 90 iron-containing supplements during pregnancy,EN
NUTRITION_ANAEMIA_REPRODUCTIVEAGE_PREV,NUTRITION_ANAEMIA_REPRODUCTIVEAGE_PREV,Prevalence of anaemia in women of reproductive age (aged 15-49) (%),EN
NUTRITION_ANAEMIA_REPRODUCTIVEAGE_NUM,NUTRITION_ANAEMIA_REPRODUCTIVEAGE_NUM,Number of women of reproductive age (aged 15-49 years) with anaemia (thousands),EN
NUTRITION_ANAEMIA_PREGNANT_PREV,NUTRITION_ANAEMIA_PREGNANT_PREV,Prevalence of anaemia in pregnant women (aged 15-49) (%),EN
NUTRITION_ANAEMIA_PREGNANT_NUM,NUTRITION_ANAEMIA_PREGNANT_NUM,Number of pregnant women (aged 15-49 years) with anaemia (thousands),EN
NUTRITION_ANAEMIA_NONPREGNANT_PREV,NUTRITION_ANAEMIA_NONPREGNANT_PREV,Prevalence of anaemia in non-pregnant women (aged 15-49) (%),EN
NUTRITION_ANAEMIA_NONPREGNANT_NUM,NUTRITION_ANAEMIA_NONPREGNANT_NUM,Number of non-pregnant women (aged 15-49 years) with anaemia (thousands),EN
NUTRITION_ANAEMIA_CHILDREN_PREV,NUTRITION_ANAEMIA_CHILDREN_PREV,Prevalence of anaemia in children aged 6-59 months (%),EN
NUTRITION_ANAEMIA_CHILDREN_NUM,NUTRITION_ANAEMIA_CHILDREN_NUM,Number of children aged 6-59 months with anaemia (thousands),EN
NUTRITION_579,NUTRITION_579,Exclusive breastfeeding under 6 months (%),EN
NUTRITION_570,NUTRITION_570,Early initiation of breastfeeding (%),EN
NUTRITION_564,NUTRITION_564,Children aged <5 years wasted for age (%),EN
NUTRITION_2005,NUTRITION_2005,Proportion of children aged 6-23 months who receive a minimum acceptable diet,EN
NUTOVERWEIGHTPREV,NUTOVERWEIGHTPREV,"Overweight prevalence among children under 5 years of age (% weight-for-height >+2 SD), model-based estimates",EN
NUTOVERWEIGHTNUM,NUTOVERWEIGHTNUM,"Overweight numbers among children under 5 years of age (millions), model-based estimates",EN
NUT_CF_ZVF,NUT_CF_ZVF,"Zero vegetable or fruit consumption, 6-23 months",EN
NUT_CF_MMF,NUT_CF_MMF,Minimum Meal Frequency 6-23 months,EN
NUT_CF_MDD,NUT_CF_MDD,Minimum dietary diversity 6-23 months,EN
NUT_CF_MAD,NUT_CF_MAD,Minimum Acceptable Diet 6-23 months,EN
NUT_CF_ISSSF,NUT_CF_ISSSF,"Introduction of solid, semi-solid or soft foods 6-8 months",EN
NUT_CF_EFF,NUT_CF_EFF,Egg and/or Flesh Food Consumption 6-23 months,EN
NUT_BF_EVBF,NUT_BF_EVBF,Ever breastfed,EN
NUT_BF_EIBF,NUT_BF_EIBF,"Early Initiation of Breastfeeding, Children born in the last 24 months",EN
NUT_BF_EBF2D,NUT_BF_EBF2D,Exclusively breastfed for the first two days after birth,EN
NUT_BF_EBF_NUMTH,NUT_BF_EBF_NUMTH,Exclusive breastfeeding under six months (in thousands),EN
NUT_BF_EBF,NUT_BF_EBF,Exclusive breastfeeding under six months,EN
NUT_BF_CBF,NUT_BF_CBF,Continued breastfeeding 12-23 months,EN
NTD_YAWSNUM_SUSP,NTD_YAWSNUM_SUSP,Number of suspected yaws cases reported,EN
NTD_YAWSNUM_CONF,NTD_YAWSNUM_CONF,Number of confirmed yaws cases reported,EN
NTD_YAWSNUM,NTD_YAWSNUM,Number of cases of yaws reported,EN
NTD_YAWSEND,NTD_YAWSEND,Status of yaws endemicity,EN
NTD_TSOL4,NTD_TSOL4,Practice of backyard pig production,EN
NTD_TSOL3,NTD_TSOL3,Number of pigs in the country,EN
NTD_TSOL2,NTD_TSOL2,Presence of porcine cysticercosis,EN
NTD_TSOL1,NTD_TSOL1,Status of endemicity of Taenia solium,EN
NTD_TRA5,NTD_TRA5,Number of people operated for trachomatous trichiasis,EN
NTD_RAB2,NTD_RAB2,Reported number of human rabies deaths,EN
NTD_PINTASTATUS,NTD_PINTASTATUS,Status of pinta endemicity,EN
NTD_ONCTREAT,NTD_ONCTREAT,Reported number of individuals treated for onchocerciasis,EN
NTD_ONCHSTATUS,NTD_ONCHSTATUS,Status of endemicity of onchocerciasis,EN
NTD_ONCHEMO,NTD_ONCHEMO,Estimated number of individuals in the country requiring preventive chemotherapy for onchocerciasis,EN
NTD_LEPR9,NTD_LEPR9,Number of new leprosy cases with G2D among children (less than 15 years of age),EN
NTD_LEPR8,NTD_LEPR8,Leprosy - Number of new leprosy cases among children (less than 15 years of age),EN
NTD_LEPR7,NTD_LEPR7,Leprosy - New leprosy cases with G2D rate per 1 000 000 population,EN
NTD_LEPR5,NTD_LEPR5,Number of new G2D leprosy cases,EN
NTD_LEPR4,NTD_LEPR4,Leprosy registered prevalence rate per 1 000 000 population,EN
NTD_LEPR3,NTD_LEPR3,Leprosy - Number of cases registered for treatment,EN
NTD_LEPR2,NTD_LEPR2,New leprosy case detection rate per 1 000 000 population,EN
NTD_LEPR13,NTD_LEPR13,New leprosy child case detection rate (less than 15 years of age) per 1 000 000 child population,EN
NTD_LEPR11,NTD_LEPR11,Number of female leprosy new cases,EN
NTD_LEISHVNUM_IM,NTD_LEISHVNUM_IM,Number of imported cases of visceral leishmaniasis reported,EN
NTD_LEISHVNUM,NTD_LEISHVNUM,Number of cases of visceral leishmaniasis reported,EN
NTD_LEISHVEND,NTD_LEISHVEND,Status of endemicity of visceral leishmaniasis,EN
NTD_LEISHCNUM_IM,NTD_LEISHCNUM_IM,Number of imported cases of cutaneous leishmaniasis reported,EN
NTD_LEISHCNUM,NTD_LEISHCNUM,Number of cases of cutaneous leishmaniasis reported,EN
NTD_LEISHCEND,NTD_LEISHCEND,Status of endemicity of cutaneous leishmaniasis,EN
NTD_DRACASES,NTD_DRACASES,Dracunculiasis cases,EN
NTD_BU_SUSP,NTD_BU_SUSP,Number of suspected cases of Buruli ulcer reported,EN
NTD_BU_END,NTD_BU_END,Status of endemicity of Buruli ulcer,EN
NTD_BU_CONF,NTD_BU_CONF,Number of confirmed cases of Buruli ulcer reported,EN
NTD_BEJELSTATUS,NTD_BEJELSTATUS,Status of bejel endemicity,EN
NTD_8,NTD_8,Number of people who received treatment with antibiotics for trachoma,EN
NTD_7,NTD_7,"Population in areas that warrant treatment with antibiotics, facial cleanliness and environmental improvement for elimination of trachoma as a public health problem",EN
NTD_6,NTD_6,Status of elimination of trachoma as a public health problem,EN
NTD_5,NTD_5,Number of new reported cases of human African trypanosomiasis (T.b. rhodesiense),EN
NTD_4,NTD_4,Number of new reported cases of human African trypanosomiasis (T.b. gambiense),EN
NTD_3,NTD_3,Annual incidence of dracunculiasis cases,EN
NTD_2,NTD_2,Dracunculiasis certification status of countries at the beginning of the year,EN
NTD_1,NTD_1,Number of new reported cases of Buruli ulcer,EN
NTCP_govt_obj,NTCP_govt_obj,Government objectives on tobacco control exist,EN
NTCP_govt_exp,NTCP_govt_exp,Annual budget for tobacco control in currency reported,EN
NTCP_FTE,NTCP_FTE,Number of full-time equivalent staff in national agency,EN
NTCP_curr,NTCP_curr,Reported currency,EN
NTCP_budget_year,NTCP_budget_year,Budget year,EN
NTCP_agcy,NTCP_agcy,National agency for tobacco control exists,EN
nmr,nmr,Neonatal mortality rate (deaths per 1000 live births),EN
NLIS_NU_CA_116,NLIS_NU_CA_116,NLIS: Minimum dietary diversity (MDD) in children 6-23 months (%),EN
NLIS_NU_CA_115,NLIS_NU_CA_115,NLIS: Continued breastfeeding at 2 years in infants 20-23 months (%),EN
NLIS_NU_CA_114,NLIS_NU_CA_114,NLIS: Continued breastfeeding at 1 year in infants 12-15 months (%),EN
NLIS_NU_CA_095,NLIS_NU_CA_095,NLIS: Minimum acceptable diet (MAD) in children 6-23 months (%),EN
NLIS_NU_CA_053,NLIS_NU_CA_053,"NLIS: Introduction to solid, semisolid or soft foods in infants 6-8 months (%)",EN
NLIS_NU_CA_049,NLIS_NU_CA_049,NLIS: Children with diarrhoea receiving zinc and ORS (%),EN
NLIS_NU_CA_041,NLIS_NU_CA_041,NLIS: Children with diarrhoea <5 y receiving oral rehydration therapy (ORT) and continued feeding (%),EN
NLIS_NU_CA_003,NLIS_NU_CA_003,NLIS: Early initiation of breastfeeding within 1 hour of birth (%),EN
NHAPREPAIDTHE,NHAPREPAIDTHE,Prepaid plans as percentage of total health expenditure?,EN
NHAOOPSTHE,NHAOOPSTHE,Out-of-Pocket expenditure on health as percentage of total health expenditure??,EN
NHAGGHEGDP,NHAGGHEGDP,General government expenditure on health as percentage of gross domestic product,EN
NHABASIS,NHABASIS,Basis for NHA estimate,EN
NCDMORT3070,NCDMORT3070,"Probability (%) of dying between age 30 and exact age 70 from any of cardiovascular disease, cancer, diabetes, or chronic respiratory disease",EN
NCDCCS_COUNTRYRESPONSE,NCDCCS_COUNTRYRESPONSE,NCD country capacity survey response,EN
NCD_UNDER70,NCD_UNDER70,Premature deaths due to noncommunicable diseases (NCD) as a proportion of all NCD deaths,EN
NCD_SENSORYFUNCTION_VISION_EREC,NCD_SENSORYFUNCTION_VISION_EREC,Vision and eyecare: Effective refractive error coverage (eREC) (%),EN
NCD_PAC_ADO,NCD_PAC_ADO,Insufficiently active (crude estimate),EN
NCD_PAC,NCD_PAC,Prevalence of insufficient physical activity among adults aged 18+ years (crude estimate) (%),EN
NCD_PAA,NCD_PAA,Prevalence of insufficient physical activity among adults aged 18+ years (age-standardized estimate) (%),EN
NCD_HYP_TREATMENT_C,NCD_HYP_TREATMENT_C,"Hypertension treatment coverage among adults aged 30-79, crude",EN
NCD_HYP_TREATMENT_A,NCD_HYP_TREATMENT_A,"Hypertension treatment coverage among adults aged 30-79 , age-standardized",EN
NCD_HYP_PREVALENCE_C,NCD_HYP_PREVALENCE_C,"Prevalence of hypertension among adults aged 30-79 years, crude",EN
NCD_HYP_PREVALENCE_A,NCD_HYP_PREVALENCE_A,"Prevalence of hypertension among adults aged 30-79 years, age-standardized",EN
NCD_HYP_DIAGNOSIS_C,NCD_HYP_DIAGNOSIS_C,"Hypertension diagnosis coverage among adults aged 30-79 , crude",EN
NCD_HYP_DIAGNOSIS_A,NCD_HYP_DIAGNOSIS_A,"Hypertension diagnosis coverage among adults aged 30-79 , age-standardized",EN
NCD_HYP_CONTROL_C,NCD_HYP_CONTROL_C,"Effective hypertension treatment coverage among adults aged 30-79, crude",EN
NCD_HYP_CONTROL_A,NCD_HYP_CONTROL_A,"Effective hypertension treatment coverage among adults aged 30-79, age-standardized",EN
NCD_GLUC_04,NCD_GLUC_04,Raised fasting blood glucose (>=7.0 mmol/L) (age-standardized estimate),EN
NCD_GLUC_03,NCD_GLUC_03,Raised fasting blood glucose (>= 7.0 mmol/L) (crude estimate),EN
NCD_GLUC_02,NCD_GLUC_02,Mean fasting blood glucose (mmol/l) (crude estimate),EN
NCD_GLUC_01,NCD_GLUC_01,Mean fasting blood glucose (mmol/l) (age-standardized estimate),EN
NCD_DTH_TOT,NCD_DTH_TOT,Total NCD Deaths,EN
NCD_DIABETES_TREATMENT_CRUDE,NCD_DIABETES_TREATMENT_CRUDE,"Diabetes treatment coverage, crude",EN
NCD_DIABETES_TREATMENT_AGESTD,NCD_DIABETES_TREATMENT_AGESTD,"Diabetes treatment coverage, age-standardized",EN
NCD_DIABETES_PREVALENCE_CRUDE,NCD_DIABETES_PREVALENCE_CRUDE,"Prevalence of diabetes, crude",EN
NCD_DIABETES_PREVALENCE_AGESTD,NCD_DIABETES_PREVALENCE_AGESTD,"Prevalence of diabetes, age-standardized",EN
NCD_CXCA_SCREENED_WITHIN_TIMEPERIOD,NCD_CXCA_SCREENED_WITHIN_TIMEPERIOD,Prevalence of cervical cancer screening  among women aged 30-49 years (%),EN
NCD_CHOL_MEANTOTALCHOL_C,NCD_CHOL_MEANTOTALCHOL_C,"Mean total cholesterol,  crude",EN
NCD_CHOL_MEANTOTALCHOL_A,NCD_CHOL_MEANTOTALCHOL_A,"Mean total cholesterol,  age-standardized",EN
NCD_CHOL_MEANNONHDL_C,NCD_CHOL_MEANNONHDL_C,"Mean Non-HDL cholesterol, crude",EN
NCD_CHOL_MEANNONHDL_A,NCD_CHOL_MEANNONHDL_A,"Mean Non-HDL cholesterol, age-standardized",EN
NCD_CHOL_MEANHDL_C,NCD_CHOL_MEANHDL_C,"Mean HDL cholesterol, crude",EN
NCD_CHOL_MEANHDL_A,NCD_CHOL_MEANHDL_A,"Mean HDL cholesterol, age-standardized",EN
NCD_CCS_UrineAlbumin,NCD_CCS_UrineAlbumin,General availability of urine testing for albumin,EN
NCD_CCS_urine_strips_gluc_ketone,NCD_CCS_urine_strips_gluc_ketone,General availability of urine strips for glucose and ketone measurement at the primary health care level,EN
NCD_CCS_TransFat,NCD_CCS_TransFat,Existence of national policies on trans-fatty acid elimination,EN
NCD_CCS_TobPlan,NCD_CCS_TobPlan,Existence of operational policy/strategy/action plan to decrease tobacco use,EN
NCD_CCS_TOB_TARGET,NCD_CCS_TOB_TARGET,Existence of a national target on tobacco,EN
NCD_CCS_TOB_SVY,NCD_CCS_TOB_SVY,"Has conducted a recent, national adult risk factor survey covering tobacco use",EN
NCD_CCS_TOB_MGMT_GUIDE,NCD_CCS_TOB_MGMT_GUIDE,Existence of evidence-based national guidelines/protocols/standards for the management of tobacco dependence,EN
NCD_CCS_thrombolytic,NCD_CCS_thrombolytic,General availability of thrombolytic therapy in the public health system,EN
NCD_CCS_Thiazide,NCD_CCS_Thiazide,General availability of thiazide diuretics in the public health sector,EN
NCD_CCS_TEL_HYDRO_COMBO,NCD_CCS_TEL_HYDRO_COMBO,General availability of Fixed dose combination avail (telmisartan + hydrochlorothiazide) in the public health sector,EN
NCD_CCS_TEL_AML_COMBO,NCD_CCS_TEL_AML_COMBO,General availability of Fixed dose combination avail (telmisartan + amlodipine) in the public health sector,EN
NCD_CCS_targets,NCD_CCS_targets,Existence of a set of time-bound national targets based on WHO guidance,EN
NCD_CCS_SurvMonRep9NCD,NCD_CCS_SurvMonRep9NCD,Existence of an NCD surveillance and monitoring system in place to enable reporting against the nine global NCD targets,EN
NCD_CCS_sulphonylurea,NCD_CCS_sulphonylurea,General availability of sulphonylurea(s) in the public health sector,EN
NCD_CCS_stroke,NCD_CCS_stroke,Provision for care of acute stroke and rehabilitation in more than 50% of public sector health facilities,EN
NCD_CCS_Steroid,NCD_CCS_Steroid,General availability of steroid inhalers in the public health sector,EN
NCD_CCS_Statins,NCD_CCS_Statins,General availability of statins in the public health sector,EN
NCD_CCS_SSBTAX,NCD_CCS_SSBTAX,Existence of tax on sugar-sweetened beverages,EN
NCD_CCS_Spirom,NCD_CCS_Spirom,General availability of spirometry at the primary health care level,EN
NCD_CCS_SatTransFat,NCD_CCS_SatTransFat,Existence of national policies on saturated fatty acids / trans-fats,EN
NCD_CCS_SatFat,NCD_CCS_SatFat,Existence of national policies on saturated fatty acids / trans-fats,EN
NCD_CCS_SaltPol,NCD_CCS_SaltPol,Existence of any policies to reduce population salt consumption,EN
NCD_CCS_SALT_TARGET,NCD_CCS_SALT_TARGET,Existence of a national target on salt,EN
NCD_CCS_SALT_SVY,NCD_CCS_SALT_SVY,"Has conducted a recent, national adult risk factor survey covering salt/sodium intake",EN
NCD_CCS_riskstrat,NCD_CCS_riskstrat,Availability of cardiovascular risk stratification in 50% or more primary health care facilities,EN
NCD_CCS_rheumreg,NCD_CCS_rheumreg,Existence of a register of patients who had rheumatic fever and rheumatic heart disease,EN
NCD_CCS_rheumfollowup,NCD_CCS_rheumfollowup,Has systems for follow-up/recall to deliver long-term penicillin prophylaxis to patients with rheumatic fever and rheumatic heart disease,EN
NCD_CCS_rheum,NCD_CCS_rheum,Provision for secondary prevention of rheumatic fever and rheumatic heart disease in more than 50% of public sector health facilities,EN
NCD_CCS_renaltrans,NCD_CCS_renaltrans,General availability of renal replacement by transplantation in the public health system,EN
NCD_CCS_radio,NCD_CCS_radio,General availability of radiotherapy in the public sector,EN
NCD_CCS_PRICE_SUBS,NCD_CCS_PRICE_SUBS,Existence of price subsidies for healthy foods,EN
NCD_CCS_PM3_Surv,NCD_CCS_PM3_Surv,Has a STEPS survey or a comprehensive health examination survey every 5 years,EN
NCD_CCS_photocoag,NCD_CCS_photocoag,General availability of retinal photocoagulation in the public health system,EN
NCD_CCS_PeakFlow,NCD_CCS_PeakFlow,General availability of peak flow measurement at the primary health care level,EN
NCD_CCS_PBCR,NCD_CCS_PBCR,Existence of population-based cancer registry,EN
NCD_CCS_path_lab,NCD_CCS_path_lab,General availability of pathology services (laboratories) in the public sector,EN
NCD_CCS_PAPlan,NCD_CCS_PAPlan,Existence of operational policy/strategy/action plan to reduce physical inactivity,EN
NCD_CCS_palliative_prim,NCD_CCS_palliative_prim,General availability of palliative care in primary health care in the public health system,EN
NCD_CCS_palliative_home,NCD_CCS_palliative_home,General availability of palliative care in community or home-based care in the public health system,EN
NCD_CCS_paaware,NCD_CCS_paaware,Implementation of physical activity public awareness program,EN
NCD_CCS_PA_TAX,NCD_CCS_PA_TAX,Existence of tax incentives to promote physical activity,EN
NCD_CCS_PA_TARGET,NCD_CCS_PA_TARGET,Existence of a national target on physical inactivity,EN
NCD_CCS_PA_SVY,NCD_CCS_PA_SVY,"Has conducted a recent, national adult risk factor survey covering physical inactivity",EN
NCD_CCS_PA_POL_WORK,NCD_CCS_PA_POL_WORK,Existence of policy promoting physical activity: workplace initiatives,EN
NCD_CCS_PA_POL_WALKBIKE,NCD_CCS_PA_POL_WALKBIKE,Existence of policy promoting physical activity: walking and cycling,EN
NCD_CCS_PA_POL_PUBLIC,NCD_CCS_PA_POL_PUBLIC,Existence of policy promoting physical activity: public open spaces,EN
NCD_CCS_PA_POL_COMM_BASED,NCD_CCS_PA_POL_COMM_BASED,Existence of policy promoting physical activity: community-based and sports initiatives,EN
NCD_CCS_PA_POL_CHILDCARE,NCD_CCS_PA_POL_CHILDCARE,Existence of policy promoting physical activity: childcare settings,EN
NCD_CCS_PA_POL_AGEING,NCD_CCS_PA_POL_AGEING,Existence of policy promoting physical activity: active ageing,EN
NCD_CCS_PA_MGMT_GUIDE,NCD_CCS_PA_MGMT_GUIDE,Existence of evidence-based national guidelines/protocols/standards for the management of physical inactivity,EN
NCD_CCS_PA_MASS_PART,NCD_CCS_PA_MASS_PART,Implementation of a recent mass participation event,EN
NCD_CCS_PA_GUIDELINES_UNDER5,NCD_CCS_PA_GUIDELINES_UNDER5,Existence of national guidelines for physical activity for children under 5,EN
NCD_CCS_PA_GUIDELINES_OLDADULTS,NCD_CCS_PA_GUIDELINES_OLDADULTS,Existence of national guidelines for physical activity for older adults,EN
NCD_CCS_PA_GUIDELINES_ADULTS,NCD_CCS_PA_GUIDELINES_ADULTS,Existence of national guidelines for physical activity for adults,EN
NCD_CCS_PA_GUIDELINES_5to19,NCD_CCS_PA_GUIDELINES_5to19,Existence of national guidelines for physical activity for children and adolescents aged 5-19,EN
NCD_CCS_PA_GUIDELINES,NCD_CCS_PA_GUIDELINES,Existence of national guidelines for physical activity,EN
NCD_CCS_OvwtPlan,NCD_CCS_OvwtPlan,Existence of operational policy/strategy/action plan to reduce overweight/obesity,EN
NCD_CCS_OVWT_SVY,NCD_CCS_OVWT_SVY,"Has conducted a recent, national adult risk factor survey covering overweight and obesity",EN
NCD_CCS_OralMorph,NCD_CCS_OralMorph,General availability of oral morphine in the public health sector,EN
NCD_CCS_oralhealthplan,NCD_CCS_oralhealthplan,Existence of operational policy/strategy/action plan for oral health,EN
NCD_CCS_OBES_TARGET,NCD_CCS_OBES_TARGET,Existence of a national target on obesity,EN
NCD_CCS_OBES_MGMT_GUIDE,NCD_CCS_OBES_MGMT_GUIDE,Existence of evidence-based national guidelines/protocols/standards for the management of overweight/obesity,EN
NCD_CCS_Nicotine,NCD_CCS_Nicotine,General availability of nicotine replacement therapy in the public health sector,EN
NCD_CCS_NCDUnit_Operational,NCD_CCS_NCDUnit_Operational,"Existence of an Operational Unit, Branch, or Dept. in Ministry of Health with responsibility for NCDs",EN
NCD_CCS_NCDIndicators,NCD_CCS_NCDIndicators,Existence of a set of national NCD indicators and has set time-bound national targets for these indicators,EN
NCD_CCS_NCDGuide,NCD_CCS_NCDGuide,Existence of evidence-based national guidelines/protocols/standards for the management of major NCDs through a primary care approach,EN
NCD_CCS_MultisecComm,NCD_CCS_MultisecComm,"Existence of a national multisectoral commission, agency or mechanism for NCDs",EN
NCD_CCS_MORT_TARGET,NCD_CCS_MORT_TARGET,Existence of a national target on NCD mortality,EN
NCD_CCS_Mkting,NCD_CCS_Mkting,Existence of any policies on marketing of foods to children,EN
NCD_CCS_Metformin,NCD_CCS_Metformin,General availability of metformin in the public health sector,EN
NCD_CCS_LIS_HYDRO_COMBO,NCD_CCS_LIS_HYDRO_COMBO,General availability of Fixed dose combination avail (lisinopril + hydrochlorothiazide) in the public health sector,EN
NCD_CCS_LIS_AML_COMBO,NCD_CCS_LIS_AML_COMBO,General availability of Fixed dose combination avail (lisinopril + amlodipine) in the public health sector,EN
NCD_CCS_integNCDplan,NCD_CCS_integNCDplan,"Existence of an operational, multisectoral national NCD policy, strategy or action plan that integrates several NCDs and their risk factors",EN
NCD_CCS_Insulin,NCD_CCS_Insulin,General availability of insulin in the public health sector,EN
NCD_CCS_hpv,NCD_CCS_hpv,Existence of national HPV vaccination programme,EN
NCD_CCS_HearingPlan,NCD_CCS_HearingPlan,Existence of operational policy/strategy/action plan for hearing health,EN
NCD_CCS_HbA1c,NCD_CCS_HbA1c,General availability of diabetes testing (by HbA1c) at the primary health care level,EN
NCD_CCS_foot_vibr,NCD_CCS_foot_vibr,General availability of foot vibration perception by tuning fork at the primary health care level,EN
NCD_CCS_FOOD_TAX,NCD_CCS_FOOD_TAX,"Existence of tax on foods high in fat, sugars or salt",EN
NCD_CCS_EyePlan,NCD_CCS_EyePlan,Existence of operational policy/strategy/action plan for eye health,EN
NCD_CCS_ESS_MEDS_TECH_TARGET,NCD_CCS_ESS_MEDS_TECH_TARGET,Existence of a national target on essential medicines and technologies,EN
NCD_CCS_DRUG_THERAPY_TARGET,NCD_CCS_DRUG_THERAPY_TARGET,Existence of a national target on drug therapy and counselling,EN
NCD_CCS_dilated_fundus,NCD_CCS_dilated_fundus,General availability of dilated fundus examination at the primary health care level,EN
NCD_CCS_DietPlan,NCD_CCS_DietPlan,Existence of operational policy/strategy/action plan to reduce unhealthy diet related to NCDs,EN
NCD_CCS_dietpaaware,NCD_CCS_dietpaaware,Implementation of diet and/or physical activity public awareness program,EN
NCD_CCS_DIET_SVY,NCD_CCS_DIET_SVY,"Has conducted a recent, national adult risk factor survey covering unhealthy diet",EN
NCD_CCS_DIET_AWARE,NCD_CCS_DIET_AWARE,Implementation of a nutrition public awareness program,EN
NCD_CCS_dialysis,NCD_CCS_dialysis,General availability of dialysis in the public health system,EN
NCD_CCS_diabtest,NCD_CCS_diabtest,"General availability of diabetes testing (by blood glucose measurement, OGTT) at the primary health care level",EN
NCD_CCS_DiabPlan,NCD_CCS_DiabPlan,Existence of operational policy/strategy/action plan for diabetes,EN
NCD_CCS_DiabetesTest,NCD_CCS_DiabetesTest,"General availability of diabetes testing (by blood glucose measurement, OGTT, or HbA1c) at the primary health care level",EN
NCD_CCS_DiabetesReg,NCD_CCS_DiabetesReg,Existence of a diabetes registry,EN
NCD_CCS_DIAB_TARGET,NCD_CCS_DIAB_TARGET,Existence of a national target on diabetes,EN
NCD_CCS_DIAB_SVY,NCD_CCS_DIAB_SVY,"Has conducted a recent, national adult risk factor survey covering raised blood glucose/diabetes",EN
NCD_CCS_diab_retin,NCD_CCS_diab_retin,General availability of diabetic retinopathy screening in the public health system,EN
NCD_CCS_DIAB_GUIDE,NCD_CCS_DIAB_GUIDE,Existence of evidence-based national guidelines/protocols/standards for the management of diabetes,EN
NCD_CCS_CVDPlan,NCD_CCS_CVDPlan,Existence of operational policy/strategy/action plan for cardiovascular diseases,EN
NCD_CCS_CVD_GUIDE,NCD_CCS_CVD_GUIDE,Existence of evidence-based national guidelines/protocols/standards for the management of cardiovascular diseases,EN
NCD_CCS_CRDPlan,NCD_CCS_CRDPlan,Existence of operational policy/strategy/action plan for chronic respiratory diseases,EN
NCD_CCS_CRD_GUIDE,NCD_CCS_CRD_GUIDE,Existence of evidence-based national guidelines/protocols/standards for the management of chronic respiratory diseases,EN
NCD_CCS_coronary,NCD_CCS_coronary,General availability of coronary bypass or stenting in the public health system,EN
NCD_CCS_ComboInhaler,NCD_CCS_ComboInhaler,General availability of combination budesonide formoterol inhaler in the public health sector,EN
NCD_CCS_CholMsmt,NCD_CCS_CholMsmt,General availability of total cholesterol measurement at the primary health care level,EN
NCD_CCS_CHOL_SVY,NCD_CCS_CHOL_SVY,"Has conducted a recent, national adult risk factor survey covering raised total cholesterol",EN
NCD_CCS_chemo,NCD_CCS_chemo,General availability of chemotherapy in the public health system,EN
NCD_CCS_cervicalcancerscreening,NCD_CCS_cervicalcancerscreening,Existence of national screening program for cervical cancer,EN
NCD_CCS_cervicalcancerpgmtype,NCD_CCS_cervicalcancerpgmtype,Type of national cervical cancer screening program,EN
NCD_CCS_cervicalcancerpgmcvg,NCD_CCS_cervicalcancerpgmcvg,Coverage of national cervical cancer screening program (%),EN
NCD_CCS_cervicalcancermethod,NCD_CCS_cervicalcancermethod,Most widely used screening method in national cervical cancer screening program,EN
NCD_CCS_CervCy,NCD_CCS_CervCy,General availability of cervical cytology at the primary health care level,EN
NCD_CCS_CCBlkrs,NCD_CCS_CCBlkrs,General availability of CC blockers in the public health sector,EN
NCD_CCS_CancerRegNational,NCD_CCS_CancerRegNational,Existence of population-based cancer registry,EN
NCD_CCS_CancerPlan,NCD_CCS_CancerPlan,Existence of operational policy/strategy/action plan for cancer,EN
NCD_CCS_cancer_surgery,NCD_CCS_cancer_surgery,General availability of cancer surgery in the public sector,EN
NCD_CCS_CANCER_GUIDE,NCD_CCS_CANCER_GUIDE,Existence of evidence-based national guidelines/protocols/standards for the management of cancer,EN
NCD_CCS_CANCER_DEPT,NCD_CCS_CANCER_DEPT,General availability of cancer centres or cancer departments at tertiary level in the public sector,EN
NCD_CCS_Bronchodilators,NCD_CCS_Bronchodilators,General availability of bronchodilators in the public health sector,EN
NCD_CCS_breastcancerscreening,NCD_CCS_breastcancerscreening,Existence of national screening program for breast cancer,EN
NCD_CCS_BreastCancer,NCD_CCS_BreastCancer,General availability of breast cancer screening (by palpation or mammogram) at the primary health care level,EN
NCD_CCS_BPmsmt,NCD_CCS_BPmsmt,General availability of blood pressure measurement at the primary health care level,EN
NCD_CCS_BP_TARGET,NCD_CCS_BP_TARGET,Existence of a national target on blood pressure / hypertension,EN
NCD_CCS_BP_SVY,NCD_CCS_BP_SVY,"Has conducted a recent, national adult risk factor survey covering raised blood pressure/hypertension",EN
NCD_CCS_BowelCancer,NCD_CCS_BowelCancer,General availability of colon cancer screening at the primary health care level,EN
NCD_CCS_bone_marrow,NCD_CCS_bone_marrow,General availability of bone marrow transplantation in the public health system,EN
NCD_CCS_betablockers,NCD_CCS_betablockers,General availability of beta blockers in the public health sector,EN
NCD_CCS_Aspirin,NCD_CCS_Aspirin,General availability of aspirin (100 mg) in the public health sector,EN
NCD_CCS_ARB,NCD_CCS_ARB,General availability of Angiotensin II receptor blockers (ARBs) in the public health sector,EN
NCD_CCS_alteplase,NCD_CCS_alteplase,General availability of alteplase for acute stroke management in the public health system,EN
NCD_CCS_AlcPlan,NCD_CCS_AlcPlan,Existence of operational policy/strategy/action plan to reduce the harmful use of alcohol,EN
NCD_CCS_ALC_TARGET,NCD_CCS_ALC_TARGET,Existence of a national target on alcohol,EN
NCD_CCS_ALC_SVY,NCD_CCS_ALC_SVY,"Has conducted a recent, national adult risk factor survey covering harmful alcohol use",EN
NCD_CCS_ALC_MGMT_GUIDE,NCD_CCS_ALC_MGMT_GUIDE,Existence of evidence-based national guidelines/protocols/standards for the management of alcohol use disorders,EN
NCD_CCS_ACE,NCD_CCS_ACE,General availability of ACE inhibitors in the public health sector,EN
NCD_BMI_PLUS2C,NCD_BMI_PLUS2C,"Prevalence of obesity among children and adolescents, BMI > +2 standard deviations above the median (crude estimate) (%)",EN
NCD_BMI_PLUS2A,NCD_BMI_PLUS2A,"Prevalence of obesity among children and adolescents, BMI > +2 standard deviations above the median (age-standardized estimate) (%)",EN
NCD_BMI_PLUS1C,NCD_BMI_PLUS1C,"Prevalence of overweight among children and adolescents, BMI > +1 standard deviations above the median (crude estimate) (%)",EN
NCD_BMI_PLUS1A,NCD_BMI_PLUS1A,"Prevalence of overweight among children and adolescents, BMI > +1 standard deviations above the median (age-standardized estimate) (%)",EN
NCD_BMI_MINUS2C,NCD_BMI_MINUS2C,"Prevalence of thinness among children and adolescents, BMI < -2 standard deviations below the median (crude estimate) (%)",EN
NCD_BMI_MINUS2A,NCD_BMI_MINUS2A,"Prevalence of thinness among children and adolescents, BMI < -2 standard deviations below the median (age-standardized estimate) (%)",EN
NCD_BMI_MEANC,NCD_BMI_MEANC,Mean BMI (kg/m&#xb2;) (crude estimate),EN
NCD_BMI_MEAN,NCD_BMI_MEAN,Mean BMI (kg/m²) (age-standardized estimate),EN
NCD_BMI_30C,NCD_BMI_30C,"Prevalence of obesity among adults, BMI &GreaterEqual; 30 (crude estimate) (%)",EN
NCD_BMI_30A,NCD_BMI_30A,"Prevalence of obesity among adults, BMI &GreaterEqual; 30 (age-standardized estimate) (%)",EN
NCD_BMI_25C,NCD_BMI_25C,"Prevalence of overweight among adults, BMI &GreaterEqual; 25 (crude estimate) (%)",EN
NCD_BMI_25A,NCD_BMI_25A,"Prevalence of overweight among adults, BMI &GreaterEqual; 25 (age-standardized estimate) (%)",EN
NCD_BMI_18C,NCD_BMI_18C,"Prevalence of underweight among adults, BMI < 18 (crude estimate) (%)",EN
NCD_BMI_18A,NCD_BMI_18A,"Prevalence of underweight among adults, BMI < 18 (age-standardized estimate) (%)",EN
MSM_SYPHILISPREV_PERCENT,MSM_SYPHILISPREV_PERCENT,Men who have sex with men: Syphilis prevalence (percent),EN
MSM_PSE_NUM,MSM_PSE_NUM,Men who have sex with men: Population size estimate (number),EN
MSM_CONDOMUSE_PERCENT,MSM_CONDOMUSE_PERCENT,Men who have sex with men: Condom use (percent),EN
mslv,mslv,Measles immunization coverage among one-year-olds (%),EN
MORTADO,MORTADO,Adolescent mortality rate (per 1 000 age specific cohort),EN
MORT_MATERNALNUM,MORT_MATERNALNUM,Number of maternal deaths,EN
MORT_700,MORT_700,Projection of deaths per 100 000 population,EN
MORT_600,MORT_600,Projection of number of deaths,EN
MORT_500,MORT_500,Number of deaths,EN
MORT_400,MORT_400,Deaths per 100 000 population,EN
MORT_300,MORT_300,Distribution of causes of death among children aged < 5 years (%),EN
MORT_200,MORT_200,Deaths per 1 000 live births,EN
MORT_100,MORT_100,"Number of deaths in children aged <5 years, by cause",EN
MH_9,MH_9,"Psychologists working in mental health sector (per 100,000)",EN
MH_8,MH_8,"Social workers working in mental health sector (per 100,000)",EN
MH_7,MH_7,"Nurses working in mental health sector (per 100,000)",EN
MH_6,MH_6,"Psychiatrists working in mental health sector (per 100,000)",EN
MH_5,MH_5,Government expenditures on mental hospitals as a percentage of total government expenditures on mental health (%),EN
MH_4,MH_4,Government expenditures on mental health as a percentage of total government expenditures on health (%),EN
MH_3,MH_3,Stand-alone mental health legislation,EN
MH_27,MH_27,Publication year of the policy or plan (latest revision),EN
MH_26,MH_26,Year the law was enacted (latest revision),EN
MH_25,MH_25,Stand-alone policy or plan for mental health,EN
MH_24,MH_24,"Mental health units in general hospitals admissions (per 100,000)",EN
MH_23,MH_23,"Other non-specialized doctors in mental health sector (per 100,000)",EN
MH_22,MH_22,"Occupational therapists in mental health sector (per 100,000)",EN
MH_21,MH_21,"Total workforce in mental health sector (per 100,000)",EN
MH_20,MH_20,"Outpatient visits (per 100,000)",EN
MH_2,MH_2,Mental health plan,EN
MH_19,MH_19,"Mental hospital admissions (per 100,000)",EN
MH_18,MH_18,"Mental health units in general hospitals (per 100,000)",EN
MH_17,MH_17,"Mental hospitals (per 100,000)",EN
MH_16,MH_16,"Beds in mental hospitals (per 100,000)",EN
MH_15,MH_15,"Beds in community residential facilities (per 100,000)",EN
MH_14,MH_14,"Community residential facilities (per 100,000)",EN
MH_13,MH_13,"Beds for mental health in general hospitals (per 100,000)",EN
MH_12,MH_12,Age-standardized suicide rates (per 100 000 population),EN
MH_11,MH_11,"Mental health day treatment facilities (per 100,000)",EN
MH_10,MH_10,"Mental health outpatient facilities (per 100,000)",EN
MH_1,MH_1,Mental health policy,EN
MENING_3,MENING_3,Number of meningitis epidemic districts,EN
MENING_2,MENING_2,Number of suspected meningitis cases reported,EN
MENING_1,MENING_1,Number of suspected meningitis deaths reported,EN
MDG_0000000034,MDG_0000000034,"Antiretroviral therapy coverage among people with advanced HIV infection (%), WHO 2006 guidelines",EN
MDG_0000000033,MDG_0000000033,Antiretroviral therapy coverage among people with HIV infection eligible for ART according to 2010 guidelines (%),EN
MDG_0000000032,MDG_0000000032,Maternal mortality ratio (per 100 000 live births) - Country reported estimates,EN
MDG_0000000031,MDG_0000000031,Smear-positive tuberculosis treatment-success rate (%),EN
MDG_0000000030,MDG_0000000030,Smear-positive tuberculosis case-detection rate (%),EN
MDG_0000000029,MDG_0000000029,Prevalence of HIV among adults aged 15 to 49 (%),EN
MDG_0000000027,MDG_0000000027,Children aged <5 years stunted (%),EN
MDG_0000000026,MDG_0000000026,Maternal mortality ratio (per 100 000 live births),EN
MDG_0000000025_AGE1519,MDG_0000000025_AGE1519,"Births attended by skilled health personnel, among girls aged 15-19 (%)",EN
MDG_0000000025,MDG_0000000025,Births attended by skilled health personnel (%),EN
MDG_0000000024,MDG_0000000024,Tuberculosis treatment success under DOTS (%),EN
MDG_0000000023,MDG_0000000023,Prevalence of tuberculosis (per 100 000 population),EN
MDG_0000000022,MDG_0000000022,Tuberculosis detection rate under DOTS (%),EN
MDG_0000000021,MDG_0000000021,Population aged 15-24 years with comprehensive correct knowledge of HIV/AIDS (%),EN
MDG_0000000020,MDG_0000000020,Incidence of tuberculosis (per 100 000 population per year),EN
MDG_0000000019,MDG_0000000019,Prevalence of HIV among adults aged >=15 years (per 100 000 population),EN
MDG_0000000018,MDG_0000000018,Deaths due to tuberculosis among HIV-positive people (per 100 000 population),EN
MDG_0000000017,MDG_0000000017,Deaths due to tuberculosis among HIV-negative people (per 100 000 population),EN
MDG_0000000016,MDG_0000000016,Deaths due to malaria (per 100 000 population),EN
MDG_0000000015,MDG_0000000015,Prevalence of condom use by adults during higher-risk sex (15-49) (%),EN
MDG_0000000014,MDG_0000000014,Children aged <5 years with fever who received treatment with any antimalarial (%),EN
MDG_0000000013,MDG_0000000013,Children aged <5 years sleeping under insecticide-treated nets (%),EN
MDG_0000000011,MDG_0000000011,Median consumer price ratio of selected generic medicines - Public,EN
MDG_0000000010,MDG_0000000010,Median availability of selected generic medicines (%) - Public,EN
MDG_0000000007,MDG_0000000007,Under-five mortality rate (probability of dying by age 5 per 1000 live births),EN
MDG_0000000006_AGE1519,MDG_0000000006_AGE1519,"Unmet need for family planning, among girls aged 15-19 (%)",EN
MDG_0000000005_AGE1519,MDG_0000000005_AGE1519,"Contraceptive prevalence, among girls aged 15-19 (%)",EN
MDG_0000000005,MDG_0000000005,Contraceptive prevalence (%),EN
MDG_0000000003,MDG_0000000003,Adolescent birth rate (per 1000 women),EN
MDG_0000000001,MDG_0000000001,Infant mortality rate (probability of dying between birth and age 1 per 1000 live births),EN
MCV2,MCV2,Measles-containing-vaccine second-dose (MCV2) immunization coverage by the nationally recommended age (%),EN
MALARIA005,MALARIA005,Malaria incidence per 100 000 population,EN
MALARIA004,MALARIA004,Number of under-five deaths from malaria,EN
MALARIA003,MALARIA003,Estimated number of malaria deaths,EN
MALARIA002,MALARIA002,Estimated number of malaria cases,EN
MALARIA001,MALARIA001,Malaria - number of reported deaths,EN
MALARIA_TOTAL_CASES,MALARIA_TOTAL_CASES,Total number of  malaria cases (presumed + confirmed cases),EN
MALARIA_SUSPECTS,MALARIA_SUSPECTS,Number of suspected malaria cases,EN
MALARIA_RDT_TEST,MALARIA_RDT_TEST,Number of malaria suspects examined by rapid diagnostic test (RDT),EN
MALARIA_RDT_POS,MALARIA_RDT_POS,Number of malaria positive cases by rapid diagnostic test (RDT),EN
MALARIA_PV_INDIG,MALARIA_PV_INDIG,Number of indigenous P. vivax malaria cases,EN
MALARIA_PRES_CASES,MALARIA_PRES_CASES,Number of presumed malaria cases,EN
MALARIA_PF_INDIG,MALARIA_PF_INDIG,Number of indigenous P. falciparum malaria cases,EN
MALARIA_NMCP_CALCULATIONS,MALARIA_NMCP_CALCULATIONS,Domestic Expenditure on Malaria,EN
MALARIA_MICR_TEST,MALARIA_MICR_TEST,Number of malaria suspects examined by microscopy,EN
MALARIA_MICR_POS,MALARIA_MICR_POS,Number of malaria positive cases by microscopy,EN
MALARIA_ITN_COVERAGE,MALARIA_ITN_COVERAGE,"Population with access to an insecticide-treated bed net (ITN) for malaria protection (%), modelled",EN
MALARIA_IRS_COVERAGE,MALARIA_IRS_COVERAGE,Number of people protected from malaria by indoor residual spraying (IRS),EN
MALARIA_IPTP3_COVERAGE,MALARIA_IPTP3_COVERAGE,Pregnant women attending antenatal care  at least once and receiving at least 3 doses of Intermittent Preventive Treatment of Malaria for Pregnant Women (IPTp3) (%),EN
MALARIA_INDIG_STATUS,MALARIA_INDIG_STATUS,Status of indigenous malaria cases,EN
MALARIA_INDIG,MALARIA_INDIG,Number of indigenous malaria cases,EN
MALARIA_IMPORTED,MALARIA_IMPORTED,Number of imported malaria cases,EN
MALARIA_EST_MORTALITY,MALARIA_EST_MORTALITY,Estimated malaria mortality rate (per 100 000 population),EN
MALARIA_EST_INCIDENCE,MALARIA_EST_INCIDENCE,Estimated malaria incidence (per 1000 population at risk),EN
MALARIA_EST_DEATHS,MALARIA_EST_DEATHS,Estimated number of malaria deaths,EN
MALARIA_EST_CASES,MALARIA_EST_CASES,Estimated number of malaria cases,EN
MALARIA_CONF_CASES,MALARIA_CONF_CASES,Number of confirmed malaria cases,EN
MALARIA_ACT_TREATED,MALARIA_ACT_TREATED,Number of malaria cases treated with artemisinin-based combination therapies (ACTs),EN
MALARIA_1STLINE_TREATED,MALARIA_1STLINE_TREATED,Number of malaria cases treated with any first  line tx courses (including artemisinin-based combination therapies (ACTs)),EN
M6_youth_periodic,M6_youth_periodic,Survey previous to the most recent school-based survey among adolescents was within the 5 years prior,EN
M5_youth_representative,M5_youth_representative,Most recent school-based survey among adolescents was representative of the national population,EN
M4_youth_recent,M4_youth_recent,Most recent school-based survey among adolescents was recent (in the past 5 years),EN
M3_adult_periodic,M3_adult_periodic,Survey previous to the most recent survey among adults was within the 5 years prior,EN
M2_adult_representative,M2_adult_representative,Most recent survey among adults was representative of the national population,EN
M1_adult_recent,M1_adult_recent,Most recent survey among adults was recent (in the past 5 years),EN
M_svy_yr_youth,M_svy_yr_youth,Year of survey of youth,EN
M_svy_yr_adult,M_svy_yr_adult,Year of latest adult prevalence survey,EN
M_svy_national_youth,M_svy_national_youth,Representativeness of youth survey,EN
M_svy_national_adult,M_svy_national_adult,Representativeness of survey of adults,EN
M_svy_age_youth,M_svy_age_youth,Youth survey age range,EN
M_svy_age_adult,M_svy_age_adult,Adult survey age range,EN
M_survey_title_youth,M_survey_title_youth,Name of survey of youth,EN
M_survey_title_adult,M_survey_title_adult,Name of survey of adults,EN
M_smkless_svy_yr_youth,M_smkless_svy_yr_youth,Year of survey of youth - smokeless,EN
M_smkless_svy_yr_adult,M_smkless_svy_yr_adult,Year of survey of adults - smokeless,EN
M_smkless_svy_national_youth,M_smkless_svy_national_youth,Representativeness of survey of youth - smokeless,EN
M_smkless_svy_national_adult,M_smkless_svy_national_adult,Representativeness of survey of adults - smokeless,EN
M_smkless_survey_title_youth,M_smkless_survey_title_youth,Name of survey of youth - smokeless,EN
M_smkless_survey_title_adult,M_smkless_survey_title_adult,Name of survey of adults - smokeless,EN
M_smkless_prev_youth,M_smkless_prev_youth,Youth smokeless tobacco use indicator rate,EN
M_smkless_prev_adult,M_smkless_prev_adult,Adult smokeless tobacco use indicator rate,EN
M_smkless_def_text_youth,M_smkless_def_text_youth,Youth smokeless tobacco use indicator definition,EN
M_smkless_def_text_adult,M_smkless_def_text_adult,Adult smokeless tobacco use indicator definition,EN
M_smkless_age_range_youth,M_smkless_age_range_youth,Youth survey age range - smokeless,EN
M_smkless_age_range_adult,M_smkless_age_range_adult,Adult survey age range - smokeless,EN
M_Group,M_Group,Monitoring tobacco use and prevention policies,EN
M_Est_tob_daily_std,M_Est_tob_daily_std,Estimate of daily tobacco use prevalence (%) (age-standardized rate),EN
M_Est_tob_daily_crude,M_Est_tob_daily_crude,"Daily tobacco smoking, crude adjusted",EN
M_Est_tob_daily,M_Est_tob_daily,Estimate of daily tobacco use prevalence (%),EN
M_Est_tob_curr_std,M_Est_tob_curr_std,Estimate of current tobacco use prevalence (%) (age-standardized rate),EN
M_Est_tob_curr_crude,M_Est_tob_curr_crude,"Current tobacco smoking, crude adjusted",EN
M_Est_tob_curr,M_Est_tob_curr,Estimate of current tobacco use prevalence (%),EN
M_Est_smk_daily_std,M_Est_smk_daily_std,Estimate of daily tobacco smoking prevalence (%) (age-standardized rate),EN
M_Est_smk_daily,M_Est_smk_daily,Estimate of daily tobacco smoking prevalence (%),EN
M_Est_smk_curr_std,M_Est_smk_curr_std,Estimate of current tobacco smoking prevalence (%) (age-standardized rate),EN
M_Est_smk_curr,M_Est_smk_curr,Estimate of current tobacco smoking prevalence (%),EN
M_Est_cig_daily_std,M_Est_cig_daily_std,Estimate of daily cigarette smoking prevalence (%) (age-standardized rate),EN
M_Est_cig_daily_crude,M_Est_cig_daily_crude,"Daily cigarette smoking, crude adjusted",EN
M_Est_cig_daily,M_Est_cig_daily,Estimate of daily cigarette smoking prevalence (%),EN
M_Est_cig_curr_std,M_Est_cig_curr_std,Estimate of current cigarette smoking prevalence (%) (age-standardized rate),EN
M_Est_cig_curr_crude,M_Est_cig_curr_crude,"Current cigarette smoking, crude adjusted",EN
M_Est_cig_curr,M_Est_cig_curr,Estimate of current cigarette smoking prevalence (%),EN
M_def_2_text_youth,M_def_2_text_youth,Youth indicator 2 definition,EN
M_def_2_text_adult,M_def_2_text_adult,Adult indicator 2 definition,EN
M_def_2_prev_youth,M_def_2_prev_youth,Youth indicator 2 rate,EN
M_def_2_prev_adult,M_def_2_prev_adult,Adult indicator 2 rate,EN
M_def_1_text_youth,M_def_1_text_youth,Youth indicator 1 definition,EN
M_def_1_text_adult,M_def_1_text_adult,Adult indicator 1 definition,EN
M_def_1_prev_youth,M_def_1_prev_youth,Youth indicator 1 rate,EN
M_def_1_prev_adult,M_def_1_prev_adult,Adult indicator 1 rate,EN
LIFE_0000000035,LIFE_0000000035,ex - expectation of life at age x,EN
LIFE_0000000034,LIFE_0000000034,Tx - person-years lived above age x,EN
LIFE_0000000033,LIFE_0000000033,nLx - person-years lived between ages x and x+n,EN
LIFE_0000000032,LIFE_0000000032,ndx - number of people dying between ages x and x+n,EN
LIFE_0000000031,LIFE_0000000031,lx - number of people left alive at age x,EN
LIFE_0000000030,LIFE_0000000030,nqx - probability of dying between ages x and x+n,EN
LIFE_0000000029,LIFE_0000000029,nMx - age-specific death rate between ages x and x+n,EN
LEPTO_YLL100K,LEPTO_YLL100K,Years of life lost (YLLs)  (per 100 000 population) due to leptospirosis,EN
LEPTO_YLL,LEPTO_YLL,Years of life lost (YLLs) due to leptospirosis,EN
LEPTO_YLD100K,LEPTO_YLD100K,Years of healthy life lost to disability (YLDs) (per 100 000 population) due to leptospirosis,EN
LEPTO_YLD,LEPTO_YLD,Years of healthy life lost to disability (YLDs) due to leptospirosis,EN
LEPTO_MORTALITY,LEPTO_MORTALITY,Estimated leptospirosis deaths (per 100 000 population),EN
LEPTO_MORBIDITY,LEPTO_MORBIDITY,Estimated leptospirosis incidence (per 100 000 population),EN
LEPTO_DALY100K,LEPTO_DALY100K,Disability-adjusted life years (DALYs) (per 100 000 population) due to leptospirosis,EN
LEPTO_DALY,LEPTO_DALY,Disability-adjusted life years (DALYs) due to leptospirosis,EN
LEADCONTROL,LEADCONTROL,Legally-binding controls on lead paint,EN
LEAD_9,LEAD_9,Lead attributable DALYs ('000) in children under 5 years,EN
LEAD_8,LEAD_8,Lead attributable DALYs per 100'000 capita,EN
LEAD_7,LEAD_7,Lead attributable deaths per 100'000 capita,EN
LEAD_6,LEAD_6,Lead attributable DALYs ('000),EN
LEAD_5,LEAD_5,Lead attributable deaths,EN
LEAD_4,LEAD_4,Percentage of the adults (15+ years) with blood lead levels above 10ug/dl,EN
LEAD_3,LEAD_3,Percentage of the adults (15+ years) with blood lead levels above 5ug/dl,EN
LEAD_2,LEAD_2,Percentage of the children under 15 years with blood lead levels above 10ug/dl,EN
LEAD_10,LEAD_10,Lead attributable DALYs per 100'000 children under 5 years,EN
LEAD_1,LEAD_1,Percentage of the children under 15 years with blood lead levels above 5ug/dl,EN
LBW_PREVALENCE,LBW_PREVALENCE,Low birth weight prevalence (%),EN
LBW_NUMBER,LBW_NUMBER,Low birth weight number (in thousands),EN
ITU_IDI_RANK,ITU_IDI_RANK,ICT Development Index (IDI) rank,EN
ITU_IDI,ITU_IDI,ICT Development Index (IDI),EN
ITU_ICT_2,ITU_ICT_2,Mobile-cellular telephone subscriptions per 100 inhabitants,EN
ITU_ICT_1,ITU_ICT_1,Percentage of individuals using the Internet,EN
itnwm,itnwm,Pregnant women sleeping under insecticide-treated nets (%),EN
itnch,itnch,Children aged < 5 years sleeping under insecticide-treated nets (%),EN
IR_PYRETHROID_PRESENCE,IR_PYRETHROID_PRESENCE,Pyrethroid resistance reported for at least one site,EN
IR_PYRETHROID_EXTENT,IR_PYRETHROID_EXTENT,Percentage of sites for which pyrethroid resistance was reported,EN
IR_ORGANOPHOSPHATE_PRESENCE,IR_ORGANOPHOSPHATE_PRESENCE,Organophosphate resistance reported for at least one site,EN
IR_ORGANOPHOSPHATE_EXTENT,IR_ORGANOPHOSPHATE_EXTENT,Percentage of sites for which organophosphate resistance was reported,EN
IR_ORGANOCHLORINE_PRESENCE,IR_ORGANOCHLORINE_PRESENCE,Organochlorine resistance reported for at least one site,EN
IR_ORGANOCHLORINE_EXTENT,IR_ORGANOCHLORINE_EXTENT,Percentage of sites for which organochlorine resistance was reported,EN
IR_INSECTICIDERESISTANCE_PREV,IR_INSECTICIDERESISTANCE_PREV,Number of insecticide classes to which resistance was reported,EN
IR_CARBAMATE_PRESENCE,IR_CARBAMATE_PRESENCE,Carbamate resistance reported for at least one site,EN
IR_CARBAMATE_EXTENT,IR_CARBAMATE_EXTENT,Percentage of sites for which carbamate resistance was reported,EN
IndicatorDimension,,,
Indicator,,,
imr,imr,Infant mortality rate (deaths per 1000 live births),EN
IMMUNIZATION_VACCINATIONCARDSSEEN,IMMUNIZATION_VACCINATIONCARDSSEEN,Proportion of vaccination cards seen (%),EN
IHRSPAR2_C15,IHRSPAR2_C15,Radiation emergencies,EN
IHRSPAR2_C14,IHRSPAR2_C14,Chemical events,EN
IHRSPAR2_C13,IHRSPAR2_C13,Food safety,EN
IHRSPAR2_C12,IHRSPAR2_C12,Zoonotic diseases,EN
IHRSPAR2_C11,IHRSPAR2_C11,Points of entry (PoEs) and border health,EN
IHRSPAR2_C10,IHRSPAR2_C10,Risk communication and community engagement (RCCE),EN
IHRSPAR2_C09,IHRSPAR2_C09,Infection prevention and control (IPC),EN
IHRSPAR2_C08,IHRSPAR2_C08,Health services provision,EN
IHRSPAR2_C07,IHRSPAR2_C07,Health emergency management,EN
IHRSPAR2_C06,IHRSPAR2_C06,Human resources,EN
IHRSPAR2_C05,IHRSPAR2_C05,Surveillance,EN
IHRSPAR2_C04,IHRSPAR2_C04,Laboratory,EN
IHRSPAR2_C03,IHRSPAR2_C03,Financing,EN
IHRSPAR2_C02,IHRSPAR2_C02,"IHR Coordination, National IHR Focal Point functions and advocacy",EN
IHRSPAR2_C01,IHRSPAR2_C01,"Policy, Legal and normative Instruments to implement IHR",EN
IHRSPAR_CAPACITY13,IHRSPAR_CAPACITY13,Radiation Emergencies,EN
IHRSPAR_CAPACITY12,IHRSPAR_CAPACITY12,Chemical Events,EN
IHRSPAR_CAPACITY11,IHRSPAR_CAPACITY11,Points of Entry (SPAR),EN
IHRSPAR_CAPACITY10,IHRSPAR_CAPACITY10,Risk Communication (SPAR),EN
IHRSPAR_CAPACITY09,IHRSPAR_CAPACITY09,Health Service Provision,EN
IHRSPAR_CAPACITY08,IHRSPAR_CAPACITY08,National Health Emergency Framework,EN
IHRSPAR_CAPACITY07,IHRSPAR_CAPACITY07,Human Resources (SPAR),EN
IHRSPAR_CAPACITY06,IHRSPAR_CAPACITY06,Surveillance (SPAR),EN
IHRSPAR_CAPACITY05,IHRSPAR_CAPACITY05,Laboratory (SPAR),EN
IHRSPAR_CAPACITY04,IHRSPAR_CAPACITY04,Food Safety (SPAR),EN
IHRSPAR_CAPACITY03,IHRSPAR_CAPACITY03,Zoonotic Events and the Human-animal Interface,EN
IHRSPAR_CAPACITY02,IHRSPAR_CAPACITY02,IHR Coordination and National IHR Focal Point Functions,EN
IHRSPAR_CAPACITY01,IHRSPAR_CAPACITY01,Legislation and Financing,EN
IHR13,IHR13,Radionuclear,EN
IHR12,IHR12,Chemical,EN
IHR11,IHR11,Food safety,EN
IHR10,IHR10,Zoonosis,EN
IHR09,IHR09,Points of entry,EN
IHR08,IHR08,Laboratory,EN
IHR07,IHR07,Human resources,EN
IHR06,IHR06,Risk communication,EN
IHR05,IHR05,Preparedness,EN
IHR04,IHR04,Response,EN
IHR03,IHR03,Surveillance,EN
IHR02,IHR02,Coordination,EN
IHR01,IHR01,Legislation,EN
ICD11_IMPL_LVL,ICD11_IMPL_LVL,ICD-11 implementation progress level,EN
HWWS_2,HWWS_2,Handwashing with soap after cleaning child's stool (%),EN
HWWS_1,HWWS_1,Handwashing with soap after using the toilet (%),EN
HWF_0026,HWF_0026,Nursing personnel (%),EN
HWF_0025,HWF_0025,Medical doctors (%),EN
HWF_0024,HWF_0024,Community Health Workers (number),EN
HWF_0023,HWF_0023,Traditional and Complementary Medicine Professionals  (number),EN
HWF_0022,HWF_0022,Physiotherapy Technicians and Assistants  (number),EN
HWF_0021,HWF_0021,Physiotherapists (number),EN
HWF_0020,HWF_0020,Medical and Pathology Laboratory Technicians  (number),EN
HWF_0019,HWF_0019,Medical and Pathology Laboratory scientists  (number),EN
HWF_0018,HWF_0018,Environmental and Occupational Health Inspectors and Associates  (number),EN
HWF_0017,HWF_0017,Environmental and Occupational Health and Hygiene Professionals  (number),EN
HWF_0016,HWF_0016,Pharmaceutical Technicians and Assistants  (number),EN
HWF_0015,HWF_0015,Pharmacists  (number),EN
HWF_0014,HWF_0014,"Pharmacists  (per 10,000)",EN
HWF_0013,HWF_0013,Dental Prosthetic Technicians (number),EN
HWF_0012,HWF_0012,Dental Assistants and Therapists (number),EN
HWF_0011,HWF_0011,Dentists (number),EN
HWF_0010,HWF_0010,"Dentists (per 10,000)",EN
HWF_0009,HWF_0009,Midwifery personnel (number),EN
HWF_0008,HWF_0008,Nursing personnel (number),EN
HWF_0007,HWF_0007,Nursing and midwifery personnel  (number),EN
HWF_0006,HWF_0006,"Nursing and midwifery personnel (per 10,000)",EN
HWF_0005,HWF_0005,Medical doctors not further defined (number),EN
HWF_0004,HWF_0004,Specialist medical practitioners (number),EN
HWF_0003,HWF_0003,Generalist medical practitioners (number),EN
HWF_0002,HWF_0002,Medical doctors (number),EN
HWF_0001,HWF_0001,"Medical doctors (per 10,000)",EN
HSS_UHCLEGISLATION,HSS_UHCLEGISLATION,Countries that have passed legislation on Universal Health Coverage (UHC),EN
HSS_MONITORPROGRESS,HSS_MONITORPROGRESS,Countries that have monitored the progress of their national health policy/strategy/plan regularly,EN
HSS_COMPREHENSIVEHEALTHPOLICY,HSS_COMPREHENSIVEHEALTHPOLICY,Countries that have a comprehensive national health sector policy/ strategy/ plan with goals and targets updated within the last 5 years,EN
HRH_46,HRH_46,Number of biomedical technicians,EN
HRH_45,HRH_45,Biomedical technicians density (per 10 000 population),EN
HRH_44,HRH_44,Number of biomedical engineers,EN
HRH_43,HRH_43,Number of licensed qualified anaesthesiologists actively working,EN
HRH_42,HRH_42,Number of licensed qualified obstetricians actively working,EN
HRH_41,HRH_41,Number of licensed qualified surgeons actively working,EN
HRH_40,HRH_40,Biomedical engineers density (per 10 000 population),EN
HRH_33,HRH_33,Nursing and midwifery personnel density (per 1000 population),EN
HRH_32,HRH_32,Health management & support workers density (per 1000 population),EN
HRH_31,HRH_31,Environmental and public health workers density (per 1000 population),EN
HRH_30,HRH_30,Other health workers density (per 1000 population),EN
HRH_29,HRH_29,Community and traditional health workers density (per 1000 population),EN
HRH_28,HRH_28,Dentistry personnel density (per 1000 population),EN
HRH_27,HRH_27,Laboratory health workers density (per 1000 population),EN
HRH_26,HRH_26,Physicians density (per 1000 population),EN
HRH_25,HRH_25,Pharmaceutical personnel density (per 1000 population),EN
HRH_24,HRH_24,Number of nursing and midwifery personnel,EN
HRH_23,HRH_23,Number of other health workers,EN
HRH_22,HRH_22,Number of community and traditional health workers,EN
HRH_21,HRH_21,Number of dentistry personnel,EN
HRH_20,HRH_20,Number of laboratory health workers,EN
HRH_19,HRH_19,Number of pharmaceutical personnel,EN
HRH_18,HRH_18,Number of personal care workers,EN
HRH_17,HRH_17,Number of medical assistants,EN
HRH_16,HRH_16,Number of traditional medicine practitioners,EN
HRH_15,HRH_15,Number of dentists,EN
HRH_14,HRH_14,Number of laboratory technicians/assistants,EN
HRH_13,HRH_13,Number of laboratory scientists,EN
HRH_12,HRH_12,Number of environment and public health workers,EN
HRH_11,HRH_11,Number of health management & support workers,EN
HRH_10,HRH_10,Number of dental technicians/assistants,EN
HRH_09,HRH_09,Number of other health workers,EN
HRH_08,HRH_08,Number of radiographers,EN
HRH_07,HRH_07,Number of traditional birth attendants,EN
HRH_06,HRH_06,Number of community health workers,EN
HRH_05,HRH_05,Number of pharmaceutical technicians/assistants,EN
HRH_04,HRH_04,Number of pharmacists,EN
HRH_03,HRH_03,Number of midwifery personnel,EN
HRH_02,HRH_02,Number of physicians,EN
HRH_01,HRH_01,Number of nursing personnel,EN
HIV_POSITIVITY,HIV_POSITIVITY,Percentage of HIV-positive results returned to people in the calendar year,EN
HIV_OAMT_COVERAGE_PERCENT,HIV_OAMT_COVERAGE_PERCENT,Coverage of opioid agonist maintenance therapy (percent),EN
HIV_NSP_COVERAGE_RATE,HIV_NSP_COVERAGE_RATE,NSP coverage among PWID per year (rate),EN
HIV_CONDOMUSE_PERCENT,HIV_CONDOMUSE_PERCENT,Condom use at last high-risk sex (percent),EN
HIV_CONDOMSDIST_NUM,HIV_CONDOMSDIST_NUM,Annual number of condoms distributed,EN
HIV_ARTCOVERAGE,HIV_ARTCOVERAGE,Estimated antiretroviral therapy coverage among people living with HIV (%),EN
HIV_0000000029,HIV_0000000029,"Reported number of HIV tests performed where results were received by a person (testing volume), reporting period",EN
HIV_0000000028,HIV_0000000028,"Estimated number of tests performed where results were received by a person (testing volume), estimated number per 1000 population",EN
HIV_0000000027,HIV_0000000027,Reported number of HIV tests performed where results were received by a person (testing volume),EN
HIV_0000000026,HIV_0000000026,Number of new HIV infections,EN
HIV_0000000025,HIV_0000000025,"Testing and counselling facilities, reporting period",EN
HIV_0000000024,HIV_0000000024,Estimated antiretroviral therapy coverage among children,EN
HIV_0000000023,HIV_0000000023,Estimated number of children needing antiretroviral therapy based on WHO methods,EN
HIV_0000000022,HIV_0000000022,Estimated number of people eligible for antiretroviral therapy according to 2010 guidelines,EN
HIV_0000000021,HIV_0000000021,Estimated number of pregnant women living with HIV needing antiretrovirals for preventing mother-to-child transmission,EN
HIV_0000000020,HIV_0000000020,Estimated number of pregnant women living with HIV,EN
HIV_0000000016,HIV_0000000016,"Number of pregnant women living with HIV who received antiretrovirals for preventing mother-to-child transmission, reporting period",EN
HIV_0000000015,HIV_0000000015,Number of pregnant women living with HIV who received antiretrovirals for preventing mother-to-child transmission,EN
HIV_0000000012,HIV_0000000012,"Reported number of children receiving antiretroviral therapy, month and year of report",EN
HIV_0000000011,HIV_0000000011,Reported number of children receiving antiretroviral therapy,EN
HIV_0000000009,HIV_0000000009,Reported number of people receiving antiretroviral therapy,EN
HIV_0000000008,HIV_0000000008,"Testing and counselling facilities, estimated number per 100 000 adult population",EN
HIV_0000000007,HIV_0000000007,"Testing and counselling facilities, reported number",EN
HIV_0000000006,HIV_0000000006,Number of people dying from HIV-related causes,EN
HIV_0000000001,HIV_0000000001,Estimated number of people (all ages) living with HIV,EN
HHS_LAWPOLICY,HHS_LAWPOLICY,"HIV, Hepatitis, and STI-related laws and policies",EN
HEPB_HBSAG_CARRIER,HEPB_HBSAG_CARRIER,Hepatitis B surface antigen (HBsAG) carriers (per 100 000 population),EN
HEPATITIS_HCV_TREATMENT_PWID_PERCENT,HEPATITIS_HCV_TREATMENT_PWID_PERCENT,"People living with HIV who inject drugs, treated for chronic hepatitis C infection (percent)",EN
HEPATITIS_HCV_TREATMENT_PERDIAGNOSED_PER100,HEPATITIS_HCV_TREATMENT_PERDIAGNOSED_PER100,Chronic hepatitis C (HCV) treatment rate as percentage of diagnosed (%),EN
HEPATITIS_HCV_TREATMENT_INITIATED_NUM,HEPATITIS_HCV_TREATMENT_INITIATED_NUM,Persons initiated chronic hepatitis C(HCV) treatment (number),EN
HEPATITIS_HCV_TREATMENT_HIV_PERCENT,HEPATITIS_HCV_TREATMENT_HIV_PERCENT,People living with HIV treated for chronic hepatitis C infection (percent),EN
HEPATITIS_HCV_TREATMENT_CUM_PERINFECTED_CRD_PER100,HEPATITIS_HCV_TREATMENT_CUM_PERINFECTED_CRD_PER100,"Chronic hepatitis C (HCV) cumulative treatment rate as percentage of total infected, including cured  (%)",EN
HEPATITIS_HCV_TREATMENT_CUM_NUM,HEPATITIS_HCV_TREATMENT_CUM_NUM,"Persons on chronic hepatitis C (HCV) treatment, cumulative (number)",EN
HEPATITIS_HCV_TESTING_PWID_PERCENT,HEPATITIS_HCV_TESTING_PWID_PERCENT,"People living with HIV who inject drugs, diagnosed with chronic hepatitis C infection (percent)",EN
HEPATITIS_HCV_TESTING_HIV_PERCENT,HEPATITIS_HCV_TESTING_HIV_PERCENT,People living with HIV diagnosed with chronic hepatitis C infection (percent),EN
HEPATITIS_HCV_PREVALENCE_PER100,HEPATITIS_HCV_PREVALENCE_PER100,Prevalence of chronic hepatitis C (HCV) ) in the general population (%),EN
HEPATITIS_HCV_LIVINGWITH_NUM,HEPATITIS_HCV_LIVINGWITH_NUM,People living with chronic hepatitis C (HCV) (number),EN
HEPATITIS_HCV_LIVINGWITH_CRD_NUM,HEPATITIS_HCV_LIVINGWITH_CRD_NUM,People living with chronic hepatitis C (HCV) including cured (all ages) (adjusted number),EN
HEPATITIS_HCV_INFECTIONS_NEW_NUM,HEPATITIS_HCV_INFECTIONS_NEW_NUM,New chronic hepatitis C (HCV) infections (number),EN
HEPATITIS_HCV_DIAGNOSIS_PERINFECTED_CRD_PER100,HEPATITIS_HCV_DIAGNOSIS_PERINFECTED_CRD_PER100,"Chronic hepatitis C (HCV) diagnosis coverage as percentage of total HCV infected, including cured (%)",EN
HEPATITIS_HCV_DIAGNOSED_NUM,HEPATITIS_HCV_DIAGNOSED_NUM,Chronic hepatitis C (HCV) infected persons diagnosed (number),EN
HEPATITIS_HCV_DIAGNOSED_CRD_NUM,HEPATITIS_HCV_DIAGNOSED_CRD_NUM,"Chronic hepatitis C (HCV) infected persons diagnosed, including cured (number)",EN
HEPATITIS_HCV_DEATHS_NUM,HEPATITIS_HCV_DEATHS_NUM,Deaths caused by chronic hepatitis C (HCV) infection (number),EN
HEPATITIS_HBV_TREATMENT_PERINFECTED_PER100,HEPATITIS_HBV_TREATMENT_PERINFECTED_PER100,Chronic hepatitis B (HBV) treatment rate as percentage of total infected (%),EN
HEPATITIS_HBV_TREATMENT_PERDIAGNOSED_PER100,HEPATITIS_HBV_TREATMENT_PERDIAGNOSED_PER100,Chronic hepatitis B (HBV) treatment rate as percentage of diagnosed (%),EN
HEPATITIS_HBV_TREATMENT_NUM,HEPATITIS_HBV_TREATMENT_NUM,Persons on chronic hepatitis B (HBV) treatment (number),EN
HEPATITIS_HBV_TREATMENT_ANC_PERCENT,HEPATITIS_HBV_TREATMENT_ANC_PERCENT,Eligible women attending antenatal care who were treated for HBV,EN
HEPATITIS_HBV_TESTPOSITIVE_ANC_PERCENT,HEPATITIS_HBV_TESTPOSITIVE_ANC_PERCENT,"Pregnant women attending antenatal care, tested positive for HBsAg (percent)",EN
HEPATITIS_HBV_TESTING_ANC_PERCENT,HEPATITIS_HBV_TESTING_ANC_PERCENT,"Pregnant women attending antenatal care, tested for HBsAg (percent)",EN
HEPATITIS_HBV_PREVALENCE_PER100,HEPATITIS_HBV_PREVALENCE_PER100,Prevalence of chronic hepatitis B (HBV) in the general population (%),EN
HEPATITIS_HBV_LIVINGWITH_NUM,HEPATITIS_HBV_LIVINGWITH_NUM,People living with chronic hepatitis B (HBV) (number),EN
HEPATITIS_HBV_INFECTIONS_NEW_NUM,HEPATITIS_HBV_INFECTIONS_NEW_NUM,New chronic hepatitis B (HBV) infections (number),EN
HEPATITIS_HBV_DIAGNOSIS_PERINFECTED_PER100,HEPATITIS_HBV_DIAGNOSIS_PERINFECTED_PER100,Chronic hepatitis B (HBV) diagnosis coverage as a percentage of infected (%),EN
HEPATITIS_HBV_DIAGNOSED_NUM,HEPATITIS_HBV_DIAGNOSED_NUM,Chronic hepatitis B (HBV) infected persons diagnosed (number),EN
HEPATITIS_HBV_DEATHS_NUM,HEPATITIS_HBV_DEATHS_NUM,Deaths caused by chronic hepatitis B (HBV) infection (number),EN
HEPATITIS_HBV_ADDEDTEST_ANC_PERCENT,HEPATITIS_HBV_ADDEDTEST_ANC_PERCENT,Pregnant women attending antenatal care who received additional testing for HBV (percent),EN
HEMOGLOBINLEVEL_REPRODUCTIVEAGE_MEAN,HEMOGLOBINLEVEL_REPRODUCTIVEAGE_MEAN,Mean hemoglobin level of women of reproductive age (aged 15-49 years),EN
HEMOGLOBINLEVEL_PREGNANT_MEAN,HEMOGLOBINLEVEL_PREGNANT_MEAN,Mean hemoglobin level of pregnant women (aged 15-49 years),EN
HEMOGLOBINLEVEL_NONPREGNANT_MEAN,HEMOGLOBINLEVEL_NONPREGNANT_MEAN,Mean hemoglobin level of non-pregnant women (aged 15-49 years),EN
HEMOGLOBINLEVEL_CHILDREN_MEAN,HEMOGLOBINLEVEL_CHILDREN_MEAN,Mean hemoglobin level of children aged 6-59 months,EN
HCF_UNREL_ELECTRICITY,HCF_UNREL_ELECTRICITY,Percentage of health-care facilities with unreliable electricity supply (%),EN
HCF_REL_ELECTRICITY,HCF_REL_ELECTRICITY,Percentage of health-care facilities with reliable electricity supply (%),EN
HCF_NO_ELECTRICITY,HCF_NO_ELECTRICITY,Percentage of health-care facilities with no access to any electricity supply (%),EN
HAZARD_YLL_TOTAL,HAZARD_YLL_TOTAL,"Years of life lost caused by hazards, all ages",EN
HAZARD_YLL_LT5,HAZARD_YLL_LT5,"Years of life lost caused by hazards, aged less than 5 years",EN
HAZARD_YLL_GE5,HAZARD_YLL_GE5,"Years of life lost caused by hazards, aged 5 years and above",EN
HAZARD_YLD_TOTAL,HAZARD_YLD_TOTAL,"Years lived with disability caused by hazards, all ages",EN
HAZARD_YLD_LT5,HAZARD_YLD_LT5,"Years lived with disability caused by hazards, aged less than 5 years",EN
HAZARD_YLD_GE5,HAZARD_YLD_GE5,"Years lived with disability caused by hazards, aged 5 years and above",EN
HAZARD_ILL_TOTAL,HAZARD_ILL_TOTAL,"Illnesses caused by hazards, all ages",EN
HAZARD_ILL_LT5,HAZARD_ILL_LT5,"Illnesses caused by hazards, aged less than 5 years",EN
HAZARD_ILL_GE5,HAZARD_ILL_GE5,"Illnesses caused by hazards, aged 5 years and above",EN
HAZARD_DTH_TOTAL,HAZARD_DTH_TOTAL,"Deaths caused by hazards, all ages",EN
HAZARD_DTH_LT5,HAZARD_DTH_LT5,"Deaths caused by hazards, aged less than 5 years",EN
HAZARD_DTH_GE5,HAZARD_DTH_GE5,"Deaths caused by hazards, aged 5 years and above",EN
HAZARD_DALY_TOTAL,HAZARD_DALY_TOTAL,"Disability-adjusted life years caused by hazards, all ages",EN
HAZARD_DALY_LT5,HAZARD_DALY_LT5,"Disability-adjusted life years caused by hazards, aged less than 5 years",EN
HAZARD_DALY_GE5,HAZARD_DALY_GE5,"Disability-adjusted life years caused by hazards, aged 5 years and above",EN
GOE_Q203,GOE_Q203,Lack of integration between various health services,EN
GOE_Q202,GOE_Q202,Research into new analytical methods needs occur to meet the challenges of working with big data,EN
GOE_Q201,GOE_Q201,Privacy and security laws need to be in place,EN
GOE_Q200,GOE_Q200,Capacity building required for new skills,EN
GOE_Q199,GOE_Q199,Insufficient incentives for data sharing,EN
GOE_Q198,GOE_Q198,Effective standards and best practices for data capture not fully established,EN
GOE_Q197,GOE_Q197,Country has national policy or strategy regulating the use of big data by private companies,EN
GOE_Q196,GOE_Q196,Country has  national policy or strategy regulating the use of big data in the health sector,EN
GOE_Q182,GOE_Q182,Policy or strategy makes specific reference tothe use of social media in the health domain,EN
GOE_Q181,GOE_Q181,Country has national policy or strategy on the use of social media by government organizations,EN
GOE_Q178,GOE_Q178,Individuals have the legal right to specify which health-related data from their EHR can be shared with health professionals of their choice,EN
GOE_Q177,GOE_Q177,Which allows individuals to demand the deletion of health-related data from their EHR,EN
GOE_Q176,GOE_Q176,Which allows individuals to demand that their own data be corrected  when held in an EHR if it is known to be inaccurate,EN
GOE_Q175,GOE_Q175,Which allows individuals electronic access to their own health-related data when held in an EHR,EN
GOE_Q174,GOE_Q174,Which allows for the sharing of personal and health data between research entities,EN
GOE_Q173,GOE_Q173,Which governs the sharing of digital data between health professionals  in health services in other countries through the use of an EHR,EN
GOE_Q172,GOE_Q172,Which governs the sharing of digital data between health professionals in other health services in the same country through the use of an EHR,EN
GOE_Q171,GOE_Q171,To protect the privacy of individuals' health-related  data held in electronic format as an EHR,EN
GOE_Q170,GOE_Q170,To protect privacy of personally identifiable data of individuals irrespective of whether it is paper or digital format,EN
GOE_Q169,GOE_Q169,"To address patient safety and quality of care based on data quality, data transmission standards, or clinical competency criteria",EN
GOE_Q168,GOE_Q168,"To define medical jurisdiction, liability or reimbursement of eHealth services such as telehealth",EN
GOE_Q162,GOE_Q162,Competing health system priorities,EN
GOE_Q161,GOE_Q161,Lack of national or international standards for interoperability of EHR,EN
GOE_Q160,GOE_Q160,National strategy does not promote the adoption of EHR,EN
GOE_Q159,GOE_Q159,Lack of legislation or regulations covering use of EHR,EN
GOE_Q158,GOE_Q158,Lack of demand by health professionals and patients,EN
GOE_Q157,GOE_Q157,Lack of evidence showing cost-effectiveness or EHR,EN
GOE_Q156,GOE_Q156,lack of evidence showing effectiveness of EHR,EN
GOE_Q155,GOE_Q155,Lack of funding,EN
GOE_Q154,GOE_Q154,Lack of infrastructure,EN
GOE_Q153,GOE_Q153,Lack of capacity,EN
GOE_Q146,GOE_Q146,Country has specific legislation governing the use of national EHR system,EN
GOE_Q144,GOE_Q144,Country has national EHR,EN
GOE_Q140,GOE_Q140,Competing educational priorities,EN
GOE_Q139,GOE_Q139,Insitutional educational policy does not include eLearning as an approach to teaching health sciences,EN
GOE_Q138,GOE_Q138,Lack of suitable courses available,EN
GOE_Q137,GOE_Q137,Lack of demand for eLearning programmes,EN
GOE_Q136,GOE_Q136,Lack of evidence over cost-effectiveness,EN
GOE_Q135,GOE_Q135,Lack of evidence that eLearning is effective,EN
GOE_Q134,GOE_Q134,Not possible to gain a health sciences degree entirely through eLearning,EN
GOE_Q133,GOE_Q133,Lack of funding,EN
GOE_Q132,GOE_Q132,Lack of infrastructure,EN
GOE_Q131,GOE_Q131,Lack of capacity,EN
GOE_Q122,GOE_Q122,eLearning programmes for in-service training of health professionals have been evaluated,EN
GOE_Q120,GOE_Q120,eLearning courses accredited by continuing medical education or professional licensing bodies,EN
GOE_Q119_3,GOE_Q119_3,Enabling access to education where learning facilities are limited,EN
GOE_Q119_2,GOE_Q119_2,Improving access to content and experts,EN
GOE_Q119_1,GOE_Q119_1,Reducing cost of delivering content,EN
GOE_Q118,GOE_Q118,eLearning used for in-service training of health professionals,EN
GOE_Q109,GOE_Q109,Pre-service eLearning programmes have been evaluated,EN
GOE_Q104_3,GOE_Q104_3,Enabling access to education where learning facilities are limited,EN
GOE_Q104_2,GOE_Q104_2,Improving access to content and experts,EN
GOE_Q104_1,GOE_Q104_1,Reducing cost of delivering content,EN
GOE_Q103,GOE_Q103,eLearning is used in pre-service education to teach health sciences students,EN
GOE_Q081,GOE_Q081,Evaluation of any government-sponsored telehealth programmes,EN
GOE_Q070,GOE_Q070,Strategy includes objectives as to how telehealth contributes to UHC,EN
GOE_Q069,GOE_Q069,Country has telehealth policy or strategy,EN
GOE_Q065,GOE_Q065,Priorities,EN
GOE_Q064,GOE_Q064,Policy,EN
GOE_Q063,GOE_Q063,Legal,EN
GOE_Q062,GOE_Q062,Demand,EN
GOE_Q061,GOE_Q061,Cost-effectiveness,EN
GOE_Q060,GOE_Q060,Effectiveness,EN
GOE_Q059,GOE_Q059,Funding,EN
GOE_Q058,GOE_Q058,Infrastructure,EN
GOE_Q057,GOE_Q057,Capacity,EN
GOE_Q047,GOE_Q047,Government-sponsored mHealth programmes are being evaluated,EN
GOE_Q032,GOE_Q032,Providing incentives and guidance for innovation research and evaluation of health,EN
GOE_Q031,GOE_Q031,"Regulatory oversight of mobile apps for quality, safety and reliability",EN
GOE_Q030_5,GOE_Q030_5,Promoting the development and adoption of mHealth,EN
GOE_Q030_4,GOE_Q030_4,Providing oversight and enforcement of data ownership,EN
GOE_Q030_3,GOE_Q030_3,Providing guidance on privacy and security,EN
GOE_Q030_2,GOE_Q030_2,Promoting standards and interoperability,EN
GOE_Q030_1,GOE_Q030_1,Regulating mobile devices and software,EN
GOE_Q028,GOE_Q028,mHealth programmes are sponsored by government,EN
GOE_Q022,GOE_Q022,Institutions offer in-service training to health professionals on ICT for health,EN
GOE_Q018,GOE_Q018,Tertiary institutions provide students of health sciences with training on eHealth,EN
GOE_Q017,GOE_Q017,Government-supported health internet sites provide information in multiple languages,EN
GOE_Q015,GOE_Q015,Proportion ofpublic private partnerships funding,EN
GOE_Q014,GOE_Q014,Proportion of donor/non public development funding,EN
GOE_Q013,GOE_Q013,Proportion of private funding,EN
GOE_Q012,GOE_Q012,Proportion of public funding,EN
GOE_Q011,GOE_Q011,Strategy implementation funding available for eHealth,EN
GOE_Q010,GOE_Q010,Public-private partnerships for eHealth,EN
GOE_Q009,GOE_Q009,Donor/ non-public development funding for eHealth,EN
GOE_Q008,GOE_Q008,Private funding for eHealth,EN
GOE_Q007,GOE_Q007,Public funding for eHealth,EN
GOE_Q006,GOE_Q006,National  health information system (HIS) policy or strategy,EN
GOE_Q004,GOE_Q004,National eHealth strategy refers to objectives of UHC,EN
GOE_Q003,GOE_Q003,National eHealth strategy,EN
GOE_Q002,GOE_Q002,strategy refers to the use of ICT to support UHC,EN
GOE_Q001,GOE_Q001,National universal health coverage strategy,EN
GLASSAMC_TC,GLASSAMC_TC,Total use of antibacterials expressed as DDD per 1000 inhabitants per day,EN
GLASSAMC_GPW13_T4B,GLASSAMC_GPW13_T4B,Target ≥60% of total antibiotic use being Access group antibiotics (GPW13 target 4b),EN
GLASSAMC_AWARE,GLASSAMC_AWARE,Pattern of antibiotic consumption at national level (relative use by AWaRe classification),EN
GHED_PVT-DCHE_SHA2011,GHED_PVT-DCHE_SHA2011,Domestic private health expenditure (PVT-D) as percentage of current health expenditure (CHE) (%),EN
GHED_PVT-D_pc_US_SHA2011,GHED_PVT-D_pc_US_SHA2011,Domestic private health expenditure (PVT-D) per capita in US$,EN
GHED_PVT-D_pc_PPP_SHA2011,GHED_PVT-D_pc_PPP_SHA2011,Domestic private health expenditure (PVT-D) per capita in PPP int$,EN
GHED_PHC_pc_US_SHA2011,GHED_PHC_pc_US_SHA2011,Primary health care expenditure (PHCE) per сapita in US$,EN
GHED_PHC_GGHE-D_PHC_SHA2011,GHED_PHC_GGHE-D_PHC_SHA2011,Domestic general government expenditure on PHC as % of primary health care expenditure (PHCE) (%),EN
GHED_OOPSCHE_SHA2011,GHED_OOPSCHE_SHA2011,Out-of-pocket expenditure as percentage of current health expenditure (CHE) (%),EN
GHED_OOP_pc_US_SHA2011,GHED_OOP_pc_US_SHA2011,Out-of-pocket expenditure (OOP) per capita in US$,EN
GHED_OOP_pc_PPP_SHA2011,GHED_OOP_pc_PPP_SHA2011,Out-of-pocket expenditure (OOP) per capita in PPP int$,EN
GHED_GGHE-DGGE_SHA2011,GHED_GGHE-DGGE_SHA2011,Domestic general government health expenditure (GGHE-D) as percentage of general government expenditure (GGE) (%),EN
GHED_GGHE-DGDP_SHA2011,GHED_GGHE-DGDP_SHA2011,Domestic general government health expenditure (GGHE-D) as percentage of gross domestic product (GDP) (%),EN
GHED_GGHE-DCHE_SHA2011,GHED_GGHE-DCHE_SHA2011,Domestic general government health expenditure (GGHE-D) as percentage of current health expenditure (CHE) (%),EN
GHED_GGHE-D_pc_US_SHA2011,GHED_GGHE-D_pc_US_SHA2011,Domestic general government health expenditure (GGHE-D) per capita in US$,EN
GHED_GGHE-D_pc_PPP_SHA2011,GHED_GGHE-D_pc_PPP_SHA2011,Domestic general government health expenditure (GGHE-D) per capita in PPP int$,EN
GHED_EXTCHE_SHA2011,GHED_EXTCHE_SHA2011,External health expenditure (EXT) as percentage of current health expenditure (CHE) (%),EN
GHED_EXT_pc_US_SHA2011,GHED_EXT_pc_US_SHA2011,External health expenditure (EXT) per capita in US$,EN
GHED_EXT_pc_PPP_SHA2011,GHED_EXT_pc_PPP_SHA2011,External health expenditure (EXT) per capita in PPP int$,EN
GHED_CHEGDP_SHA2011,GHED_CHEGDP_SHA2011,Current health expenditure (CHE) as percentage of gross domestic product (GDP) (%),EN
GHED_CHE_pc_US_SHA2011,GHED_CHE_pc_US_SHA2011,Current health expenditure (CHE) per capita in US$,EN
GHED_CHE_pc_PPP_SHA2011,GHED_CHE_pc_PPP_SHA2011,Current health expenditure (CHE) per capita in PPP int$,EN
GHE_YLLRATE,GHE_YLLRATE,Years of life lost from mortality (YLLs) (per 100 000 population),EN
GHE_YLLNUM,GHE_YLLNUM,Years of life lost from mortality (YLLs),EN
GHE_YLL_NUMERIC,GHE_YLL_NUMERIC,Years of life lost from mortality (YLLs),EN
GHE_YLDRATE,GHE_YLDRATE,Years of healthy life lost due to disability (YLDs) (per 100 000 population),EN
GHE_YLDNUM,GHE_YLDNUM,Years of healthy life lost due to disability (YLDs),EN
GHE_YLD_NUMERIC,GHE_YLD_NUMERIC,Years of healthy life lost due to disability (YLDs),EN
GHE_DEATHS_NUMERIC,GHE_DEATHS_NUMERIC,GHE Deaths,EN
GHE_DALYRATE,GHE_DALYRATE,Disability-adjusted life years (DALYs) (per 100 000 population),EN
GHE_DALYNUM,GHE_DALYNUM,Disability-adjusted life years (DALYs),EN
GHE_DALY_NUMERIC,GHE_DALY_NUMERIC,Disability-adjusted life years (DALYs),EN
GDO_q9x6_2,GDO_q9x6_2,Estimated number of people with dementia receiving services at outpatient social centre,EN
GDO_q9x6_1,GDO_q9x6_1,"Density of outpatient social centres (per 100,000 population)",EN
GDO_q9x5_2,GDO_q9x5_2,Estimated number of people with dementia receiving services at outpatient health centre,EN
GDO_q9x5_1,GDO_q9x5_1,"Density of outpatient health centres (per 100,000 population)",EN
GDO_q9x4_3,GDO_q9x4_3,"Dementia-specific adult day centre places (per 10,000 population)",EN
GDO_q9x4_2,GDO_q9x4_2,"Adult day centre places (per 10,000 population)",EN
GDO_q9x4_1,GDO_q9x4_1,"Density of adult day centres (per 100,000 population)",EN
GDO_q9x3_3,GDO_q9x3_3,"Dementia-specific hospice care beds (per 10,000 population)",EN
GDO_q9x3_2,GDO_q9x3_2,Hospice centre beds (per 10 000 population),EN
GDO_q9x3_1,GDO_q9x3_1,"Density of hospice centres (per 100,000 population)",EN
GDO_q9x2_5,GDO_q9x2_5,Estimated percentage of residential long-term care facilities following national dementia standards,EN
GDO_q9x2_4,GDO_q9x2_4,Estimated number of people with dementia living in residential long-term care,EN
GDO_q9x2_3,GDO_q9x2_3,"Dementia-specific residential long-term care beds (per 10,000 population)",EN
GDO_q9x2_2,GDO_q9x2_2,Residential long-term care beds (per 10 000 population),EN
GDO_q9x2_1,GDO_q9x2_1,"Density of residential long-term care facilities (per 100,000 population)",EN
GDO_q9x1_7,GDO_q9x1_7,Estimated percentage of hospitals following national dementia standards,EN
GDO_q9x1_5,GDO_q9x1_5,"Total dementia hospital admissions (per 100,000)",EN
GDO_q9x1_4,GDO_q9x1_4,"Geriatric-specific hospital beds (per 10,000 population)",EN
GDO_q9x1_3,GDO_q9x1_3,"Dementia-specific hospital beds (per 10,000 population)",EN
GDO_q9_6,GDO_q9_6,Outpatient social centres,EN
GDO_q9_5,GDO_q9_5,Outpatient health centres,EN
GDO_q9_4,GDO_q9_4,Adult day centres,EN
GDO_q9_3,GDO_q9_3,Care facilities [hospice centres],EN
GDO_q9_2,GDO_q9_2,Care facilities [long-term care],EN
GDO_q9_1,GDO_q9_1,Dementia care facilities [hospitals],EN
GDO_q8x5_6,GDO_q8x5_6,Estimated number of people with dementia receiving social and financial protection for dementia,EN
GDO_q8x5_5,GDO_q8x5_5,Estimated number of people receiving palliative and end-of-life care services in community for dementia,EN
GDO_q8x5_4,GDO_q8x5_4,Estimated number of people receiving activities of daily living support services in community for dementia,EN
GDO_q8x5_3,GDO_q8x5_3,Estimated number of people receiving psychosocial and rehabilitation services in community for dementia,EN
GDO_q8x5_2,GDO_q8x5_2,Estimated number of people receiving behaviour and psychological management services in community for dementia,EN
GDO_q8x4_6,GDO_q8x4_6,"Majority provider of social and financial protection for dementia [public, private]",EN
GDO_q8x4_5,GDO_q8x4_5,"Majority provider of palliative and end-of-life care services in community for dementia [public, private]",EN
GDO_q8x4_4,GDO_q8x4_4,"Majority provider of activities of daily living support services in community for dementia [public, private]",EN
GDO_q8x4_3,GDO_q8x4_3,"Majority provider of psychosocial and rehabilitation services in community for dementia [public, private]",EN
GDO_q8x4_2,GDO_q8x4_2,"Majority provider of behaviour and psychological management in community for dementia [public, private]",EN
GDO_q8x4_1,GDO_q8x4_1,"Majority provider of diagnostic services in community for dementia [public, private]",EN
GDO_q8x3_6,GDO_q8x3_6,"Accessibility of social and financial protection for dementia [Capital/capital and main cities/capital, main cities, rural areas]",EN
GDO_q8x3_5,GDO_q8x3_5,"Accessibility of palliative and end-of-life care services in community for dementia [Capital/capital and main cities/capital, main cities, rural areas]",EN
GDO_q8x3_4,GDO_q8x3_4,"Accessibility of activities of daily living support services in community for dementia [Capital/capital and main cities/capital, main cities, rural areas]",EN
GDO_q8x3_3,GDO_q8x3_3,"Accessibility of psychosocial and rehabilitation services in community for dementia [Capital/capital and main cities/capital, main cities, rural areas]",EN
GDO_q8x3_2,GDO_q8x3_2,"Accessibility of behaviour and psychological management in community for dementia [Capital/capital and main cities/capital, main cities, rural areas]",EN
GDO_q8x3_1,GDO_q8x3_1,"Accessibility of diagnostic services in community for dementia [Capital/capital and main cities/capital, main cities, rural areas]",EN
GDO_q8x2_6,GDO_q8x2_6,Availability of social and financial protection for dementia,EN
GDO_q8x2_5,GDO_q8x2_5,Availability of palliative and end-of-life care services in community for dementia,EN
GDO_q8x2_4,GDO_q8x2_4,Availability of activities of daily living support services in community for dementia,EN
GDO_q8x2_3,GDO_q8x2_3,Availability of psychosocial and rehabilitation services in community for dementia,EN
GDO_q8x2_2,GDO_q8x2_2,Availability of behaviour and psychological management in community for dementia,EN
GDO_q8x2_1,GDO_q8x2_1,Availability of diagnostic services in community for dementia,EN
GDO_q8x1,GDO_q8x1,Existence of community-based health or social care services for dementia,EN
GDO_q7x1_AVAIL,GDO_q7x1_AVAIL,Availability of dementia diagnostic rate,EN
GDO_q6x2_6,GDO_q6x2_6,Inclusion of basic dementia competencies in training of personal support workers,EN
GDO_q6x2_5,GDO_q6x2_5,Inclusion of basic dementia competencies in training of social workers,EN
GDO_q6x2_4,GDO_q6x2_4,Inclusion of basic dementia competencies in training of pharmaceutical personnel,EN
GDO_q6x2_3,GDO_q6x2_3,Inclusion of basic dementia competencies in training of nurses,EN
GDO_q6x2_2,GDO_q6x2_2,Inclusion of basic dementia competencies in training of specialists,EN
GDO_q6x2_1,GDO_q6x2_1,Inclusion of basic dementia competencies in training of physicians,EN
GDO_q6x1_3,GDO_q6x1_3,"Number of geriatricians or psychogeriatricians (per 100,000)",EN
GDO_q6x1_2,GDO_q6x1_2,"Number of neurologists (per 100,000)",EN
GDO_q5x2,GDO_q5x2,Availability of dementia care coordination standards/ guidelines/ protocols,EN
GDO_q5x1x3,GDO_q5x1x3,Presence of formal agreement/joint plan for dementia care coordination,EN
GDO_q5x1x2,GDO_q5x1x2,Implementation level [national/subnational] of dementia care coordination,EN
GDO_q5x1x1_other,GDO_q5x1x1_other,Identification of different sectors in dementia care coordination (Other),EN
GDO_q5x1x1_8,GDO_q5x1x1_8,Identification of different sectors in dementia care coordination (Private sector),EN
GDO_q5x1x1_7,GDO_q5x1x1_7,Identification of different sectors in dementia care coordination (Civil society),EN
GDO_q5x1x1_6,GDO_q5x1x1_6,Identification of different sectors in dementia care coordination (Housing),EN
GDO_q5x1x1_5,GDO_q5x1x1_5,Identification of different sectors in dementia care coordination (Justice),EN
GDO_q5x1x1_4,GDO_q5x1x1_4,Identification of different sectors in dementia care coordination (Employment),EN
GDO_q5x1x1_3,GDO_q5x1x1_3,Identification of different sectors in dementia care coordination (Education),EN
GDO_q5x1x1_2,GDO_q5x1x1_2,Identification of different sectors in dementia care coordination (Social),EN
GDO_q5x1x1_1,GDO_q5x1x1_1,Identification of different sectors in dementia care coordination  (Health),EN
GDO_q5x1,GDO_q5x1,Availability of mechanisms to coordinate dementia care across sectors,EN
GDO_q4x3x4_4,GDO_q4x3x4_4,Existence of standards/ guidelines/ protocols of care in hospital for people with dementia,EN
GDO_q4x3x4_3,GDO_q4x3x4_3,Existence of standards/ guidelines/ protocols of care in nursing & residential care facilities for people with dementia,EN
GDO_q4x3x4_2,GDO_q4x3x4_2,Existence of standards/ guidelines/ protocols for palliative and end-of-life care for people with dementia,EN
GDO_q4x3x4_1,GDO_q4x3x4_1,"Existence of standards/ guidelines/ protocols for advance care directives, power of attorney or guardianship for people with dementia",EN
GDO_q4x2_5,GDO_q4x2_5,Existence of standards/ guidelines/ protocols for treatment and support of carers and families of people with dementia,EN
GDO_q4x2_4,GDO_q4x2_4,Existence of standards/ guidelines/ protocols for other post-diagnostic supports of people with dementia,EN
GDO_q4x2_3,GDO_q4x2_3,Existence of standards/ guidelines/ protocols for management of dementia,EN
GDO_q4x2_2,GDO_q4x2_2,Existence of standards/ guidelines/ protocols for diagnosis of dementia,EN
GDO_q4x2_1,GDO_q4x2_1,Existence of standards/ guidelines/ protocols for prevention and risk reduction of dementia,EN
GDO_q4x1x2,GDO_q4x1x2,Existence of approved government dementia standards/ guidelines/ protocols,EN
GDO_q4x1x1_SQ002,GDO_q4x1x1_SQ002,Implementation level of dementia standards/ guidelines/ protocols (Sub-national),EN
GDO_q4x1x1_SQ001,GDO_q4x1x1_SQ001,Implementation level of dementia standards/ guidelines/ protocols (National),EN
GDO_q4x1,GDO_q4x1,Existence of dementia standards/ guidelines/ protocols,EN
GDO_q3x4_3,GDO_q3x4_3,Existence of legislation to end discrimination against carers of people with dementia,EN
GDO_q3x4_2,GDO_q3x4_2,Existence of legislation to end discrimination against people with dementia,EN
GDO_q3x4_1,GDO_q3x4_1,Existence of legislation for advanced care directives for people with dementia,EN
GDO_q3x3b_1,GDO_q3x3b_1,Existence of legislation to end coercieve practices for people with dementia,EN
GDO_q3x3a_4,GDO_q3x3a_4,Existence of legislation to promote monitoring of human rights conditions of people with dementia in facilities where they reside,EN
GDO_q3x3a_3,GDO_q3x3a_3,Existence of legislation to promote community-based services for people with dementia,EN
GDO_q3x3a_2,GDO_q3x3a_2,Existence of legislation to file appeals protecting the rights of people with dementia,EN
GDO_q3x3a_1,GDO_q3x3a_1,Existence of legislation for supported decision making for people with dementia,EN
GDO_q3x2,GDO_q3x2,Existence of other laws that apply to the rights of people with dementia,EN
GDO_q3x1x1_1,GDO_q3x1x1_1,Implementation level [national/subnational] of dementia legislation,EN
GDO_q3x1,GDO_q3x1,Existence of dementia legislation,EN
GDO_q35,GDO_q35,Estimated population-based prevalence of depression,EN
GDO_q2x5_7,GDO_q2x5_7,Inclusion of research and innovation as a specific action of the dementia plan,EN
GDO_q2x5_6,GDO_q2x5_6,Inclusion of improved information system as a specific action of the dementia plan,EN
GDO_q2x5_5,GDO_q2x5_5,Inclusion of support for dementia carers and families as a specific action of the dementia plan,EN
GDO_q2x5_4,GDO_q2x5_4,Inclusion of dementia workforce training as a specific action of the dementia plan,EN
GDO_q2x5_3,GDO_q2x5_3,"Inclusion of dementia diagnosis, care and support as a specific action of the dementia plan",EN
GDO_q2x5_2,GDO_q2x5_2,Inclusion of dementia risk reduction as a specific action of the dementia plan,EN
GDO_q2x5_1,GDO_q2x5_1,Inclusion of dementia-friendly communities as a specific action of the dementia plan,EN
GDO_q2x4_5,GDO_q2x4_5,Inclusion of universal health coverage as a guiding principle of the dementia plan,EN
GDO_q2x4_4,GDO_q2x4_4,Inclusion of multisectoral collaboration as a guiding principles of the dementia plan,EN
GDO_q2x4_3,GDO_q2x4_3,Inclusion of empowerment as a guiding principle of the dementia plan,EN
GDO_q2x4_2,GDO_q2x4_2,Inclusion of equity as a guiding principle of the dementia plan,EN
GDO_q2x4_1,GDO_q2x4_1,Inclusion of human rights as a guiding principle of the dementia plan,EN
GDO_q2x3x1_1,GDO_q2x3x1_1,Percentage of sub-national regions covered by dementia plan,EN
GDO_q2x3,GDO_q2x3,Existence of dementia sub-national plan(s),EN
GDO_q2x2x1_other,GDO_q2x2x1_other,Identification of other plans in which dementia is integrated (Other),EN
GDO_Q2x2x1_NCD,GDO_Q2x2x1_NCD,Identification of other plans in which dementia is integrated (NCD),EN
GDO_Q2x2x1_MENTAL,GDO_Q2x2x1_MENTAL,Identification of other plans in which dementia is integrated (Mental health),EN
GDO_Q2x2x1_DISAB,GDO_Q2x2x1_DISAB,Identification of other plans in which dementia is integrated (Disability),EN
GDO_Q2x2x1_AGE,GDO_Q2x2x1_AGE,Identification of other plans in which dementia is integrated (Ageing),EN
GDO_q2x2,GDO_q2x2,Dementia integrated into other national plan,EN
GDO_q2x1x3,GDO_q2x1x3,Targets for monitoring implementation of dementia national plan,EN
GDO_q2x1x2,GDO_q2x1x2,Availability of funding for dementia national plan,EN
GDO_q2x1,GDO_q2x1,Existence of dementia national plan,EN
GDO_q20,GDO_q20,Total number of published dementia research output,EN
GDO_q1x2,GDO_q1x2,Existence of dementia representative in ministry,EN
GDO_q1x1x1,GDO_q1x1x1,"Inclusion of dementia in a branch of government [health, ageing, social services, mental health, noncommunicable disease]",EN
GDO_q1x1,GDO_q1x1,Inclusion of dementia in ministry portfolio,EN
GDO_q19x3x1_1,GDO_q19x3x1_1,Number of investigational pharmaceutical trials for dementia,EN
GDO_q19x3,GDO_q19x3,Availability of investigational pharmaceutical trials for dementia,EN
GDO_q19x2,GDO_q19x2,Number of people with dementia involved in research routinely monitored,EN
GDO_q18x2x3_3,GDO_q18x2x3_3,"Total expenditure on dementia implementation research (local currency, self-report)",EN
GDO_q18x2x3_2,GDO_q18x2x3_2,"Total expenditure on dementia clinical/translational research (local currency, self-report)",EN
GDO_q18x2x3_1,GDO_q18x2x3_1,"Total expenditure on dementia basic research (local currency, self-report)",EN
GDO_q18x2x1_1,GDO_q18x2x1_1,"Total expenditure on dementia research (local currency, self-report)",EN
GDO_q18x2,GDO_q18x2,Availability of funding for dementia-specific research plan/programme,EN
GDO_q17x2x2,GDO_q17x2x2,Implementation level [national/subnational] of research plan in which dementia is integrated,EN
GDO_q17x2x1_4,GDO_q17x2x1_4,Identification of other research plans in which dementia is integrated (NCD),EN
GDO_q17x2x1_3,GDO_q17x2x1_3,Identification of other research plans in which dementia is integrated (Neuro or neurodegenerative disease),EN
GDO_q17x2x1_2,GDO_q17x2x1_2,Identification of other research plans in which dementia is integrated (Ageing),EN
GDO_q17x2x1_1,GDO_q17x2x1_1,Identification of other research plans in which dementia is integrated (Mental health),EN
GDO_q17x2,GDO_q17x2,Dementia integrated into other national research plan/programme,EN
GDO_q17x1x1,GDO_q17x1x1,Implementation level [national/subnational] of dementia research plan/programme,EN
GDO_q17x1,GDO_q17x1,Existence of a current dementia research plan/programme,EN
GDO_q16x3,GDO_q16x3,Availability and status of dementia reporting in the past two years,EN
GDO_q16x2_5,GDO_q16x2_5,Availability of routine antipsychotic prescription records for people with dementia for monitoring purposes,EN
GDO_q16x2_4,GDO_q16x2_4,Availability of routine pharmaceutical records for people with dementia for monitoring purposes,EN
GDO_q16x2_3,GDO_q16x2_3,Availability of routine outpatient intervention and treatment records for people with dementia for monitoring purposes,EN
GDO_q16x2_2,GDO_q16x2_2,Availability of routine outpatient visit records for people with dementia for monitoring purposes,EN
GDO_q16x2_1,GDO_q16x2_1,Availability of routine hospital admissions records for people with dementia for monitoring purposes,EN
GDO_q16x1x2_2,GDO_q16x1x2_2,Data used to routinely monitor people with dementia can be disaggregated,EN
GDO_q16x1x2_1,GDO_q16x1x2_1,Electronic availability of data sources used to routinely monitor people with dementia,EN
GDO_q16x1x1_other,GDO_q16x1x1_other,Data sources used to routinely monitor people with dementia (Other),EN
GDO_q16x1x1_4,GDO_q16x1x1_4,Data sources used to routinely monitor people with dementia (Facility survey or records),EN
GDO_q16x1x1_3,GDO_q16x1x1_3,Data sources used to routinely monitor people with dementia (Administrative data),EN
GDO_q16x1x1_2,GDO_q16x1x1_2,Data sources used to routinely monitor people with dementia (Household surveys),EN
GDO_q16x1x1_1,GDO_q16x1x1_1,Data sources used to routinely monitor people with dementia (Clinical records),EN
GDO_q16x1,GDO_q16x1,Routine monitoring of people with dementia,EN
GDO_q15x2_8,GDO_q15x2_8,Existence of dementia training for retail and hospitality staff,EN
GDO_q15x2_7,GDO_q15x2_7,Existence of dementia training for financial service staff,EN
GDO_q15x2_6,GDO_q15x2_6,Existence of dementia training for school children,EN
GDO_q15x2_5,GDO_q15x2_5,Existence of dementia training for community workers,EN
GDO_q15x2_4,GDO_q15x2_4,Existence of dementia training for legal professionals,EN
GDO_q15x2_3,GDO_q15x2_3,Existence of dementia training for first responders,EN
GDO_q15x2_2,GDO_q15x2_2,Existence of dementia training for police and fire services,EN
GDO_q15x2_1,GDO_q15x2_1,Existence of dementia training for volunteers,EN
GDO_q15x1,GDO_q15x1,Inclusion of dementia training and education for non-health workers,EN
GDO_q14x2_6,GDO_q14x2_6,Existence of dementia-friendly initiative supporting social opportunities,EN
GDO_q14x2_5,GDO_q14x2_5,Existence of dementia-friendly initiative supporting community places for older people,EN
GDO_q14x2_4,GDO_q14x2_4,Existence of dementia-friendly initiative with assistive technology for loss of capacity,EN
GDO_q14x2_3,GDO_q14x2_3,Existence of dementia-friendly initiative for assistance with home modification,EN
GDO_q14x2_2,GDO_q14x2_2,Existence of dementia-friendly initiative to improve accessibility of public transportation,EN
GDO_q14x2_1,GDO_q14x2_1,Existence of dementia-friendly initiative to improve accessibility of public spaces,EN
GDO_q14x1,GDO_q14x1,Availability of dementia-friendly initiatives that improve accessibility,EN
GDO_q13x3x1,GDO_q13x3x1,Implementation level [national/subnational] of dementia risk reduction campaign,EN
GDO_q13x3,GDO_q13x3,Existence of at least one functioning risk reduction campaign,EN
GDO_q13x1x1,GDO_q13x1x1,Implementation level [national/subnational] of dementia awareness campaign,EN
GDO_q13x1,GDO_q13x1,Existence of at least one functioning dementia awareness campaign,EN
GDO_q12x2x5x3,GDO_q12x2x5x3,Estimated number of dementia carers receiving financial benefits/social protection,EN
GDO_q12x2x4x3,GDO_q12x2x4x3,Estimated number of dementia carers receiving information on legal rights,EN
GDO_q12x2x3x3,GDO_q12x2x3x3,Estimated number of dementia carers receiving respite care,EN
GDO_q12x2x2x3,GDO_q12x2x2x3,Estimated number of dementia carers receiving psycho-social supports,EN
GDO_q12x2x1x3,GDO_q12x2x1x3,Estimated number of dementia carers receiving training and education,EN
GDO_q12x2x1x1_5PUB,GDO_q12x2x1x1_5PUB,Majority provider of information  on financial benefits/social protection for dementia carers (Public sector),EN
GDO_q12x2x1x1_5PRV,GDO_q12x2x1x1_5PRV,Majority provider of information on financial benefits/social protection for dementia carers (Private sector),EN
GDO_q12x2x1x1_5NGO,GDO_q12x2x1x1_5NGO,Majority provider of information on financial benefits/social protection for dementia carers (NGO),EN
GDO_q12x2x1x1_5,GDO_q12x2x1x1_5,"Accessibility of financial benefits/social protection for dementia carers [Capital/capital and main cities/capital, main cities, rural areas]",EN
GDO_q12x2x1x1_4PUB,GDO_q12x2x1x1_4PUB,Majority provider of information  on legal rights for dementia carers (Public sector),EN
GDO_q12x2x1x1_4PRV,GDO_q12x2x1x1_4PRV,Majority provider of information on legal rights for dementia carers (Private sector),EN
GDO_q12x2x1x1_4NGO,GDO_q12x2x1x1_4NGO,Majority provider of information on legal rights for dementia carers (NGO),EN
GDO_q12x2x1x1_4,GDO_q12x2x1x1_4,"Accessibility of information on legal rights for dementia carers [Capital/capital and main cities/capital, main cities, rural areas]",EN
GDO_q12x2x1x1_3PUB,GDO_q12x2x1x1_3PUB,Majority provider of respite care for dementia carers (Public sector),EN
GDO_q12x2x1x1_3PRV,GDO_q12x2x1x1_3PRV,Majority provider of respite care for dementia carers (Private sector),EN
GDO_q12x2x1x1_3NGO,GDO_q12x2x1x1_3NGO,Majority provider of respite care for dementia carers (NGO),EN
GDO_q12x2x1x1_3,GDO_q12x2x1x1_3,"Accessibility of respite care for dementia carers [Capital/capital and main cities/capital, main cities, rural areas]",EN
GDO_q12x2x1x1_2PUB,GDO_q12x2x1x1_2PUB,Majority provider of psycho-social supports for dementia carers (Public sector),EN
GDO_q12x2x1x1_2PRV,GDO_q12x2x1x1_2PRV,Majority provider of psycho-social supports for dementia carers (Private sector),EN
GDO_q12x2x1x1_2NGO,GDO_q12x2x1x1_2NGO,Majority provider of psycho-social supports for dementia carers (NGO),EN
GDO_q12x2x1x1_2,GDO_q12x2x1x1_2,"Accessibility of psycho-social supports for dementia carers [Capital/capital and main cities/capital, main cities, rural areas]",EN
GDO_q12x2x1x1_1PUB,GDO_q12x2x1x1_1PUB,Majority provider of dementia carer training and education (Public sector),EN
GDO_q12x2x1x1_1PRV,GDO_q12x2x1x1_1PRV,Majority provider of dementia carer training and education (Private sector),EN
GDO_q12x2x1x1_1NGO,GDO_q12x2x1x1_1NGO,Majority provider of dementia carer training and education (NGO),EN
GDO_q12x2x1x1_1,GDO_q12x2x1x1_1,"Accessibility of dementia carer training and education [Capital/capital and main cities/capital, main cities, rural areas]",EN
GDO_q12x2_5,GDO_q12x2_5,Existence of financial benefits/social protection for dementia carers,EN
GDO_q12x2_4,GDO_q12x2_4,Existence of information on legal rights for dementia carers,EN
GDO_q12x2_3,GDO_q12x2_3,Existence of respite care for dementia carers,EN
GDO_q12x2_2,GDO_q12x2_2,Existence of psycho-social supports for dementia carers,EN
GDO_q12x1x3,GDO_q12x1x3,Existence of implementation plan for dementia carer support services,EN
GDO_q12x1x2,GDO_q12x1x2,Existence of dedicated resources for dementia carer support services,EN
GDO_q12x1x1,GDO_q12x1x1,Implementation level [national/subnational] of dementia carer support services,EN
GDO_q12x1,GDO_q12x1,Existence of dementia carer support services,EN
GDO_q11x2x6,GDO_q11x2x6,Dementia nongovernmental organization's involvement in policy development,EN
GDO_q11x2x5,GDO_q11x2x5,Provision of governmental funding to dementia nongovernmental organization for activities/services,EN
GDO_q11x2x3,GDO_q11x2x3,Dementia nongovernmental organization staff primarily salaried/volunteer,EN
GDO_q11x2x2_3,GDO_q11x2x2_3,Dementia nongovernmental organization office branches (National only),EN
GDO_q11x2x2_2,GDO_q11x2x2_2,Dementia nongovernmental organization office branches (Local),EN
GDO_q11x2x2_1,GDO_q11x2x2_1,Dementia nongovernmental organization office branches (Sub-national),EN
GDO_q11x2x1,GDO_q11x2x1,Dementia nongovernmental organization equipped with office,EN
GDO_q11x1,GDO_q11x1,Existence of dementia national nongovernmental organization,EN
GDO_q10x2_TECH,GDO_q10x2_TECH,Availability of  atleast one assistive technology for people with dementia,EN
GDO_q10x2_HOSUE,GDO_q10x2_HOSUE,Availability of atleast one housing adjustment for people with dementia,EN
GDO_q10x2_1AVAIL,GDO_q10x2_1AVAIL,Availability of atleast one adult hygiene products for people with dementia,EN
GDO_q10x1x2,GDO_q10x1x2,Availability of at least one anti-dementia medication approved for on-label use reimbursement,EN
GDO_q10x1x1,GDO_q10x1x1,Availability of generic anti-dementia medication,EN
GDO_q10x1,GDO_q10x1,National regulator approval of anti-dementia medication,EN
GBD_DALYRTAGE,GBD_DALYRTAGE,"Age-standardized DALYs (per 100,000)",EN
GB_XPD_RSDV,GB_XPD_RSDV,Research and development (R&amp;D) expenditure as a proportion of GDP,EN
GASPTIESC,GASPTIESC,Number of isolates tested for extended-spectrum cephalosporins,EN
GASPTICRO,GASPTICRO,Number of isolates tested for ceftriaxone,EN
GASPTICIP,GASPTICIP,Number of isolates tested for ciprofloxacin,EN
GASPTICFM,GASPTICFM,Number of isolates tested for cefixime,EN
GASPTIAZM,GASPTIAZM,Number of isolates tested for azithromycin,EN
GASPRSESC,GASPRSESC,Proportion of isolates with decreased susceptibility or resistance (DS/R) to extended-spectrum cephalosporins reported to WHO-GASP,EN
GASPRSCRO,GASPRSCRO,Proportion of isolates with decreased susceptibility or resistance (DS/R) to ceftriaxone reported to WHO-GASP,EN
GASPRSCIP,GASPRSCIP,Proportion of isolates with resistance to ciprofloxacin reported to WHO-GASP,EN
GASPRSCFM,GASPRSCFM,Proportion of isolates with decreased susceptibility or resistance (DS/R) to cefixime reported to WHO-GASP,EN
GASPRSAZM,GASPRSAZM,Proportion of isolates with resistance to azithromycin reported to WHO-GASP,EN
GASPRP,GASPRP,Reporting countries,EN
GASP_ISOLATESTESTED_NUMBER,GASP_ISOLATESTESTED_NUMBER,Antimicrobial resistance or decreased susceptibiity (DS/R) to antimicrobials testing  in Neisseria gonorrhoea isolates (WHO-GASP) (number),EN
GASP_ISOLATESDSR_PROPORTION,GASP_ISOLATESDSR_PROPORTION,Antimicrobial resistance or decreased susceptibiity (DS/R) to antimicrobials in Neisseria gonorrhoea isolates (WHO-GASP) (proportion),EN
fullv,fullv,Full immunization coverage among one-year-olds (%),EN
fpsmowho,fpsmowho,Demand for family planning satisfied - use of modern methods (%),EN
fpsmo,fpsmo,Demand for family planning satisfied - modern methods (%),EN
fps,fps,Demand for family planning satisfied - modern and traditional methods (%),EN
FOODSAFETY_JEE_SCORE,FOODSAFETY_JEE_SCORE,Food safety JEE (score),EN
FOODSAFETY_IHR_PERCENT,FOODSAFETY_IHR_PERCENT,Food safety IHR (%),EN
FOODBORNE_YLL_TOTAL,FOODBORNE_YLL_TOTAL,"Foodborne years of life lost, all ages",EN
FOODBORNE_YLL_LT5,FOODBORNE_YLL_LT5,"Foodborne years of life lost, aged less than 5 years",EN
FOODBORNE_YLL_GE5,FOODBORNE_YLL_GE5,"Foodborne years of life lost, aged 5 years and above",EN
FOODBORNE_YLL_CASE_TOTAL,FOODBORNE_YLL_CASE_TOTAL,"Foodborne years of life lost per case, all ages",EN
FOODBORNE_YLL_CASE_LT5,FOODBORNE_YLL_CASE_LT5,"Foodborne years of life lost per case, aged less than 5 years",EN
FOODBORNE_YLL_CASE_GE5,FOODBORNE_YLL_CASE_GE5,"Foodborne years of life lost per case, aged 5 years and above",EN
FOODBORNE_YLL_CASE,FOODBORNE_YLL_CASE,Foodborne years of life lost per case,EN
FOODBORNE_YLL_100K_TOTAL,FOODBORNE_YLL_100K_TOTAL,"Foodborne years of life lost per 100 000, all ages",EN
FOODBORNE_YLL_100K_LT5,FOODBORNE_YLL_100K_LT5,"Foodborne years of life lost per 100 000, aged less than 5 years",EN
FOODBORNE_YLL_100K_GE5,FOODBORNE_YLL_100K_GE5,"Foodborne years of life lost per 100 000, aged 5 years and above",EN
FOODBORNE_YLL_100K,FOODBORNE_YLL_100K,Foodborne years of life lost per 100 000,EN
FOODBORNE_YLL,FOODBORNE_YLL,Foodborne years of life lost,EN
FOODBORNE_YLD_TOTAL,FOODBORNE_YLD_TOTAL,"Foodborne years lived with disability, all ages",EN
FOODBORNE_YLD_LT5,FOODBORNE_YLD_LT5,"Foodborne years lived with disability, aged less than 5 years",EN
FOODBORNE_YLD_GE5,FOODBORNE_YLD_GE5,"Foodborne years lived with disability, aged 5 years and above",EN
FOODBORNE_YLD_CASE_TOTAL,FOODBORNE_YLD_CASE_TOTAL,"Foodborne years lived with disability per case, all ages",EN
FOODBORNE_YLD_CASE_LT5,FOODBORNE_YLD_CASE_LT5,"Foodborne years lived with disability per case, aged less than 5 years",EN
FOODBORNE_YLD_CASE_GE5,FOODBORNE_YLD_CASE_GE5,"Foodborne years lived with disability per case, aged 5 years and above",EN
FOODBORNE_YLD_CASE,FOODBORNE_YLD_CASE,Foodborne years lived with disability per case,EN
FOODBORNE_YLD_100K_TOTAL,FOODBORNE_YLD_100K_TOTAL,"Foodborne years lived with disability per 100 000, all ages",EN
FOODBORNE_YLD_100K_LT5,FOODBORNE_YLD_100K_LT5,"Foodborne years lived with disability per 100 000, aged less than 5 years",EN
FOODBORNE_YLD_100K_GE5,FOODBORNE_YLD_100K_GE5,"Foodborne years lived with disability per 100 000, aged 5 years and above",EN
FOODBORNE_YLD_100K,FOODBORNE_YLD_100K,Foodborne years lived with disability per 100 000,EN
FOODBORNE_YLD,FOODBORNE_YLD,Foodborne years lived with disability,EN
FOODBORNE_ILL_TOTAL,FOODBORNE_ILL_TOTAL,"Foodborne illnesses, all ages",EN
FOODBORNE_ILL_LT5,FOODBORNE_ILL_LT5,"Foodborne illnesses, aged less than 5 years",EN
FOODBORNE_ILL_GE5,FOODBORNE_ILL_GE5,"Foodborne illnesses, aged 5 years and above",EN
FOODBORNE_ILL_100K_TOTAL,FOODBORNE_ILL_100K_TOTAL,"Foodborne illnesses per 100 000, all ages",EN
FOODBORNE_ILL_100K_LT5,FOODBORNE_ILL_100K_LT5,"Foodborne illnesses per 100 000, aged less than 5 years",EN
FOODBORNE_ILL_100K_GE5,FOODBORNE_ILL_100K_GE5,"Foodborne illnesses per 100 000, aged 5 years and above",EN
FOODBORNE_ILL_100K,FOODBORNE_ILL_100K,Foodborne illnesses per 100 000,EN
FOODBORNE_ILL,FOODBORNE_ILL,Foodborne illnesses,EN
FOODBORNE_DTH_TOTAL,FOODBORNE_DTH_TOTAL,"Foodborne deaths, all ages",EN
FOODBORNE_DTH_LT5,FOODBORNE_DTH_LT5,"Foodborne deaths, aged less than 5 years",EN
FOODBORNE_DTH_GE5,FOODBORNE_DTH_GE5,"Foodborne deaths, aged 5 years and above",EN
FOODBORNE_DTH_100K_TOTAL,FOODBORNE_DTH_100K_TOTAL,"Foodborne deaths per 100 000, all ages",EN
FOODBORNE_DTH_100K_LT5,FOODBORNE_DTH_100K_LT5,"Foodborne deaths per 100 000, aged less than 5 years",EN
FOODBORNE_DTH_100K_GE5,FOODBORNE_DTH_100K_GE5,"Foodborne deaths per 100 000, aged 5 years and above",EN
FOODBORNE_DTH_100K,FOODBORNE_DTH_100K,Foodborne deaths per 100 000,EN
FOODBORNE_DTH,FOODBORNE_DTH,Foodborne deaths,EN
FOODBORNE_DALY_TOTAL,FOODBORNE_DALY_TOTAL,"Foodborne disability-adjusted life years, all ages",EN
FOODBORNE_DALY_LT5,FOODBORNE_DALY_LT5,"Foodborne disability-adjusted life years, aged less than 5 years",EN
FOODBORNE_DALY_GE5,FOODBORNE_DALY_GE5,"Foodborne disability-adjusted life years, aged 5 years and above",EN
FOODBORNE_DALY_CASE_TOTAL,FOODBORNE_DALY_CASE_TOTAL,"Foodborne disability-adjusted life years per case, all ages",EN
FOODBORNE_DALY_CASE_LT5,FOODBORNE_DALY_CASE_LT5,"Foodborne disability-adjusted life years per case, aged less than 5 years",EN
FOODBORNE_DALY_CASE_GE5,FOODBORNE_DALY_CASE_GE5,"Foodborne disability-adjusted life years per case, aged 5 years and above",EN
FOODBORNE_DALY_CASE,FOODBORNE_DALY_CASE,Foodborne disability-adjusted life years per case,EN
FOODBORNE_DALY_100k_TOTAL,FOODBORNE_DALY_100k_TOTAL,"Foodborne disability-adjusted life years per 100 000, all ages",EN
FOODBORNE_DALY_100k_LT5,FOODBORNE_DALY_100k_LT5,"Foodborne disability-adjusted life years per 100 000, aged less than 5 years",EN
FOODBORNE_DALY_100k_GE5,FOODBORNE_DALY_100k_GE5,"Foodborne disability-adjusted life years per 100 000, aged 5 years and above",EN
FOODBORNE_DALY_100k,FOODBORNE_DALY_100k,Foodborne disability-adjusted life years per 100 000,EN
FOODBORNE_DALY,FOODBORNE_DALY,Foodborne disability-adjusted life years,EN
FINPROTECTION_IMPOV_ESTIMATE_AVAILABLE,FINPROTECTION_IMPOV_ESTIMATE_AVAILABLE,Availability of estimates on impoverishment due to out-of-pocket health expenditures,EN
FINPROTECTION_IMP_PRELPL_POP,FINPROTECTION_IMP_PRELPL_POP,"Population pushed further below a relative poverty line by household health expenditures - 60% of median daily per capita consumption or income (%, national, rural, urban)",EN
FINPROTECTION_IMP_PREL_LEVEL_SH,FINPROTECTION_IMP_PREL_LEVEL_SH,"Total population pushed further below a relative poverty line by household health expenditures - 60% of median daily per capita consumption or income (%, regional, global)",EN
FINPROTECTION_IMP_PREL_LEVEL_MILLION,FINPROTECTION_IMP_PREL_LEVEL_MILLION,"Total population pushed further below a relative poverty line by household health expenditures - 60% of median daily per capita consumption or income (millions, regional, global)",EN
FINPROTECTION_IMP_PG_RELPL_STD,FINPROTECTION_IMP_PG_RELPL_STD,"Increase in poverty gap due to household health expenditures, expressed as a proportion of a relative poverty line - 60% of median daily per capita consumption or income (%, national, rural, urban)",EN
FINPROTECTION_IMP_PG_365_STD,FINPROTECTION_IMP_PG_365_STD,"Increase in poverty gap due to household health expenditures, expressed as a proportion of the $3.65 a-day poverty line (%, national, rural, urban)",EN
FINPROTECTION_IMP_PG_310_STD,FINPROTECTION_IMP_PG_310_STD,"Increase in poverty gap due to household health expenditures, expressed as a proportion of the $3.20 a-day poverty line (%, national, rural, urban)",EN
FINPROTECTION_IMP_PG_310,FINPROTECTION_IMP_PG_310,"Increase in poverty gap  due to household  health expenditures at the $3.10a day poverty line, in cents of international dollars",EN
FINPROTECTION_IMP_PG_215_STD,FINPROTECTION_IMP_PG_215_STD,"Increase in poverty gap due to household health expenditures, expressed as a proportion of the $2.15 a-day poverty line (%, national, rural, urban)",EN
FINPROTECTION_IMP_PG_190_STD,FINPROTECTION_IMP_PG_190_STD,"Increase in poverty gap due to household  health expenditures, expressed as a proportion of the $1.90 a-day poverty line (%)",EN
FINPROTECTION_IMP_PG_190,FINPROTECTION_IMP_PG_190,"Increase in poverty gap  due to household  health expenditures at the $1.90 a day poverty line, in cents of international dollars",EN
FINPROTECTION_IMP_P365_POP,FINPROTECTION_IMP_P365_POP,"Population pushed further below the $3.65 a day poverty line by household health expenditures (%, national, rural, urban)",EN
FINPROTECTION_IMP_P310_POP,FINPROTECTION_IMP_P310_POP,"Population pushed further below the $3.20 a day poverty line by household health expenditures (%, national, rural, urban)",EN
FINPROTECTION_IMP_P310_LEVEL_SH,FINPROTECTION_IMP_P310_LEVEL_SH,"Total population pushed further below the $3.20 a day poverty line by household health expenditures (%, regional, global)",EN
FINPROTECTION_IMP_P310_LEVEL_MILLION,FINPROTECTION_IMP_P310_LEVEL_MILLION,"Total population pushed further below the $3.20 a day poverty line by household health expenditures (millions, regional, global)",EN
FINPROTECTION_IMP_P215_POP,FINPROTECTION_IMP_P215_POP,"Population pushed further below the $2.15 a day poverty line by household health expenditures (%, national, rural, urban)",EN
FINPROTECTION_IMP_P190_POP,FINPROTECTION_IMP_P190_POP,"Population pushed further below the $1.90 a day poverty line by household health expenditures (%, national, rural, urban)",EN
FINPROTECTION_IMP_P190_LEVEL_SH,FINPROTECTION_IMP_P190_LEVEL_SH,"Total population pushed further below the $1.90 a day poverty line by household health expenditures (%, regional, global)",EN
FINPROTECTION_IMP_P190_LEVEL_MILLION,FINPROTECTION_IMP_P190_LEVEL_MILLION,"Total population pushed further below the $1.90 a day poverty line by household health expenditures (millions, regional, global)",EN
FINPROTECTION_IMP_P_365_LEVEL_SH,FINPROTECTION_IMP_P_365_LEVEL_SH,"Total population pushed further below the $3.65 a day poverty line by household health expenditures (%, regional, global)",EN
FINPROTECTION_IMP_P_365_LEVEL_MILLION,FINPROTECTION_IMP_P_365_LEVEL_MILLION,"Total population pushed further below the $3.65 a day poverty line by household health expenditures (millions, regional, global)",EN
FINPROTECTION_IMP_P_215_LEVEL_SH,FINPROTECTION_IMP_P_215_LEVEL_SH,"Total population pushed further below the $2.15 a day poverty line by household health expenditures (%, regional, global)",EN
FINPROTECTION_IMP_P_215_LEVEL_MILLION,FINPROTECTION_IMP_P_215_LEVEL_MILLION,"Total population pushed further below the $2.15 a day poverty line by household health expenditures (millions, regional, global)",EN
FINPROTECTION_IMP_NPRELPL_POP,FINPROTECTION_IMP_NPRELPL_POP,"Population pushed below a relative poverty line by household health expenditures - 60% of median daily per capita consumption or income (%, national, rural, urban)",EN
FINPROTECTION_IMP_NP365_POP,FINPROTECTION_IMP_NP365_POP,"Population pushed below the $3.65 a day poverty line by household health expenditures (%, national, rural, urban)",EN
FINPROTECTION_IMP_NP310_POP,FINPROTECTION_IMP_NP310_POP,"Population pushed below the $3.20 a day poverty line by household health expenditures (%, national, rural, urban)",EN
FINPROTECTION_IMP_NP215_POP,FINPROTECTION_IMP_NP215_POP,"Population pushed below the $2.15 a day poverty line by household health expenditures (%, national, rural, urban)",EN
FINPROTECTION_IMP_NP190_POP,FINPROTECTION_IMP_NP190_POP,Population  pushed below the $1.90 a day  poverty line by household  health expenditures (%),EN
FINPROTECTION_IMP_NP_REL_LEVEL_SH,FINPROTECTION_IMP_NP_REL_LEVEL_SH,"Total population pushed below a relative poverty line by household health expenditures - 60% of median daily per capita consumption or income (%, regional, global)",EN
FINPROTECTION_IMP_NP_REL_LEVEL_MILLION,FINPROTECTION_IMP_NP_REL_LEVEL_MILLION,"Total population pushed below a relative poverty line by household health expenditures - 60% of median daily per capita consumption or income (millions, regional, global)",EN
FINPROTECTION_IMP_NP_365_LEVEL_SH,FINPROTECTION_IMP_NP_365_LEVEL_SH,"Total population pushed below the $3.65 a day poverty line by household health expenditures (%, regional, global)",EN
FINPROTECTION_IMP_NP_365_LEVEL_MILLION,FINPROTECTION_IMP_NP_365_LEVEL_MILLION,"Total population pushed below the $3.65 a day poverty line by household health expenditures (millions, regional, global)",EN
FINPROTECTION_IMP_NP_310_LEVEL_SH,FINPROTECTION_IMP_NP_310_LEVEL_SH,"Total population pushed below the $3.20 a day poverty line by household health expenditures (%, regional, global)",EN
FINPROTECTION_IMP_NP_310_LEVEL_MILLION,FINPROTECTION_IMP_NP_310_LEVEL_MILLION,Total population pushed below the $3.20 a day poverty line by household health expenditures (millions),EN
FINPROTECTION_IMP_NP_215_LEVEL_SH,FINPROTECTION_IMP_NP_215_LEVEL_SH,"Total population pushed below the $2.15 a day poverty line by household health expenditures (%, regional, global)",EN
FINPROTECTION_IMP_NP_215_LEVEL_MILLION,FINPROTECTION_IMP_NP_215_LEVEL_MILLION,"Total population pushed below the $2.15 a day poverty line by household health expenditures (millions, regional, global)",EN
FINPROTECTION_IMP_NP_190_LEVEL_SH,FINPROTECTION_IMP_NP_190_LEVEL_SH,Total population  pushed below the $1.90 a day  poverty line by household  health expenditures (%),EN
FINPROTECTION_IMP_NP_190_LEVEL_MILLION,FINPROTECTION_IMP_NP_190_LEVEL_MILLION,Total population  pushed below the $1.90 a day  poverty line by household  health expenditures (millions),EN
FINPROTECTION_IMP_BNLFHU_TOT_HH,FINPROTECTION_IMP_BNLFHU_TOT_HH,"Households pushed below or further below a relative poverty line (reflecting basic needs: food, housing, utilities - developed by WHO/Europe) by out-of-pocket payments (%, national)",EN
FINPROTECTION_IMP_BNLFHU_P_HH,FINPROTECTION_IMP_BNLFHU_P_HH,"Households further impoverished by out-of-pocket payments (relative poverty line reflecting basic needs: food, housing, utilities - developed by WHO/Europe) (%, national)",EN
FINPROTECTION_IMP_BNLFHU_FURIMP_HH,FINPROTECTION_IMP_BNLFHU_FURIMP_HH,"Households  impoverished by out-of-pocket payments (relative poverty line reflecting basic needs: food, housing, utilities - developed by WHO/Europe) (%, national)",EN
FINPROTECTION_CATA_TOT_25_POP,FINPROTECTION_CATA_TOT_25_POP,"Population with household spending on health greater than 25% of total household budget (SDG 3.8.2, reported data) (%)",EN
FINPROTECTION_CATA_TOT_25_LEVEL_SH,FINPROTECTION_CATA_TOT_25_LEVEL_SH,"Population with household spending on health greater than 25% of total household budget (SDG 3.8.2, estimated data) (%)",EN
FINPROTECTION_CATA_TOT_25_LEVEL_MILLION,FINPROTECTION_CATA_TOT_25_LEVEL_MILLION,"Population with household spending on health greater than 25% of total household budget (SDG 3.8.2, estimated data) (millions)",EN
FINPROTECTION_CATA_TOT_10_POP,FINPROTECTION_CATA_TOT_10_POP,"Population with household spending on health greater than 10% of total household budget (SDG 3.8.2, reported data) (%)",EN
FINPROTECTION_CATA_TOT_10_LEVEL_SH,FINPROTECTION_CATA_TOT_10_LEVEL_SH,"Population with household spending on health greater than 10% of total household budget (SDG 3.8.2, estimated data) (%)",EN
FINPROTECTION_CATA_TOT_10_LEVEL_MILLION,FINPROTECTION_CATA_TOT_10_LEVEL_MILLION,"Population with household spending on health greater than 10% of total household budget (SDG 3.8.2, estimated data) (millions)",EN
FINPROTECTION_CATA_ESTIMATE_AVAILABLE,FINPROTECTION_CATA_ESTIMATE_AVAILABLE,Availability of estimates on large  health expenditures as a share of total expenditure or income,EN
FINPROTECTION_CATA_CTPFHU_40_HH,FINPROTECTION_CATA_CTPFHU_40_HH,"Households with out-of-pocket payments greater than 40% of capacity to pay for health care (food, housing and utilities approach - developed by WHO/Europe) (%, national)",EN
FAMILYPLANNINGUNPDUHC,FAMILYPLANNINGUNPDUHC,"Women of reproductive age (15âˆ’49 years) who are married or in-union who have their need for family planning satisfied with modern methods (%), UNPD",EN
EQ_OVERWEIGHTADULT,EQ_OVERWEIGHTADULT,Prevalence of overweight and obesity,EN
EQ_CONDOMUSE,EQ_CONDOMUSE,People who identify the use of condoms as a way to avoid AIDS (%),EN
EMFSTATUS,EMFSTATUS,Legislative status,EN
EMFSTANDARD,EMFSTANDARD,Existence of standards,EN
EMFSAR,EMFSAR,Specific absorption rate (SAR) (W/kg),EN
EMFPOWERFREQUENCY,EMFPOWERFREQUENCY,Power frequency (Hz),EN
EMFLIMITPOWERDENSITY900,EMFLIMITPOWERDENSITY900,Power density limit at 900 MHz (W/m^2),EN
EMFLIMITPOWERDENSITY1800,EMFLIMITPOWERDENSITY1800,Power density limit at 1800 MHz (W/m^2),EN
EMFLIMITPOWERDENSITY,EMFLIMITPOWERDENSITY,Power density (W/m^2),EN
EMFLIMITMAGNETIC,EMFLIMITMAGNETIC,Magnetic flux density (microT),EN
EMFLIMITELECTRICRF,EMFLIMITELECTRICRF,Electric field (V/m),EN
EMFLIMITELECTRICLF,EMFLIMITELECTRICLF,Electric field (kV/m),EN
EMFLIMITELECTRIC900,EMFLIMITELECTRIC900,Electric field limit at 900 MHz (V/m),EN
EMFLIMITELECTRIC1800,EMFLIMITELECTRIC1800,Electric field limit at 1800 MHz (V/m),EN
EMFLIMITELECTRIC,EMFLIMITELECTRIC,Electric field (kV/m),EN
EC_indirect_compliance,EC_indirect_compliance,Compliance with bans on promotion and sponsorship,EN
EC_direct_compliance,EC_direct_compliance,Compliance with bans on direct advertising,EN
ebreast5,ebreast5,Early initiation of breastfeeding (in the five years preceding the survey) (%),EN
ebreast,ebreast,Early initiation of breastfeeding (in the two or three years preceding the survey) (%),EN
E9_free_distrib,E9_free_distrib,Ban on free distribution of tobacco products in the mail or through other means,EN
E9_compliance,E9_compliance,Compliance of ban on free distribution of tobacco products in the mail or through other means,EN
E8_direct_ad_fines,E8_direct_ad_fines,Law requires fines for violations of direct advertising bans,EN
E7_internet,E7_internet,Ban on advertising: Internet,EN
E6b_ban_display_pt_of_sale,E6b_ban_display_pt_of_sale,Ban on display of tobacco products at points of sale,EN
E6a_pt_of_sale,E6a_pt_of_sale,Ban on advertising at point of sale,EN
E6_pt_of_sale,E6_pt_of_sale,Ban on advertising: Point of sale,EN
E6_compliance,E6_compliance,Compliance of ban on advertising at point of sale,EN
E5_compliance,E5_compliance,Compliance of ban on advertising on billboards and outdoor advertising,EN
E5_billboards,E5_billboards,Ban on advertising: Billboards and outdoor advertising,EN
E4_intl_print,E4_intl_print,Ban on advertising: International magazines and newspapers,EN
E3_nat_print,E3_nat_print,Ban on advertising: Local magazines and newspapers,EN
E3_compliance,E3_compliance,Compliance of ban on advertising on local magazines and newspapers,EN
E27_indirect_ad_fines,E27_indirect_ad_fines,Law requires fines for violations of indirect advertising bans,EN
E26_direct_ad_fines,E26_direct_ad_fines,Law requires fines for violations of direct advertising bans,EN
E25_ban_display_pt_of_sale,E25_ban_display_pt_of_sale,Ban on display of tobacco products at points of sale,EN
E24_internet_sales_ban,E24_internet_sales_ban,Ban on internet sales of tobacco products,EN
E23_vending_machines,E23_vending_machines,Ban on tobacco vending machines,EN
E23_subnat_complete_bans_exist,E23_subnat_complete_bans_exist,"Subnational advertising, promotion and sponsorship bans - at least one jurisdiction has a comprehensive ban in place",EN
E22_subnational_exists,E22_subnational_exists,"Subnational bans on tobacco advertising, promotion and sponsorship",EN
E22_subnational_authority_exists,E22_subnational_authority_exists,"Subnational bans on tobacco advertising, promotion and sponsorship authority exists",EN
E21b_indirect_ad_fines,E21b_indirect_ad_fines,Law requires fines for violations of promotion and sponsorship bans,EN
E21a_direct_ad_fines,E21a_direct_ad_fines,Law requires fines for violations of advertising bans,EN
E21_vending_machines,E21_vending_machines,Complete ban on tobacco vending machines,EN
E20_subnational_exists,E20_subnational_exists,"Subnational laws or regulations exist banning some or all types of tobacco advertising, promotion and sponsorship",EN
E2_intl_tv_radio,E2_intl_tv_radio,"Ban on advertising: International TV and radio (broadcast from abroad, including satellite)",EN
E19_movies_anti_tob_ads,E19_movies_anti_tob_ads,"Required anti-tobacco ads for any visual entertainment media product that depicts tobacco products, use or images",EN
E19_indirect_ad_fines,E19_indirect_ad_fines,Law requires fines for violations of indirect advertising bans,EN
E18_csr_anti_tobacco_media,E18_csr_anti_tobacco_media,"Ban on tobacco companies funding or making contributions (including in-kind contributions) to smoking prevention media campaigns, including those directed at youth",EN
E17c_csr_promo_others,E17c_csr_promo_others,Ban on entities other than tobacco companies/the tobacco industry publicizing the CSR activities of the tobacco companies/industry,EN
E17b_csr_promo_self,E17b_csr_promo_self,Ban on tobacco companies/the tobacco industry publicizing their CSR activities,EN
E17a_csr_ban,E17a_csr_ban,Ban on Corporate Social Responsibility activities (CSR),EN
E17_csr_promo_others,E17_csr_promo_others,Ban on entities other than tobacco companies/tobacco industry publicizing the Corporate Social Responsibility activities of the tobacco companies,EN
E16_csr_promo_self,E16_csr_promo_self,Ban on tobacco companies/tobacco industry publicizing their “Corporate Social Responsibility” activities,EN
E15d_csr_ban,E15d_csr_ban,Ban on Corporate Social Responsibility activities (CSR),EN
E15c_sponsor_publicity,E15c_sponsor_publicity,"Banning the publicity of financial or other sponsorship or support by the tobacco industry of events, activities, individuals",EN
E15b_sponsor_contribution,E15b_sponsor_contribution,"Ban on any form of contribution (financial or other support) to any event, activity or individual",EN
E15a_sponsorship,E15a_sponsorship,Complete ban on sponsorship,EN
E15_sponsored_events,E15_sponsored_events,Sponsored events,EN
E15_compliance,E15_compliance,Compliance of ban on sponsored events,EN
E14b_movies_anti_tob_ads,E14b_movies_anti_tob_ads,"Requirement to present prescribed anti-tobacco ads before, during or after the broadcasting or showing of any visual entertainment media product that depicts tobacco products, use or images",EN
E14a_prod_tv_films,E14a_prod_tv_films,Ban on appearance of tobacco products in TV and/or films,EN
E14_prod_tv_films,E14_prod_tv_films,Appearance of tobacco products in TV and/or films,EN
E14_compliance,E14_compliance,Compliance of ban on appearance of tobacco products in TV and/or films,EN
E13_compliance,E13_compliance,Compliance of ban on appearance of tobacco brands in TV and/or films (product placement),EN
E13_brand_placement,E13_brand_placement,Ban on appearance of tobacco brands in TV and/or films (product placement),EN
E12_compliance,E12_compliance,Compliance of ban on brand name of non-tobacco products used for tobacco product,EN
E12_brand_sharing,E12_brand_sharing,Ban on brand name of non-tobacco products used for tobacco product,EN
E11_compliance,E11_compliance,Compliance of ban on non-tobacco goods AND services identified with tobacco brand names,EN
E11_brand_stretching,E11_brand_stretching,Ban on non-tobacco goods AND services identified with tobacco brand names,EN
E10_promo_discounts,E10_promo_discounts,Ban on promotional discounts,EN
E10_compliance,E10_compliance,Compliance of ban on promotional discounts,EN
E1_nat_tv_radio,E1_nat_tv_radio,Ban on advertising: National TV and radio,EN
E1_compliance,E1_compliance,Compliance of ban on advertising on national TV and radio,EN
E_Group,E_Group,"Enforcing bans on tobacco advertising, promotion and sponsorship",EN
E_comprehensive_subnat,E_comprehensive_subnat,"Subnational bans on advertising, promotion and sponsorship - at least one jurisdiction has a comprehensive ban in place",EN
E_compl_e9,E_compl_e9,Compliance with ban on free distribution in mail or through other means (score),EN
E_compl_e6,E_compl_e6,Compliance with ban on advertising at point of sale (score),EN
E_compl_e5,E_compl_e5,Compliance with ban on billboard and outdoor advertising (score),EN
E_compl_e3,E_compl_e3,Compliance with ban on advertising in local magazines and newspapers (score),EN
E_compl_e15,E_compl_e15,Compliance with ban on sponsorship (contributions and/or publicity of contributions) (score),EN
E_compl_e14,E_compl_e14,Compliance with ban on appearance of tobacco products in TV and/or films (score),EN
E_compl_e13,E_compl_e13,Compliance with ban on appearance of tobacco brands in TV and/or films (score),EN
E_compl_e12,E_compl_e12,Compliance with ban on indentifying non-tobacco products with tobacco brand names (score),EN
E_compl_e11,E_compl_e11,Compliance with ban on use of brand name of non-tobacco product for tobacco product (score),EN
E_compl_e10,E_compl_e10,Compliance with ban on promotional discounts (score),EN
E_compl_e1,E_compl_e1,Compliance with ban on advertising on national television and radio (score),EN
E_compl_e_all_indir,E_compl_e_all_indir,Overall compliance with bans on promotion and sponsorship (score),EN
E_compl_all_dir,E_compl_all_dir,Overall compliance with bans on direct advertising (score),EN
dptv,dptv,DTP3 immunization coverage among one-year-olds (%),EN
DIMENSION,,,
DEVICES25,DEVICES25,"National Health Technology Assessment (HTA) unit including the assessment of medical devices, and diagnostics",EN
DEVICES24,DEVICES24,National authority responsible for regulating medical devices,EN
DEVICES23,DEVICES23,Total density per million females aged from 50 to 69 years old: Mammography units,EN
DEVICES22,DEVICES22,Total density per million population: Radiotherapy units,EN
DEVICES21,DEVICES21,Total density per million population: Telecobalt Unit,EN
DEVICES20,DEVICES20,Availability of technical specifications of medical devices to support procurement or donations,EN
DEVICES19,DEVICES19,"National guidelines, policies or recommendations on the procurement of medical devices",EN
DEVICES18,DEVICES18,Availability of national list of approved medical devices for procurement or reimbursement,EN
DEVICES17,DEVICES17,Procurement of medical devices carried out at the national level,EN
DEVICES16,DEVICES16,Unit in the Ministry of Health responsible for the management of medical devices,EN
DEVICES15,DEVICES15,Health technology (medical device) national policy,EN
DEVICES14,DEVICES14,Use of nomenclature system,EN
DEVICES13,DEVICES13,Type of nomenclature system,EN
DEVICES12,DEVICES12,Total density per million population: Linear Accelerator,EN
DEVICES11,DEVICES11,Total density per million population: Gamma camera or Nuclear medicine,EN
DEVICES10,DEVICES10,Total density per million population: Positron Emission tomography,EN
DEVICES09,DEVICES09,Total density per million population: Computed tomography units,EN
DEVICES08,DEVICES08,Total density per million population: Magnetic Resonance Imaging,EN
DEVICES07,DEVICES07,Types of lists recommending health technology for high burden diseases,EN
DEVICES06,DEVICES06,Availability of national standards or recommended lists of medical devices,EN
DEVICES05,DEVICES05,Total density per 100 000 population: Specialized hospitals,EN
DEVICES04,DEVICES04,Total density per 100 000 population: Provincial hospitals,EN
DEVICES03,DEVICES03,Total density per 100 000 population: District/rural hospitals,EN
DEVICES02,DEVICES02,Total density per 100 000 population: Health centres,EN
DEVICES01,DEVICES01,Total density per 100 000 population: Health posts,EN
DEVICES00,DEVICES00,Total density per 100 000 population: Hospitals,EN
DEATHADO,DEATHADO,Number of deaths among adolescents (10 to 19 years of age),EN
csection5,csection5,Births by caesarean section (in the five years preceding the survey) (%),EN
csection,csection,Births by caesarean section (in the two or three years preceding the survey) (%),EN
cpmt,cpmt,Contraceptive prevalence - modern and traditional methods (%),EN
cpmowho,cpmowho,Contraceptive prevalence - use of modern methods (%),EN
cpmo,cpmo,Contraceptive prevalence - modern methods (%),EN
CM_04,CM_04,Number of deaths among children ages 5 to 9 years,EN
CM_03,CM_03,Number of neonatal deaths,EN
CM_02,CM_02,Number of infant deaths,EN
CM_01,CM_01,Number of under-five deaths,EN
CHOLERA_0000000003,CHOLERA_0000000003,Cholera case fatality rate,EN
CHOLERA_0000000002,CHOLERA_0000000002,Number of reported deaths from cholera,EN
CHOLERA_0000000001,CHOLERA_0000000001,Number of reported cases of cholera,EN
CHILDVIOL,CHILDVIOL,Indicator 16.2.1: Proportion of children aged 1-17 years who experienced any physical punishment and/or psychological aggression by caregivers in the past month,EN
CHILDMORT5TO14,CHILDMORT5TO14,Mortality rate for 5-14 year-olds (probability of dying per 1000 children aged 5-14 years),EN
CHILDMORT10TO19,CHILDMORT10TO19,Adolescent mortality rate (per 1 000 age specific cohort),EN
CHILDMORT_MORTALITY_10TO14,CHILDMORT_MORTALITY_10TO14,Mortality rate among children ages 10 to 14 years (per 1000 children aged 10),EN
CHILDMORT_DEATHS_10TO14,CHILDMORT_DEATHS_10TO14,Number of deaths among children ages 10 to 14 years,EN
CHILDDEATH5TO14,CHILDDEATH5TO14,Number of deaths among children 5 to 14 years of age,EN
CCO_WHS9_85,CCO_WHS9_85,Literacy rate among adults aged >= 15 years (%),EN
CCO_3,CCO_3,Gender inequality index rank,EN
CCO_2,CCO_2,Human development index rank,EN
CCO_1,CCO_1,Poverty headcount ratio at $1.25 a day (PPP) (% of population),EN
cci2030,cci2030,Composite coverage index (%),EN
cci,cci,Composite coverage index (%),EN
CCH_SURVEY_VULNERABILITY_ADAPTATION_ASSESSMENT,CCH_SURVEY_VULNERABILITY_ADAPTATION_ASSESSMENT,Climate change and health vulnerability and adaptation assessment conducted,EN
CCH_SURVEY_SURVEILLANCE_WHICH_METEOROLOGICAL,CCH_SURVEY_SURVEILLANCE_WHICH_METEOROLOGICAL,Existence of a health surveillance system which includes meteorological information,EN
CCH_SURVEY_SURVEILLANCE_SYSTEM_EXISTS,CCH_SURVEY_SURVEILLANCE_SYSTEM_EXISTS,Existence of an health surveillance system,EN
CCH_SURVEY_PLAN_STRATEGY_DEVELOPED,CCH_SURVEY_PLAN_STRATEGY_DEVELOPED,National health and climate change plan or strategy developed,EN
CCH_SURVEY_MULTISTAKEHOLDER_MECHANISM_EXISTS,CCH_SURVEY_MULTISTAKEHOLDER_MECHANISM_EXISTS,Existence of a multi-stakeholder mechanism on health and climate change,EN
CCH_SURVEY_MOH_FOCALPOINT,CCH_SURVEY_MOH_FOCALPOINT,Designation of a focal point responsible for health and climate change within the Ministry of Health,EN
CCH_SURVEY_AGREEMENT_MOH_OTHERSECTORS,CCH_SURVEY_AGREEMENT_MOH_OTHERSECTORS,Agreement in place between the Ministry of Health and other sector(s) in relation to health and climate change policy or programs,EN
CC_8,CC_8,Climate change  attributable DALYs per 100'000 children under 5 years,EN
CC_7,CC_7,Climate change attributable DALYs ('000) in children under 5 years,EN
CC_6,CC_6,Climate change  attributable deaths per 100'000 children under 5 years,EN
CC_5,CC_5,Climate change attributable deaths ('000) in children under 5 years,EN
CC_4,CC_4,Climate change attributable DALYs per 100'000 capita,EN
CC_3,CC_3,Climate change attributable deaths per 100'000 capita,EN
CC_2,CC_2,Climate change attributable DALYs ('000),EN
CC_1,CC_1,Climate change attributable deaths,EN
CATARACTSURGICALEFFECTIVE,CATARACTSURGICALEFFECTIVE,Effective cataract surgical coverage of adults aged 50 and over (%),EN
CATARACTSURGICAL,CATARACTSURGICAL,Cataract surgical coverage of adults aged 50 and over (%),EN
CaseCS,CaseCS,"Congenital syphilis number of cases, reported",EN
carep,carep,Children aged < 5 years with pneumonia symptoms taken to a health facility (%),EN
CARE_SOURCE,CARE_SOURCE,Care-seeking by type of patient and source of care (%),EN
CARE_SEEK,CARE_SEEK,Care-seeking by type of patient and source of care (%) (see CARE_SOURCE),EN
Camp_tv_radio,Camp_tv_radio,Campaign aired on television and/or radio,EN
Camp_news,Camp_news,Earned media/public relations were used to promote the campaign,EN
Camp_nat,Camp_nat,At least one national mass media campaign ran during the survey period,EN
Camp_media_planning,Camp_media_planning,Campaign utilized media planning,EN
Camp_media_monitor,Camp_media_monitor,Process evaluation was employed to assess implementation of the campaign,EN
Camp_mat_tested,Camp_mat_tested,Campaign was pre-tested,EN
Camp_gov_prog,Camp_gov_prog,Campaign was part of a comprehensive tobacco control programme,EN
Camp_eval_impact,Camp_eval_impact,Outcome evaluation was employed to assess effectiveness,EN
Camp_aud_research,Camp_aud_research,Formative research was conducted,EN
Camp_airtime,Camp_airtime,Process evaluation was employed to assess implementation,EN
BP_06,BP_06,Mean systolic blood pressure (age-standardized estimate),EN
BP_05,BP_05,Mean systolic blood pressure (crude estimate),EN
BP_04,BP_04,Raised blood pressure (SBP>=140 OR DBP>=90) (age-standardized estimate),EN
BP_03,BP_03,Raised blood pressure (SBP>=140 OR DBP>=90) (crude estimate),EN
bmi30wm,bmi30wm,"Obesity prevalence in non-pregnant women aged 15-49 years, BMI >= 30 (%)",EN
bfearly,bfearly,Early initiation of breastfeeding (in the two years preceding the survey) (%),EN
bcgv,bcgv,BCG immunization coverage among one-year-olds (%),EN
ASSISTIVETECH_USEPREVALENCE,ASSISTIVETECH_USEPREVALENCE,Prevalence of use of assistive products (%),EN
ASSISTIVETECH_TRAVELDISTANCEAT,ASSISTIVETECH_TRAVELDISTANCEAT,Travel distance to obtain assistive products (%),EN
ASSISTIVETECH_TOTALNEED,ASSISTIVETECH_TOTALNEED,Prevalence of need of assistive products (%),EN
ASSISTIVETECH_SOURCESOFAT,ASSISTIVETECH_SOURCESOFAT,Sources of assistive products (%),EN
ASSISTIVETECH_SATISFACTIONSERVICES,ASSISTIVETECH_SATISFACTIONSERVICES,Satisfaction with assistive products and related services (%),EN
ASSISTIVETECH_SATISFACTIONACTIVITIES,ASSISTIVETECH_SATISFACTIONACTIVITIES,Satisfaction with assistive products for different environments and activities (%),EN
ASSISTIVETECH_Q10,ASSISTIVETECH_Q10,Existence of initiatives/collaborations on assistive technology,EN
ASSISTIVETECH_Q09,ASSISTIVETECH_Q09,Existence of regulations/standards/guidelines/protocols on assistive technology,EN
ASSISTIVETECH_Q08,ASSISTIVETECH_Q08,Existence of financial mechanisms for assistive technology,EN
ASSISTIVETECH_Q07,ASSISTIVETECH_Q07,Availability of education/training for assistive technology,EN
ASSISTIVETECH_Q06,ASSISTIVETECH_Q06,Workforce availability for assistive technology,EN
ASSISTIVETECH_Q05,ASSISTIVETECH_Q05,Availability of government/registered services for assistive technology,EN
ASSISTIVETECH_Q04,ASSISTIVETECH_Q04,Existence of responsible ministry/authority on assistive technology,EN
ASSISTIVETECH_Q03,ASSISTIVETECH_Q03,Availability of public funding for assistive technology,EN
ASSISTIVETECH_Q02,ASSISTIVETECH_Q02,Coverage of people in need of assistive technology by legislation,EN
ASSISTIVETECH_Q01,ASSISTIVETECH_Q01,Existence of legislation on access to assistive technology,EN
ASSISTIVETECH_PAYERSAT,ASSISTIVETECH_PAYERSAT,Funding for assistive products (%),EN
ASSISTIVETECH_METNEED,ASSISTIVETECH_METNEED,Prevalence of met need of assistive products (%),EN
ASSISTIVETECH_BARRIERAT,ASSISTIVETECH_BARRIERAT,Barriers to accessing assistive products (%),EN
asfr1,asfr1,Adolescent fertility rate (per 1000 women aged 15-19 years),EN
anc45,anc45,Antenatal care coverage - at least four visits (in the five years preceding the survey) (%),EN
anc4,anc4,Antenatal care coverage - at least four visits (in the two or three years preceding the survey) (%),EN
anc15,anc15,Antenatal care coverage - at least one visit (in the five years preceding the survey) (%),EN
ANC_ATLEAST1VISIT_PERCENT,ANC_ATLEAST1VISIT_PERCENT,Antenatal care coverage - at least one visit (percent),EN
AMRGLASS_SURVL05,AMRGLASS_SURVL05,Total number of surveillance sites reporting to GLASS,EN
AMRGLASS_SURVL04,AMRGLASS_SURVL04,Number of surveillance sites reporting to GLASS: In- and outpatient facilities,EN
AMRGLASS_SURVL03,AMRGLASS_SURVL03,Number of local clinical laboratories in each country performing AST to support national AMR surveillance sites,EN
AMRGLASS_SURVL02,AMRGLASS_SURVL02,Number of National surveillance sites in each country providing data to GLASS: outpatient facility category,EN
AMRGLASS_SURVL01,AMRGLASS_SURVL01,Number of national surveillance sites in each country providing data to GLASS: hospital category,EN
AMRGLASS_QA05,AMRGLASS_QA05,Types of AST standards followed by countries,EN
AMRGLASS_QA04,AMRGLASS_QA04,GLASS pathogens testing covered by EQA,EN
AMRGLASS_QA03,AMRGLASS_QA03,EQA provided to local laboratories participating in GLASS,EN
AMRGLASS_QA02,AMRGLASS_QA02,EQA provided for bacterial identification and AST,EN
AMRGLASS_QA01,AMRGLASS_QA01,EQA provided to the national reference laboratory (NRL),EN
AMRGLASS_COORD04,AMRGLASS_COORD04,Establishment of national reference laboratory (NRL),EN
AMRGLASS_COORD03,AMRGLASS_COORD03,Nomination of National Focal Point (NFP),EN
AMRGLASS_COORD02,AMRGLASS_COORD02,Establishment of National Coordination Centre (NCC),EN
AMRGLASS_COORD01,AMRGLASS_COORD01,Functioning national AMR surveillance plan,EN
AMR_INFECT_MRSA,AMR_INFECT_MRSA,Proportion of bloodstream infection due to methicillin-resistant Staphylococcus aureus (MRSA) (%),EN
AMR_INFECT_ECOLI,AMR_INFECT_ECOLI,Proportion of bloodstream infection due to Escherichia coli resistant to third-generation cephalosporins (%),EN
AMR_GI_003,AMR_GI_003,Status of National plans to implement and strengthen antimicrobial surveillance,EN
AMR_GI_002,AMR_GI_002,Status of National coordination center establishment,EN
AMR_GI_001,AMR_GI_001,Status of countries enrolled in GLASS,EN
AIR_90,AIR_90,"Ambient air pollution attributable DALYs  (per 100 000 population, age-standardized)",EN
AIR_9,AIR_9,Ambient air pollution attributable DALYs  (per 100 000 population),EN
AIR_8,AIR_8,Ambient air pollution attributable DALYs  in children under 5 years,EN
AIR_75,AIR_75,Household air pollution attributable DALYs in children under 15 years,EN
AIR_74,AIR_74,Household air pollution attributable deaths in children under 15 years,EN
AIR_73,AIR_73,Ambient air pollution attributable YLL in children under 15 years,EN
AIR_72,AIR_72,Ambient air pollution attributable deaths in children under 15 years,EN
AIR_71,AIR_71,Ambient air pollution attributable DALYs in children under 15 years,EN
AIR_7,AIR_7,Ambient air pollution attributable DALYs,EN
AIR_63,AIR_63,Household and ambient air pollution attributable DALYs in children under 5 years ('000),EN
AIR_62,AIR_62,"Household and ambient air pollution attributable DALYs (per 100 000 capita, age-standardized)",EN
AIR_61,AIR_61,Household and ambient air pollution attributable DALYs (per 100 000 capita),EN
AIR_60,AIR_60,Household and ambient air pollution attributable DALYs,EN
AIR_6,AIR_6,Ambient air pollution  attributable deaths per 100'000 children under 5 years,EN
AIR_52,AIR_52,"Household air pollution attributable death rate (per 100 000 population, age-standardized)",EN
AIR_51,AIR_51,Household air pollution attributable death rate (per 100 000 population),EN
AIR_50,AIR_50,"Ambient air pollution attributable deaths (per 100 000 population, age-standardized)",EN
AIR_5,AIR_5,Ambient air pollution attributable death rate (per 100 000 population),EN
AIR_46,AIR_46,YLLs attributable to ambient air pollution (age-standardized),EN
AIR_45,AIR_45,Ambient air pollution attributable YLLs,EN
AIR_44,AIR_44,DALYs attributable to ambient air pollution (age-standardized),EN
AIR_43,AIR_43,Ambient air pollution attributable DALYs,EN
AIR_42,AIR_42,"Ambient air pollution attributable death rate (per 100 000 population, age-standardized)",EN
AIR_41,AIR_41,Ambient air pollution attributable deaths,EN
AIR_4,AIR_4,Ambient air pollution attributable deaths in children under 5 years,EN
AIR_39,AIR_39,"Household air pollution attributable DALYs (per 100 000, age-standardized)",EN
AIR_36,AIR_36,Joint effects of air pollution attributable deaths in children under 5 years,EN
AIR_35,AIR_35,Joint effects of air pollution attributable deaths,EN
AIR_3_1,AIR_3_1,Percent of urban inhabitants living in cities covered by PM measurements,EN
AIR_3,AIR_3,Percentage of the total population living in cities > 100'000 inhabitants,EN
AIR_18,AIR_18,Household air pollution  attributable DALYs per 100'000 children under 5 years,EN
AIR_17,AIR_17,Household air pollution attributable DALYs (per 100 000 population),EN
AIR_16,AIR_16,Household air pollution attributable DALYs in children under 5 years,EN
AIR_15,AIR_15,Household air pollution attributable DALYs,EN
AIR_14,AIR_14,Household air pollution  attributable deaths per 100'000 children under 5 years,EN
AIR_13,AIR_13,Household air pollution attributable deaths per 100'000 capita,EN
AIR_12,AIR_12,Household air pollution attributable deaths in children under 5 years,EN
AIR_11,AIR_11,Household air pollution attributable deaths,EN
AIR_10,AIR_10,Ambient air pollution  attributable DALYs per 100'000 children under 5 years,EN
Adult_svy_yr,Adult_svy_yr,Year of most recent survey of adults,EN
Adult_svy_national,Adult_svy_national,Representativeness of most recent survey of adults,EN
Adult_svy_age_range,Adult_svy_age_range,Age range of most recent survey of adults,EN
Adult_survey_title,Adult_survey_title,Title of most recent survey of adults,EN
Adult_nonsmoked_svy_yr,Adult_nonsmoked_svy_yr,Year of latest adult prevalence survey (nonsmoked),EN
Adult_nonsmoked_svy_title,Adult_nonsmoked_svy_title,Name of latest adult prevalence survey (nonsmoked),EN
Adult_nonsmoked_national,Adult_nonsmoked_national,Representation of latest adult prevalence survey (nonsmoked),EN
Adult_nonsmoked_age_grp,Adult_nonsmoked_age_grp,Age range of latest adult prevalence survey (nonsmoked),EN
Adult_daily_tob_use,Adult_daily_tob_use,Prevalence of daily tobacco use among adults (%),EN
Adult_daily_tob_smoking,Adult_daily_tob_smoking,Prevalence of daily tobacco smoking among adults (%),EN
Adult_daily_smokeless,Adult_daily_smokeless,Prevalence of daily smokeless tobacco use among adults (%),EN
Adult_daily_e-cig,Adult_daily_e-cig,Prevalence of daily e-cigarette use among adults (%),EN
Adult_daily_cig_smoking,Adult_daily_cig_smoking,Prevalence of daily cigarette smoking among adults (%),EN
Adult_curr_tob_use,Adult_curr_tob_use,Prevalence of current tobacco use among adults (%),EN
Adult_curr_tob_smoking,Adult_curr_tob_smoking,Prevalence of current tobacco smoking among adults (%),EN
Adult_curr_smokeless,Adult_curr_smokeless,Prevalence of current smokeless tobacco use among adults (%),EN
Adult_curr_e-cig,Adult_curr_e-cig,Prevalence of current e-cigarette use among adults (%),EN
Adult_curr_cig_smoking,Adult_curr_cig_smoking,Prevalence of current cigarette smoking among adults (%),EN
